1,美国,9.4,辛德勒的名单
2,中国大陆,9.3,茶馆
3,美国,9.2,乱世佳人
4,中国大陆,9.2,鬼子来了
5,苏联,9.2,战争与和平3：1812年
6,中国大陆,9.1,活着
7,日本,9.1,人间的条件(第五、六部)
8,苏联,9.1,战争与和平2：娜塔莎·罗斯托娃
9,苏联,9.1,战争与和平4：皮埃尔·别祖霍夫
10,法国,9.0,钢琴家
11,意大利,9.0,末代皇帝
12,原西德,9.0,从海底出击
13,美国,9.0,纽伦堡的审判
14,苏联,9.0,战争与和平
15,台湾,9.0,无言的山丘
16,日本,9.0,三国志：长江的燃烧
17,苏联,9.0,战争与和平1：安德烈·博尔孔斯基
18,美国,8.9,拯救大兵瑞恩
19,英国,8.9,卢旺达饭店
20,美国,8.9,影子武士
21,苏联,8.9,镜子
22,苏联,8.9,安德烈·卢布廖夫
23,希腊,8.9,哭泣的草原
24,中国大陆,8.9,秦时明月之一舞倾城
25,日本,8.9,三国志：辽阔的大地
26,美国,8.8,勇敢的心
27,台湾,8.8,赛德克·巴莱(上)：太阳旗
28,美国,8.8,刺杀肯尼迪
29,英国,8.8,亨利五世
30,阿根廷,8.8,旅行
31,意大利,8.8,木屐树
32,日本,8.8,人间的条件(第一、二部)
33,意大利,8.8,佩拉斯卡
34,法国,8.8,悲惨世界
35,美国,8.7,血战钢锯岭
36,台湾,8.7,赛德克·巴莱
37,台湾,8.7,赛德克·巴莱(下)：彩虹桥
38,英国,8.7,理查二世
39,俄罗斯,8.7,烈日灼人
40,意大利,8.7,豹
41,加拿大,8.7,铁达尼号沉没记
42,法国,8.7,圣女贞德蒙难记
43,意大利,8.7,一九零零
44,希腊,8.7,流浪艺人
45,USA,8.7,女权天使
46,日本,8.7,人间的条件(第三、四部)
47,英国,8.7,黑爵士之圣诞颂歌
48,英国,8.6,至暗时刻
49,美国,8.6,隐藏人物
50,德国,8.6,帝国的毁灭
51,中国大陆,8.6,蓝风筝
52,英国,8.6,甘地传
53,美国,8.6,宾虚
54,印度,8.6,芭萨提的颜色
55,美国,8.6,西线无战事
56,德国,8.6,北壁
57,苏联,8.6,这里的黎明静悄悄
58,英国,8.6,亨利四世：第一部分
59,日本,8.6,望乡
60,英国,8.6,亨利四世：第二部分
61,美国,8.6,党同伐异
62,中国大陆,8.6,我这一辈子
63,德国,8.6,另一个故乡
64,波兰,8.6,下水道
65,苏联,8.6,被遗忘的祖先的阴影
66,香港,8.6,岁月河山之我家的女人
67,美国,8.6,耶稣传
68,美国,8.6,风的传人
69,美国,8.5,黑鹰坠落
70,奥地利,8.5,茜茜公主
71,丹麦,8.5,地雷区
72,前苏联,8.5,战舰波将金号
73,中国大陆,8.5,高山下的花环
74,意大利,8.5,阿尔及尔之战
75,法国,8.5,圣诞快乐
76,中国大陆,8.5,横空出世
77,美国,8.5,龙种
78,德国,8.5,阳光情人
79,台湾,8.5,稻草人
80,法国,8.5,马太福音
81,德国,8.5,通往自由的通道
75,法国,8.5,圣诞快乐
76,中国大陆,8.5,横空出世
77,美国,8.5,龙种
78,德国,8.5,阳光情人
79,台湾,8.5,稻草人
80,法国,8.5,马太福音
81,德国,8.5,通往自由的通道
82,英国,8.5,理查三世
83,意大利,8.5,滑铁卢战役
84,加拿大,8.5,平安夜
85,巴西,8.5,记得童年那首歌
86,苏联,8.5,西伯利亚之歌
87,英国,8.4,敦刻尔克
88,英国,8.4,角斗士
89,中国大陆,8.4,大红灯笼高高挂
90,美国,8.4,兵临城下
91,奥地利,8.4,茜茜公主2
92,美国,8.4,奔腾年代
93,奥地利,8.4,茜茜公主3
94,美国,8.4,最长的一天
95,美国,8.4,大逃亡
96,意大利,8.4,茜茜公主
97,智利,8.4,那年阳光灿烂
98,意大利,8.4,路德维希
99,中国大陆,8.4,东方红
100,罗马尼亚,8.4,黄金时代的故事
101,法国,8.4,拿破仑
102,日本,8.4,赤穗城断绝
103,英国,8.4,悲惨世界
104,美国,8.4,万世巨星
105,英国,8.3,国王的演讲
106,美国,8.3,天国王朝
107,韩国,8.3,思悼
108,美国,8.3,平常的心
109,西德,8.3,铁皮鼓
110,英国,8.3,骄傲
111,法国,8.3,弗兰兹
112,英国,8.3,桂河大桥
113,波兰,8.3,沃伦
114,巴西,8.3,尼斯·疯狂的心
115,英国,8.3,杀戮战场
116,台湾,8.3,异域
117,美国,8.3,瑞典女王
118,英国,8.3,冰海沉船
119,阿尔及利亚,8.3,焦点新闻
120,美国,8.3,盖茨堡之役
121,苏联,8.3,伊凡雷帝2
122,美国,8.3,双城记
123,法国,8.3,舞厅
124,法国,8.3,基督山伯爵　上集
125,美国,8.2,逃离德黑兰
126,中国大陆,8.2,红高粱
127,美国,8.2,恐袭波士顿
128,美国,8.2,华盛顿邮报
129,中国大陆,8.2,站台
130,波兰,8.2,卡廷惨案
131,美国,8.2,大而不倒
132,挪威,8.2,白色严冬
133,中国大陆,8.2,捍卫者
134,美国,8.2,勇者无惧
135,西德,8.2,阿基尔，上帝的愤怒
136,法国,8.2,天与地
137,英国,8.2,杀戮禁区
138,英国,8.2,生命的重托
139,英国,8.2,亨利六世：第二部分
140,日本,8.2,侍
141,美国,8.2,阴谋
142,日本,8.2,日本最长的一天
143,苏联,8.2,残酷的浪漫史
144,中国大陆,8.2,孔雀公主
145,日本,8.2,忠臣藏
146,日本,8.1,花魁
147,美国,8.1,成事在人
148,法国,8.1,罗丹的情人
149,美国,8.1,象人
150,西班牙,8.1,城市广场
151,英国,8.1,妇女参政论者
152,日本,8.1,小小的家
153,法国,8.1,阿黛尔·雨果的故事
154,美国,8.1,虎！虎！虎！
155,法国,8.1,斯大林之死
156,英国,8.1,生命中不能承受之情
157,美国,8.1,十诫
158,英国,8.1,奇异的恩典
151,英国,8.1,妇女参政论者
152,日本,8.1,小小的家
153,法国,8.1,阿黛尔·雨果的故事
154,美国,8.1,虎！虎！虎！
155,法国,8.1,斯大林之死
156,英国,8.1,生命中不能承受之情
157,美国,8.1,十诫
158,英国,8.1,奇异的恩典
159,韩国,8.1,雪路
160,美国,8.1,遥远的桥
161,英国,8.1,汉密尔顿夫人
162,美国,8.1,激情年代
163,美国,8.1,山丘之王
164,英国,8.1,冬狮
165,法国,8.1,凡尔赛宫：国王的梦想
166,法国,8.1,一袋弹子
167,法国,8.1,新悲惨世界
168,日本,8.1,人斩
169,法国,8.1,四月某时
170,苏联,8.1,十月
171,德国,8.1,土地与自由
172,美国,8.1,安妮少女日记
173,美国,8.1,魂归伤膝谷
174,中国大陆,8.1,关连长
175,波兰,8.1,火与剑
176,日本,8.1,元禄忠臣藏 前篇
177,日本,8.1,啊！野麦岭
178,中国大陆,8.0,金陵十三钗
179,韩国,8.0,暗杀
180,美国,8.0,间谍之桥
181,美国,8.0,硫磺岛的来信
182,意大利,8.0,巴黎圣母院
183,美国,8.0,对话尼克松
184,中国大陆,8.0,我的1919
185,美国,8.0,蓝调传奇
186,爱尔兰,8.0,风吹麦浪
187,美国,8.0,一代骄马
188,美国,8.0,光荣战役
189,美国,8.0,一个国家的诞生
190,美国,8.0,真假公主
191,德国,8.0,希望与反抗
192,美国,8.0,黑潮
193,中国大陆,8.0,秦时明月特别篇之帝子降兮
194,爱尔兰,8.0,血腥星期天
195,苏联,8.0,伊凡雷帝
196,法国,8.0,肝脏大夫
197,美国,8.0,烽火赤焰万里情
198,英国,8.0,庞贝古城：最后的一天
199,捷克斯洛伐克,8.0,乱世英豪
200,法国,8.0,东方西方
201,意大利,8.0,圣弗朗西斯之花
202,英国,8.0,暴风前夕
203,南斯拉夫,8.0,天堂窃情
204,匈牙利,8.0,光荣之子
205,法国,8.0,我们的音乐
206,中国大陆,7.9,集结号
207,美国,7.9,为奴十二年
208,美国,7.9,阿波罗13号
209,英国,7.9,末代独裁
210,美国,7.9,底特律
211,美国,7.9,晚安，好运
212,爱沙尼亚,7.9,一九四四
213,美国,7.9,斯巴达克斯
214,美国,7.9,总统班底
215,美国,7.9,机智问答
216,美国,7.9,惊爆十三天
217,西班牙,7.9,雨水危机
218,英国,7.9,印度之行
219,美国,7.9,选票风波
220,加拿大,7.9,冰上奇迹
221,美国,7.9,众神与将军
222,法国,7.9,疯狂的贵族
223,美国,7.9,叛舰喋血记
224,美国,7.9,太空先锋
225,美国,7.9,冷血
226,日本,7.9,樱之森之满开之下
227,英国,7.9,亨利六世：第一部分
228,日本,7.9,联合赤军实录：通向浅间山庄之路
229,澳大利亚,7.9,漫漫回家路
230,瑞士,7.9,出租男孩
231,法国,7.9,欧洲欧洲
232,塞尔维亚,7.9,梦的味道
233,澳大利亚,7.9,天堂之路
234,美国,7.9,比利小子
235,美国,7.9,对我说
228,日本,7.9,联合赤军实录：通向浅间山庄之路
229,澳大利亚,7.9,漫漫回家路
230,瑞士,7.9,出租男孩
231,法国,7.9,欧洲欧洲
232,塞尔维亚,7.9,梦的味道
233,澳大利亚,7.9,天堂之路
234,美国,7.9,比利小子
235,美国,7.9,对我说
236,中国大陆,7.9,桃花扇
237,日本,7.9,利休
238,印度,7.9,抗暴英雄
239,法国,7.9,黑色维纳斯
240,西德,7.9,我不是坏女孩
241,西德,7.9,安娜·玛格达丽娜·巴赫的编年史
242,法国,7.9,拿破仑在奥斯特里兹
243,法国,7.9,最后的尼安德特人
244,中国大陆,7.8,芳华
245,美国,7.8,珍珠港
246,美国,7.8,最后的武士
247,中国大陆,7.8,大明劫
248,日本,7.8,浪客剑心 真人版
249,法国,7.8,玛戈王后
250,美国,7.8,慕尼黑
251,法国,7.8,93航班
252,英国,7.8,倾国之恋
253,韩国,7.8,南汉山城
254,英国,7.8,烈火战车
255,美国,7.8,金衣女人
256,法国,7.8,大鼻子情圣
257,美国,7.8,规则改变
258,中国大陆,7.8,大决战之辽沈战役
259,俄罗斯,7.8,天际行者
260,印度,7.8,阿克巴大帝
261,德国,7.8,巴德尔和迈因霍夫集团
262,英国,7.8,教会
263,英国,7.8,维特根斯坦
264,德国,7.8,再见巴法纳
265,俄罗斯,7.8,星星
266,英国,7.8,击沉俾斯麦号！
267,英国,7.8,日月精忠
268,法国,7.8,丹东
269,中国大陆,7.8,杨门女将之情定穆柯寨
270,法国,7.8,王者之舞
271,日本,7.8,二百三高地
272,中国大陆,7.8,杨门女将之战地情缘
273,俄罗斯,7.8,太阳
274,意大利,7.8,大鸟和小鸟
275,台湾,7.8,阿爸
276,香港,7.7,十月围城
277,中国大陆,7.7,归来
278,美国,7.7,斯巴达300勇士
279,中国大陆,7.7,红河谷
280,美国,7.7,林肯
281,韩国,7.7,军舰岛
282,英国,7.7,埃及艳后
283,中国大陆,7.7,宋家皇朝
284,英国,7.7,王尔德
285,中国大陆,7.7,荆轲刺秦王
286,英国,7.7,伊丽莎白
287,美国,7.7,风中奇缘
288,韩国,7.7,马粥街残酷史
289,德国,7.7,尊严殖民地
290,印度,7.7,阿育王
291,美国,7.7,铁面无私
292,英国,7.7,K-19：寡妇制造者
293,挪威,7.7,苏菲的世界
294,英国,7.7,再见，克里斯托弗·罗宾
295,德国,7.7,缄默的迷宫
296,法国,7.7,围捕
297,英国,7.7,爱因斯坦与爱丁顿
298,美国,7.7,三百斯巴达勇士
299,印度,7.7,灵魂奔跑者
300,匈牙利,7.7,贺根森林战役
301,英国,7.7,九日女王
302,芬兰,7.7,无名战士
303,香港,7.7,再见中国
304,美国,7.7,大失踪
305,波兰,7.7,残影余像
306,美国,7.7,出埃及记
307,英国,7.7,铁面人
308,日本,7.7,忠臣藏1/47
309,阿根廷,7.7,官方说法
310,中国大陆,7.7,杨门女将之辕门斩子
311,波兰,7.7,铁人
312,美国,7.7,凯撒大帝
305,波兰,7.7,残影余像
306,美国,7.7,出埃及记
307,英国,7.7,铁面人
308,日本,7.7,忠臣藏1/47
309,阿根廷,7.7,官方说法
310,中国大陆,7.7,杨门女将之辕门斩子
311,波兰,7.7,铁人
312,美国,7.7,凯撒大帝
313,英国,7.7,疯狂的乔治王
314,英国,7.7,亨利五世
315,法国,7.7,英国贵妇与法国公爵
316,荷兰,7.7,战火葬童年
317,意大利,7.7,七美人
318,英国,7.6,铁娘子：坚固柔情
319,美国,7.6,猎杀本·拉登
320,美国,7.6,父辈的旗帜
321,美国,7.6,沉默
322,俄罗斯,7.6,兵临城下之决战要塞
323,日本,7.6,大奥
324,俄罗斯,7.6,俄罗斯方舟
325,捷克,7.6,类人猿行动
326,中国大陆,7.6,甲午风云
327,西班牙,7.6,切·格瓦拉传：游击队
328,俄罗斯,7.6,无畏上将高尔察克
329,中国大陆,7.6,大决战之淮海战役
330,西班牙,7.6,疯女胡安娜
331,奥地利,7.6,埃贡·席勒：死神和少女
332,美国,7.6,不惧风暴
333,德国,7.6,神医
334,美国,7.6,欲盖弥彰
335,中国大陆,7.6,八旗子弟
336,意大利,7.6,圣诗复仇
337,意大利,7.6,奴隶船
338,捷克,7.6,利迪策大屠杀
339,意大利,7.6,海紫
340,美国,7.6,刺杀尼克松
341,英国,7.6,喀土穆
342,法国,7.6,亲密的敌人
343,法国,7.6,武士兰士诺
344,美国,7.6,暴君焚城录
345,英国,7.6,莎士比亚外传
346,奥地利,7.6,一个女王的少女时代
347,荷兰,7.6,里普哈根
348,意大利,7.6,铁蹄下的村庄
349,美国,7.6,诺曼底大风暴
350,美国,7.6,伊阿宋和金羊毛
351,英国,7.6,上帝的使者
352,日本,7.6,沉默
353,中国大陆,7.6,那年那兔那些事 江阴海战
354,法国,7.6,维奥莱特·诺齐埃尔
355,中国大陆,7.6,杨门女将之大破天门阵
356,芬兰,7.6,苏芬战争
357,马其顿,7.6,一球定江山
358,日本,7.6,军阀
359,德国,7.6,罗马大帝
360,意大利,7.6,青春韶华
361,德国,7.6,我们年轻，我们强大
362,日本,7.6,卑弥呼
363,中国大陆,7.6,杨门女将之女儿当自强
364,中国大陆,7.5,唐山大地震
365,香港,7.5,叶问
366,美国,7.5,风语者
367,美国,7.5,神枪手之死
368,美国,7.5,我们曾是战士
369,法国,7.5,切·格瓦拉传：阿根廷
370,英国,7.5,浪荡子
371,台湾,7.5,好男好女
372,英国,7.5,孤星泪
373,中国大陆,7.5,黄克功案件
374,美国,7.5,关键判决
375,英国,7.5,哈迪塞镇之战
376,荷兰,7.5,爱森斯坦在瓜纳华托
377,日本,7.5,宫本武藏
378,日本,7.5,宫本武藏 完结篇 决斗岩流岛
379,加拿大,7.5,93号航班
380,意大利,7.5,巴阿里亚
381,丹麦,7.5,弗莱蒙与希特伦
382,法国,7.5,无辜者
383,荷兰,7.5,战时冬天
384,俄罗斯,7.5,彼得堡异人写真
385,中国大陆,7.5,孔夫子
386,台湾,7.5,八百壮士
387,中国大陆,7.5,台湾往事
388,加拿大,7.5,圣女贞德
389,罗马尼亚,7.5,神秘的黄玫瑰
382,法国,7.5,无辜者
383,荷兰,7.5,战时冬天
384,俄罗斯,7.5,彼得堡异人写真
385,中国大陆,7.5,孔夫子
386,台湾,7.5,八百壮士
387,中国大陆,7.5,台湾往事
388,加拿大,7.5,圣女贞德
389,罗马尼亚,7.5,神秘的黄玫瑰
390,日本,7.5,克娄巴特拉计划
391,加拿大,7.5,纽伦堡审判
392,丹麦,7.5,圣殿骑士之路尽头的国度
393,泰国,7.5,暹罗王后
394,英国,7.5,祖鲁战争
395,澳大利亚,7.5,加里波利
396,英国,7.5,亨利五世
397,中国大陆,7.5,悲情布鲁克
398,中国大陆,7.5,杨门女将之再战金沙滩
399,美国,7.5,约克军曹
400,中国大陆,7.5,杨门女将之昊天塔
401,中国大陆,7.4,一九四二
402,中国大陆,7.4,南京！南京！
403,美国,7.4,公众之敌
404,美国,7.4,纽约黑帮
405,法国,7.4,圣女贞德
406,美国,7.4,亚历山大大帝
407,美国,7.4,地心营救
408,美国,7.4,鹅毛笔
409,美国,7.4,大创业家
410,香港,7.4,黑太阳731
411,中国大陆,7.4,垂帘听政
412,芬兰,7.4,第九突击队
413,美国,7.4,坚强的心
414,澳大利亚,7.4,奇袭60阵地
415,柬埔寨,7.4,他们先杀了我父亲：一个柬埔寨女儿的回忆录
416,中国大陆,7.4,西洋镜
417,美国,7.4,中途岛之战
418,美国,7.4,希特勒：恶魔的崛起
419,中国大陆,7.4,大决战之平津战役
420,德国,7.4,女教皇
421,智利,7.4,智利说不
422,日本,7.4,联合舰队司令长官：山本五十六
423,日本,7.4,宫本武藏续 一乘寺之决斗
424,美国,7.4,鲍比
425,香港,7.4,瀛台泣血
426,中国大陆,7.4,野火春风斗古城
427,法国,7.4,会说话的照片
428,美国,7.4,墓碑镇
429,荷兰,7.4,海军上将
430,台湾,7.4,一八九五
431,意大利,7.4,战国妖姬
432,加拿大,7.4,理工学院
433,法国,7.4,莫里哀情史
434,英国,7.4,爱德华二世
435,美国,7.4,帝国时代
436,台湾,7.4,天下第一
437,美国,7.4,战地钟声
438,波兰,7.4,罗丝的遭遇
439,德国,7.4,裸露在狼群
440,美国,7.4,拿破仑情史
441,美国,7.4,乱世情缘
442,美国,7.4,入侵阿富汗
443,中国大陆,7.4,杨门女将之皇城惊变
444,印度,7.4,印巴冤狱
445,美国,7.3,十二宫
446,中国大陆,7.3,东京审判
447,台湾,7.3,军中乐园
448,英国,7.3,年轻的维多利亚
449,日本,7.3,御法度
450,英国,7.3,伊丽莎白2：黄金时代
451,韩国,7.3,德惠翁主
452,香港,7.3,火烧圆明园
453,美国,7.3,空战英豪
454,中国大陆,7.3,喋血孤城
455,韩国,7.3,双面君王
456,中国大陆,7.3,林则徐
457,美国,7.3,艳娃传
458,德国,7.3,柏林的女人
459,西班牙,7.3,佣兵传奇
460,中国大陆,7.3,最后的贵族
461,智利,7.3,追捕聂鲁达
462,挪威,7.3,国王的选择
463,英国,7.3,否认
464,意大利,7.3,征服
465,日本,7.3,地狱门
466,法国,7.3,哥伦布传
459,西班牙,7.3,佣兵传奇
460,中国大陆,7.3,最后的贵族
461,智利,7.3,追捕聂鲁达
462,挪威,7.3,国王的选择
463,英国,7.3,否认
464,意大利,7.3,征服
465,日本,7.3,地狱门
466,法国,7.3,哥伦布传
467,英国,7.3,不列颠之战
468,法国,7.3,O侯爵夫人
469,意大利,7.3,卡萨诺瓦
470,美国,7.3,烽火怪杰
471,美国,7.3,萨凡纳
472,希腊,7.3,1936年的岁月
473,美国,7.3,放荡的女皇
474,日本,7.3,竹取物语
475,苏联,7.3,亚历山大·涅夫斯基
476,英国,7.3,丑闻
477,中国大陆,7.3,杨门女将之四郎探母
478,美国,7.3,魔僧
479,中国大陆,7.2,叶问2：宗师传奇
480,澳大利亚,7.2,澳洲乱世情
481,英国,7.2,我与梦露的一周
482,法国,7.2,拉贝日记
483,韩国,7.2,观相
484,英国,7.2,麦克白
485,韩国,7.2,大虎
486,英国,7.2,塞尔玛
487,中国大陆,7.2,鸦片战争
488,中国大陆,7.2,南京大屠杀
489,荷兰,7.2,夜巡
490,德国,7.2,叶卡捷琳娜大帝
491,日本,7.2,天地明察
492,芬兰,7.2,击剑手
493,台湾,7.2,异域之末路英雄
494,苏联,7.2,列宁在一九一八
495,香港,7.2,清宫秘史
496,哈萨克斯坦,7.2,铁血一千勇士
497,美国,7.2,罗马帝国沦亡录
498,美国,7.2,天堂之门
499,中国大陆,7.2,大国手之胜者为王
500,南斯拉夫,7.2,刺杀希特勒计划
501,英国,7.2,高俅斯和鹈鹕公社
502,德国,7.2,无政府主义者的妻子
503,法国,7.2,揭竿而起
504,美国,7.1,胡佛
505,法国,7.1,超级女特工
506,英国,7.1,铁面人
507,美国,7.1,反抗军
508,韩国,7.1,最终兵器：弓
509,韩国,7.1,解语花
510,捷克,7.1,动物园长的夫人
511,日本,7.1,春雪
512,日本,7.1,清须会议
513,德国,7.1,施陶芬贝格
514,中国大陆,7.1,大太监李莲英
515,英国,7.1,孤筏重洋
516,日本,7.1,殿下，给点利息
517,俄罗斯,7.1,潘菲洛夫28勇士
518,印度,7.1,帝国双璧
519,日本,7.1,傀儡之城
520,英国,7.1,世纪审判
521,美国,7.1,总统之路
522,Serbia,7.1,魔幻女儿国
523,中国大陆,7.1,我的法兰西岁月
524,匈牙利,7.1,艾希曼
525,美国,7.1,边城英烈传
526,日本,7.1,北斋漫画
527,中国大陆,7.1,大国手之天下无敌
528,苏联,7.1,列宁在十月
529,中国大陆,7.1,西楚霸王II 楚汉争霸
530,法国,7.1,路易十四的死亡纪事
531,日本,7.1,樱田门外之变
532,英国,7.1,总督之屋
533,日本,7.1,椿三十郎
534,日本,7.1,带子雄狼：地狱之行！大五郎！
535,中国大陆,7.1,大国手之首席棋待诏
536,美国,7.1,重审基督
537,日本,7.1,风林火山
538,英国,7.1,凯萨与克丽奥佩拉
539,苏联,7.1,恰巴耶夫
540,美国,7.1,沙漠之狐
541,中国大陆,7.1,张衡
542,美国,7.0,行动目标希特勒
543,日本,7.0,千年之恋之源氏物语
536,美国,7.1,重审基督
537,日本,7.1,风林火山
538,英国,7.1,凯萨与克丽奥佩拉
539,苏联,7.1,恰巴耶夫
540,美国,7.1,沙漠之狐
541,中国大陆,7.1,张衡
542,美国,7.0,行动目标希特勒
543,日本,7.0,千年之恋之源氏物语
544,香港,7.0,西楚霸王
545,日本,7.0,关原之战
546,中国大陆,7.0,开国大典
547,美国,7.0,实验者
548,英国,7.0,青春誓言
549,英国,7.0,荣耀三九年
550,日本,7.0,火天之城
551,中国大陆,7.0,鲁迅
552,法国,7.0,秩序和道德
553,中国大陆,7.0,画圣
554,美国,7.0,埃及艳后
555,意大利,7.0,费尼兹花园
556,日本,7.0,枭之城
557,中国大陆,6.9,梅兰芳
558,韩国,6.9,霜花店
559,英国,6.9,另一个波琳家的女孩
560,韩国,6.9,王的男人
561,中国大陆,6.9,明月几时有
562,英国,6.9,公爵夫人
563,香港,6.9,黄飞鸿之铁鸡斗蜈蚣
564,法国,6.9,女伯爵
565,丹麦,6.9,皇室风流史
566,香港,6.9,人吓人
567,比利时,6.9,魔法圣婴
568,中国大陆,6.9,凤凰
569,英国,6.9,魔鬼营业员
570,日本,6.9,武士的食谱
571,英国,6.9,英伦战火
572,中国大陆,6.9,西藏天空
573,德国,6.9,柏林孤影
574,韩国,6.9,风斗士
575,意大利,6.9,疯狂之血
576,香港,6.9,黑太阳南京大屠杀
577,中国大陆,6.9,大国手之棋行江湖
578,英国,6.9,革命
579,中国大陆,6.9,生活的颤音
580,苏联,6.9,牛虻
581,英国,6.9,禁宫情妓
582,中国大陆,6.8,黄金大劫案
583,爱尔兰,6.8,亚瑟王
584,香港,6.8,黄飞鸿之西域雄狮
585,韩国,6.8,武士
586,美国,6.8,新世界
587,英国,6.8,塞巴斯蒂安
588,英国,6.8,伯爵夫人
589,中国大陆,6.8,大辫子的诱惑
590,印度,6.8,空中撤离
591,挪威,6.8,马克斯·马努斯
592,美国,6.8,罗宫春色
593,印度 India,6.8,帕德玛瓦蒂王后
594,英国,6.8,我的孩子杰克
595,英国,6.8,吉米的舞厅
596,法国,6.8,罪恶部队
597,美国,6.8,亲爱的埃莉诺
598,俄罗斯,6.8,敢死营
599,香港,6.8,乾隆皇与三姑娘
600,中国大陆,6.8,两宫皇太后
601,法国,6.8,另一个大仲马
602,中国大陆,6.8,大转折——鏖战鲁西南
603,美国,6.7,绝代艳后
604,美国,6.7,安娜与国王
605,美国,6.7,12勇士
606,英国,6.7,风流艳妇
607,中国大陆,6.7,天安门
608,英国,6.7,欲望和智慧
609,加拿大,6.7,帕斯尚尔战役
610,美国,6.7,凯撒大帝
611,日本,6.7,杉原千亩
612,俄罗斯,6.7,1612动乱时代
613,中国大陆,6.7,屠城血证
614,中国大陆,6.7,飞天神鼠
615,俄罗斯,6.7,塔拉斯·布尔巴
616,德国,6.7,桥
617,美国,6.6,第一夫人
618,法国,6.6,狼族盟约
619,中国大陆,6.6,秋之白华
620,法国,6.6,刺杀盖世太保
613,中国大陆,6.7,屠城血证
614,中国大陆,6.7,飞天神鼠
615,俄罗斯,6.7,塔拉斯·布尔巴
616,德国,6.7,桥
617,美国,6.6,第一夫人
618,法国,6.6,狼族盟约
619,中国大陆,6.6,秋之白华
620,法国,6.6,刺杀盖世太保
621,美国,6.6,小布什传
622,斯洛伐克,6.6,吸血女伯爵
623,日本,6.6,日本最长的一天
624,美国,6.6,刺杀林肯
625,美国,6.6,马克·费尔特：扳倒白宫之人
626,中国大陆,6.6,末代皇后
627,美国,6.6,54俱乐部
628,德国,6.6,马贩子科尔哈斯
629,美国,6.6,承诺
630,德国,6.6,亨利四世
631,韩国,6.6,古老的庭院
632,法国,6.6,游牧战神
633,白俄罗斯,6.6,雾林寒战
634,香港,6.6,大地儿女
635,香港,6.6,武则天
636,英国,6.6,铁勒马九壮士
637,中国大陆,6.6,七七事变
638,美国,6.5,黑色大丽花
639,美国,6.5,世贸中心
640,中国大陆,6.5,龙之战
641,美国,6.5,欺诈圣手
642,美国,6.5,猫王与尼克松
643,美国,6.5,好莱坞庄园
644,中国大陆,6.5,国歌
645,澳大利亚,6.5,凯利党
646,韩国,6.5,馨荣堂日记
647,意大利,6.5,吾血之血
648,爱尔兰,6.5,秘密手稿
649,美国,6.5,失落的战场
650,香港,6.5,一乐也
651,西班牙,6.5,巨人
652,中国大陆,6.5,大国手之才子佳人
653,中国大陆,6.4,赤壁(下)
654,中国大陆,6.4,紫蝴蝶
655,韩国,6.4,逆鳞
656,美国,6.4,红色机尾
657,法国,6.4,青年马克思
658,美国,6.4,天皇
659,韩国,6.4,桃李花歌
660,香港,6.4,告别紫禁城
661,美国,6.4,北京55日
662,中国大陆,6.4,西安事变
663,日本,6.4,被称作海贼的男人
664,中国大陆,6.4,吉鸿昌
665,中国大陆,6.3,赤壁(上)
666,中国大陆,6.3,白鹿原
667,中国大陆,6.3,鸿门宴传奇
668,中国大陆,6.3,叶问3
669,中国大陆,6.3,白银帝国
670,意大利,6.3,罗马帝国艳情史
671,英国,6.3,百夫长
672,中国大陆,6.3,太行山上
673,英国,6.3,维多利亚与阿卜杜勒
674,韩国,6.3,代立军
675,蒙古国,6.3,阿尔巴特
676,美国,6.3,赤胆豪情
677,中国大陆,6.3,冯梦龙传奇
678,荷兰,6.3,新地岛
679,中国大陆,6.3,女子别动队
680,美国,6.3,纪念日
681,中国大陆,6.2,辛亥革命
682,英国,6.2,黑死病
683,英国,6.2,六天
684,日本,6.2,蜜之哀伤
685,俄罗斯,6.2,第一小队
686,意大利,6.2,我与拿破仑
687,韩国,6.2,京城往事
688,UK,6.2,成吉思汗
689,中国大陆,6.1,建国大业
690,美国,6.1,300勇士：帝国崛起
691,中国大陆,6.1,荡寇风云
692,法国,6.1,再见，我的王后
693,日本,6.1,不可饶恕
694,香港,6.1,杨贵妃
695,韩国,6.1,古山子：大东舆地图
696,西班牙,6.1,格尔尼卡
690,美国,6.1,300勇士：帝国崛起
691,中国大陆,6.1,荡寇风云
692,法国,6.1,再见，我的王后
693,日本,6.1,不可饶恕
694,香港,6.1,杨贵妃
695,韩国,6.1,古山子：大东舆地图
696,西班牙,6.1,格尔尼卡
697,韩国,6.0,黄真伊
698,法国,6.0,童女贞德
699,加拿大,6.0,前进巴格达
700,中国大陆,6.0,建军大业
701,中国大陆,5.9,赵氏孤儿
702,美国,5.9,沙漠女王
703,韩国,5.9,我是王
704,俄罗斯,5.8,维京：王者之战
705,德国,5.8,隆美尔
706,中国大陆,5.8,惊沙
707,波兰,5.8,血战西盘岛
708,香港,5.8,冒牌皇帝
709,韩国,5.7,方子传
710,美国,5.7,宾虚
711,韩国,5.7,传说中的故乡
712,土耳其,5.7,征服1453
713,韩国,5.7,纯真时代
714,法国,5.7,蒙庞西耶王妃
715,中国大陆,5.6,雪花秘扇
716,德国,5.6,查理曼大帝密码
717,韩国,5.6,宫合
718,中国大陆,5.6,不朽
719,中国大陆,5.6,金珠玛米
720,俄罗斯,5.6,怒战狂心
721,美国,5.6,沙漠中的最后时日
722,美国,5.5,盟军夺宝队
723,韩国,5.5,后宫：帝王之妾
724,印度,5.5,谍战马德拉斯
725,美国,5.4,刺客信条
726,中国大陆,5.4,勇士
727,韩国,5.4,最后的慰安妇
728,美国,5.4,15点17分，启程巴黎
729,中国大陆,5.3,建党伟业
730,中国大陆,5.3,王的盛宴
731,中国大陆,5.3,大汉风之鸿门宴
732,中国大陆,5.2,三国之见龙卸甲
733,中国大陆,5.2,大唐玄奘
734,中国大陆,5.2,一八九四·甲午大海战
735,中国大陆,5.2,定军山
736,中国大陆,5.1,止杀令
737,日本,5.1,西游记
738,中国大陆,5.1,黎明之眼
739,英国,5.1,惊魂太空舱
740,美国,5.1,狼人：身边野兽
741,中国大陆,5.0,麦田
742,中国大陆,5.0,周恩来的四个昼夜
743,中国大陆,4.9,关云长
744,中国大陆,4.9,我的战争
745,中国大陆,4.8,百团大战
746,中国大陆,4.7,苏乞儿
747,中国大陆,4.7,血战湘江
748,中国大陆,4.7,轩辕大帝
749,中国大陆,4.7,第一大总统
750,中国大陆,4.6,忠诚与背叛
751,中国大陆,4.4,刘老庄八十二壮士
752,韩国,4.2,青春学堂
753,中国大陆,4.2,香港大营救
754,美国,4.1,蝎子王4：争权夺利
755,中国大陆,4.0,毛泽东的故事
756,中国大陆,3.9,湘江北去
757,中国大陆,3.9,正骨
758,中国大陆,3.3,咆哮无声
759,中国大陆,3.2,开罗宣言
760,中国大陆,3.2,智取威虎山
761,中国大陆,2.9,遵义会议
762,中国大陆,2.9,古田会议
763,美国,2.8,敦刻尔克行动
764,中国大陆,2.8,党的女儿尹灵芝
765,中国大陆,2.7,大会师
766,中国大陆,2.6,渡江！渡江！
767,中国大陆,2.4,南泥湾
768,中国大陆,2.4,走过雪山草地
769,中国大陆,2.2,戚继光英雄传
