1,美国,9.6,控方证人
2,美国,9.4,十二怒汉
3,美国,9.4,控方证人
4,美国,9.3,盗梦空间
5,香港,9.1,无间道
6,德国,9.1,窃听风暴
7,英国,9.1,帷幕：波洛的最后一案
8,美国,9.0,搏击俱乐部
9,日本,9.0,古畑任三郎完结篇 重生之死
10,日本,8.9,红辣椒
11,美国,8.9,惊魂记
12,英国,8.9,追随
13,日本,8.9,心理游戏
14,匈牙利,8.9,撒旦探戈
15,西班牙,8.8,看不见的客人
16,美国,8.8,致命魔术
17,美国,8.8,第六感
18,美国,8.8,刺杀肯尼迪
19,英国,8.8,神探夏洛克：最后的誓言
20,韩国,8.8,燃烧
21,美国,8.7,七宗罪
22,美国,8.7,蝴蝶效应
23,美国,8.7,禁闭岛
24,美国,8.7,消失的爱人
25,美国,8.7,哈利·波特与死亡圣器(下)
26,韩国,8.7,恐怖直播
27,韩国,8.7,杀人回忆
28,美国,8.7,电锯惊魂
29,美国,8.7,谍影重重3
30,日本,8.7,罗生门
31,美国,8.7,绿里奇迹
32,美国,8.7,洛城机密
33,法国,8.7,蓝白红三部曲之红
34,苏联,8.7,潜行者
35,德国,8.7,卡里加里博士的小屋
36,日本,8.7,古畑任三郎 VS SMAP
37,匈牙利,8.7,鲸鱼马戏团
38,法国,8.7,丁丁历险记之太阳神的囚徒
39,德国,8.7,玩家马布斯博士
40,英国,8.7,伯特伦旅馆之谜
41,美国,8.6,致命ID
42,中国大陆,8.6,心迷宫
43,美国,8.6,谍影重重2
44,德国,8.6,非常嫌疑犯
45,美国,8.6,大卫·戈尔的一生
46,美国,8.6,电话谋杀案
47,加拿大,8.6,焦土之城
48,英国,8.6,死亡之夜
49,美国,8.6,十字街头
50,英国,8.6,巴斯克维尔的猎犬
51,美国,8.5,记忆碎片
52,美国,8.5,谍影重重
53,英国,8.5,月球
54,法国,8.5,登堂入室
55,美国,8.5,后窗
56,美国,8.5,公民凯恩
57,日本,8.5,金色梦乡
58,美国,8.5,迷魂记
59,美国,8.5,杀死一只知更鸟
60,俄罗斯,8.5,12怒汉：大审判
61,英国,8.5,放大
62,法国,8.5,恶魔
63,美国,8.5,热泪伤痕
64,英国,8.5,啤酒谋杀案
65,法国,8.5,审判
66,西德,8.5,世界旦夕之间
67,英国,8.5,谋杀启事
68,加拿大,8.5,一级谋杀
69,英国,8.5,赫尔克里的丰功伟绩
70,美国,8.4,彗星来的那一夜
71,美国,8.4,换子疑云
72,美国,8.4,一级恐惧
73,丹麦,8.4,狗镇
74,美国,8.4,王牌对王牌
75,法国,8.4,蓝白红三部曲之白
76,英国,8.4,尼罗河上的惨案
77,法国,8.4,独行杀手
78,苏联,8.4,飞向太空
79,中国大陆,8.4,405谋杀案
80,意大利,8.4,奇遇
81,英国,8.4,足迹
82,墨西哥,8.4,泯灭天使
83,日本,8.4,饥饿海峡
84,英国,8.4,埃奇威尔爵士之死
85,德国,8.4,马布斯博士的遗嘱
86,英国,8.4,遗产
87,法国,8.4,无人生还
88,英国,8.4,救命！
89,美国,8.3,源代码
90,英国,8.3,恐怖游轮
91,法国,8.3,穆赫兰道
92,日本,8.3,嫌疑人X的献身
93,中国大陆,8.3,暴裂无声
94,英国,8.3,罪恶之家
95,意大利,8.3,最佳出价
96,美国,8.3,黑洞频率
97,阿根廷,8.3,谜一样的双眼
98,德国,8.3,异次元骇客
99,香港,8.3,暗花
100,英国,8.3,东方快车谋杀案
101,美国,8.3,唐人街
102,印度,8.3,误杀瞒天记
103,英国,8.3,尼罗河上的惨案
104,西班牙,8.3,极地恋人
105,法国,8.3,乡村牧师日记
106,意大利,8.3,有你我不怕
107,法国,8.3,蛇
108,英国,8.3,命案目睹记
109,日本,8.3,梦幻银河
110,泰国,8.2,天才枪手
111,英国,8.2,赎罪
112,韩国,8.2,老男孩
113,美国,8.2,守望者
114,美国,8.2,魔鬼代言人
115,美国,8.2,西北偏北
116,美国,8.2,蝴蝶梦
117,西班牙,8.2,不良教育
118,美国,8.2,爱德华大夫
119,英国,8.2,阳光下的罪恶
120,法国,8.2,非常公寓
121,加拿大,8.2,红色小提琴
122,法国,8.2,爱你长久
123,英国,8.2,第三人
124,法国,8.2,去年在马里昂巴德
125,美国,8.2,怪宴
126,美国,8.2,半梦半醒的人生
127,美国,8.2,闪电奇迹
128,英国,8.2,不道德的审判
129,美国,8.2,桃色血案
130,英国,8.2,阳光下的罪恶
131,美国,8.2,勇者无惧
132,加拿大,8.2,黑巷少女
133,台湾,8.2,迎春阁之风波
134,意大利,8.2,猎艳狂魔
135,卢森堡,8.2,奇特的故事
136,日本,8.2,再见箱舟
137,英国,8.2,等爱的女孩
138,英国,8.2,葬礼之后
139,英国,8.2,悬崖山庄奇案
140,英国,8.2,古宅迷踪
141,UK,8.2,高尔夫球场的疑云
142,英国,8.2,牙医之死
143,英国,8.2,藏书室女尸之谜
144,美国,8.1,孤儿怨
145,美国,8.1,十二猴子
146,英国,8.1,赛末点
147,美国,8.1,电锯惊魂2
148,哥伦比亚,8.1,黑暗面
149,台湾,8.1,目击者之追凶
150,法国,8.1,漫长的婚约
151,日本,8.1,如月疑云
152,西班牙,8.1,回归
153,美国,8.1,群鸟
154,德国,8.1,白丝带
155,美国,8.1,人猿星球
156,美国,8.1,巴顿·芬克
157,日本,8.1,杀妻总动员
158,日本,8.1,鲁邦三世：卡里奥斯特罗城
159,西班牙,8.1,睁开你的双眼
160,美国,8.1,亚特兰蒂斯之心
146,英国,8.1,赛末点
147,美国,8.1,电锯惊魂2
148,哥伦比亚,8.1,黑暗面
149,台湾,8.1,目击者之追凶
150,法国,8.1,漫长的婚约
151,日本,8.1,如月疑云
152,西班牙,8.1,回归
153,美国,8.1,群鸟
154,德国,8.1,白丝带
155,美国,8.1,人猿星球
156,美国,8.1,巴顿·芬克
157,日本,8.1,杀妻总动员
158,日本,8.1,鲁邦三世：卡里奥斯特罗城
159,西班牙,8.1,睁开你的双眼
160,美国,8.1,亚特兰蒂斯之心
161,意大利,8.1,隐秘
162,美国,8.1,窃听大阴谋
163,日本,8.1,砂之器
164,伊朗,8.1,关于伊丽
165,日本,8.1,死亡笔记特别篇2：L的继承者
166,英国,8.1,ABC谋杀案
167,法国,8.1,乌鸦
168,美国,8.1,不夜城
169,英国,8.1,旧罪的阴影
170,美国,8.1,小熊维尼之长鼻怪大冒险
171,英国,8.1,毫无线索
172,波兰,8.1,夜车
173,UK,8.1,波洛圣诞探案记
174,美国,8.1,珍妮的画像
175,日本,8.1,鬼畜
176,德国,8.0,云图
177,美国,8.0,龙纹身的女孩
178,英国,8.0,闪灵
179,美国,8.0,我，机器人
180,美国,8.0,小岛惊魂
181,德国,8.0,我是谁：没有绝对安全的系统
182,美国,8.0,囚徒
183,印度,8.0,未知死亡
184,美国,8.0,亡命天涯
185,英国,8.0,不朽的园丁
186,美国,8.0,罗斯玛丽的婴儿
187,法国,8.0,妖夜慌踪
188,法国,8.0,暗夜恐惧
189,美国,8.0,夺魂索
190,俄罗斯,8.0,无声言证
191,英国,8.0,贵妇失踪记
192,美国,8.0,上海小姐
193,中国大陆,8.0,侠僧探案传奇之大夜叉
194,日本,8.0,天使之卵
195,美国,8.0,曼哈顿谋杀疑案
196,美国,8.0,本能反应
197,英国,8.0,堕落的偶像
198,英国,8.0,三幕悲剧
199,美国,8.0,烈血大风暴
200,英国,8.0,无言的证人
201,英国,8.0,无妄之灾
202,英国,8.0,复仇女神
203,中国大陆,7.9,烈日灼心
204,加拿大,7.9,心慌方
205,韩国,7.9,小姐
206,英国,7.9,东方快车谋杀案
207,英国,7.9,匿名者
208,美国,7.9,谜中谜
209,美国,7.9,好人寥寥
210,法国,7.9,怪房客
211,法国,7.9,儿子的房间
212,意大利,7.9,玫瑰之名
213,日本,7.9,X圣治
214,苏联,7.9,十个小黑人
215,美国,7.9,决斗
216,捷克,7.9,野花
217,美国,7.9,兰闺艳血
218,英国,7.9,H庄园的一次午餐
219,西班牙,7.9,牛的见证
220,英国,7.9,斯泰尔斯庄园奇案
221,英国,7.9,巧克力盒谜案
222,美国,7.9,第二生命
223,英国,7.9,黄色蝴蝶花
224,英国,7.9,“大都市”酒店珠宝失窃案
225,美国,7.8,万能钥匙
226,西班牙,7.8,潘神的迷宫
227,美国,7.8,狙击电话亭
228,美国,7.8,电锯惊魂3
229,西班牙,7.8,活埋
230,美国,7.8,第六感生死缘
231,美国,7.8,战略特勤组
232,美国,7.8,神秘河
233,澳大利亚,7.8,移魂都市
234,法国,7.8,八美图
235,美国,7.8,怪形
236,美国,7.8,失踪宝贝
237,英国,7.8,高斯福庄园
238,美国,7.8,破碎之花
239,英国,7.8,三十九级台阶
240,英国,7.8,在屋顶上流浪
241,中国大陆,7.8,冰山上的来客
242,美国,7.8,似是故人来
243,香港,7.8,岁月风云之上海皇帝
244,德国,7.8,百万美元酒店
245,日本,7.8,圈套剧场版2
246,美国,7.8,无人生还
247,法国,7.8,杀人的夏天
248,加拿大,7.8,野蛮入侵
249,美国,7.8,艾斯卡达的三次葬礼
250,意大利,7.8,夜深血红
251,美国,7.8,卡夫卡
252,美国,7.8,罗拉秘史
253,香港,7.8,保镖
254,美国,7.8,坏种
255,美国,7.8,欲海情魔
256,挪威,7.8,超完美地狱
257,美国,7.8,死亡计中计
258,美国,7.8,禁忌星球
259,英国,7.8,云中命案
260,英国,7.8,死亡约会
261,英国,7.8,蜂窝谜案
262,中国大陆,7.7,罗曼蒂克消亡史
263,美国,7.7,时间旅行者的妻子
264,澳大利亚,7.7,前目的地
265,美国,7.7,本能
266,日本,7.7,死亡笔记
267,美国,7.7,生死狙击
268,美国,7.7,少数派报告
269,日本,7.7,死亡笔记：最后的名字
270,英国,7.7,大开眼戒
271,日本,7.7,怒
272,英国,7.7,福尔摩斯先生
273,英国,7.7,猎凶风河谷
274,伊朗,7.7,推销员
275,日本,7.7,愚行录
276,日本,7.7,咒怨 录像带版
277,法国,7.7,隐藏摄像机
278,日本,7.7,乌鸦的拇指
279,美国,7.7,决战以拉谷
280,美国,7.7,2010
281,英国,7.7,无夜不漫长
282,香港,7.7,上海皇帝之雄霸天下
283,法国,7.7,双峰镇：与火同行
284,法国,7.7,阿尔法城
285,美国,7.7,凶线
286,西班牙,7.7,红松鼠杀人事件
287,中国大陆,7.7,灵魂摆渡之风华绝代
288,美国,7.7,炎热的夜晚
289,日本,7.7,染血将军的凯旋
290,以色列,7.7,水中漫步
291,英国,7.7,怪钟疑案
292,新西兰,7.7,在我父亲的洞穴里
293,西班牙,7.7,乱世安娜
294,意大利,7.7,定理
295,英国,7.7,三十九级台阶
296,加拿大,7.7,人口贩卖
297,美国,7.7,恐怖走廊
298,美国,7.7,勾魂游戏
299,日本,7.7,犬神家族
300,美国,7.7,布利特
301,英国,7.7,外国学生宿舍谋杀案
302,中国大陆,7.7,无限斗界之暗夜双龙
303,美国,7.7,大失踪
304,英国,7.7,鸽群中的猫
305,阿根廷,7.7,职场无间道
306,英国,7.7,空幻之屋
307,美国,7.7,别有洞天
308,美国,7.7,视差
309,意大利,7.7,呼啸山庄
310,英国,7.7,失踪的遗嘱
311,美国,7.7,赌场
312,美国,7.7,双峰镇：遗失的碎片
298,美国,7.7,勾魂游戏
299,日本,7.7,犬神家族
300,美国,7.7,布利特
301,英国,7.7,外国学生宿舍谋杀案
302,中国大陆,7.7,无限斗界之暗夜双龙
303,美国,7.7,大失踪
304,英国,7.7,鸽群中的猫
305,阿根廷,7.7,职场无间道
306,英国,7.7,空幻之屋
307,美国,7.7,别有洞天
308,美国,7.7,视差
309,意大利,7.7,呼啸山庄
310,英国,7.7,失踪的遗嘱
311,美国,7.7,赌场
312,美国,7.7,双峰镇：遗失的碎片
313,英国,7.7,白衣女人
314,中国大陆,7.6,催眠大师
315,中国大陆,7.6,全民目击
316,美国,7.6,逃出绝命镇
317,中国大陆,7.6,杀生
318,美国,7.6,国家宝藏
319,美国,7.6,招魂
320,美国,7.6,丁丁历险记
321,美国,7.6,断头谷
322,美国,7.6,魔术师
323,美国,7.6,招魂2
324,美国,7.6,心理游戏
325,美国,7.6,电锯惊魂4
326,美国,7.6,电锯惊魂5
327,美国,7.6,电锯惊魂6
328,泰国,7.6,鬼影
329,中国,7.6,寻枪
330,挪威,7.6,猎头游戏
331,日本,7.6,爱的成人式
332,加拿大,7.6,11:14
333,美国,7.6,特别响，非常近
334,美国,7.6,布鲁克斯先生
335,美国,7.6,虐童疑云
336,英国,7.6,凯文怎么了
337,美国,7.6,无懈可击
338,香港,7.6,野兽刑警
339,美国,7.6,没有青春的青春
340,美国,7.6,剃刀边缘
341,美国,7.6,战栗黑洞
342,日本,7.6,金田一少年事件簿之上海人鱼传说
343,美国,7.6,星际旅行6：未来之城
344,德国,7.6,玉蝎子的魔咒
345,中国,7.6,火线追凶之黑枪疑云
346,英国,7.6,异教徒
347,美国,7.6,泰特罗
348,美国,7.6,委托人
349,英国,7.6,福尔摩斯秘史
350,英国,7.6,古墓之谜
351,法国,7.6,沙之下
352,中国大陆,7.6,戴手铐的旅客
353,匈牙利,7.6,田园风光
354,英国,7.6,将军之夜
355,美国,7.6,惊魂记2
356,英国,7.6,克拉珀姆厨师奇遇记
357,中国大陆,7.6,羊城暗哨
358,比利时,7.6,纯真
359,英国,7.6,清洁女工之死
360,美国,7.6,绣巾蒙面盗
361,日本,7.6,恶魔拍球之歌
362,美国,7.6,蝙蝠侠大战幻影人
363,美国,7.6,是谁让我脑死了
364,美国,7.6,豪门孽债
365,英国,7.6,遗产风波
366,美国,7.6,柳巷芳草
367,日本,7.6,流浪者之歌
368,美国,7.6,三面夏娃
369,英国,7.6,死人之镜
370,意大利,7.6,北斗七星
371,中国大陆,7.5,唐人街探案
372,美国,7.5,惊天魔盗团
373,美国,7.5,大侦探福尔摩斯
374,香港,7.5,窃听风云2
375,加拿大,7.5,寂静岭
376,美国,7.5,大侦探福尔摩斯2：诡影游戏
377,英国,7.5,机械姬
378,美国,7.5,死寂
379,英国,7.5,空中营救
380,西班牙,7.5,机械师
381,英国,7.5,黑暗侵袭
382,美国,7.5,八面埋伏
383,美国,7.5,电锯惊魂7
384,美国,7.5,生死停留
385,法国,7.5,影子写手
386,美国,7.5,斯托克
387,日本,7.5,白雪公主杀人事件
388,瑞典,7.5,龙纹身的女孩
389,韩国,7.5,假面
390,美国,7.5,处女之死
391,英国,7.5,东方的承诺
392,美国,7.5,谜情公寓
393,美国,7.5,足迹
394,法国,7.5,新女友
395,泰国,7.5,致命切割
396,韩国,7.5,优雅的谎言
397,美国,7.5,星际旅行1：无限太空
398,美国,7.5,马耳他之鹰
399,西班牙,7.5,死亡论文
400,美国,7.5,辣手摧花
401,法国,7.5,内陆帝国
402,美国,7.5,生死豪情
403,日本,7.5,诱拐
404,英国,7.5,垃圾男孩
405,台湾,7.5,爱情灵药
406,日本,7.5,圈套剧场版3：灵异者大混战
407,中国大陆,7.5,黄克功案件
408,法国,7.5,卢浮宫迷情
409,美国,7.5,无可救药爱上你
410,英国,7.5,万圣节前夜的谋杀案
411,中国大陆,7.5,侠僧探案传奇之催命符
412,印度,7.5,丑恶
413,美国,7.5,灵魂狂欢节
414,英国,7.5,蓝色特快上的秘密
415,法国,7.5,来自伦敦的男人
416,美国,7.5,三号嫌疑犯
417,英国,7.5,花园疑案
418,英国,7.5,罗德兹三角
419,英国,7.5,马斯顿庄园的悲剧
420,英国,7.5,双重罪恶
421,美国,7.5,再续前世情
422,英国,7.5,蒙面女人
423,英国,7.5,第三层套间中的疑案
424,英国,7.5,低价租房奇遇记
425,意大利,7.5,月吟
426,美国,7.4,林中小屋
427,香港,7.4,踏血寻梅
428,日本,7.4,午夜凶铃
429,美国,7.4,夜行动物
430,美国,7.4,机器人9号
431,法国,7.4,原罪
432,香港,7.4,双瞳
433,西班牙,7.4,孤堡惊情
434,美国,7.4,克洛伊
435,美国,7.4,香草的天空
436,韩国,7.4,盲证
437,韩国,7.4,嫌疑人X的献身
438,泰国,7.4,死神的十字路口
439,美国,7.4,蓝丝绒
440,美国,7.4,失眠症
441,日本,7.4,盛夏的方程式
442,韩国,7.4,红字
443,韩国,7.4,孩子们
444,法国,7.4,暗流
445,日本,7.4,二重身
446,美国,7.4,鬼打墙
447,美国,7.4,抚养亚利桑纳
448,西班牙,7.4,胡丽叶塔
449,法国,7.4,泳池情杀案
450,奥地利,7.4,趣味游戏
451,法国,7.4,真实
452,美国,7.4,深闺疑云
453,香港,7.4,蝶变
454,澳大利亚,7.4,悬崖上的野餐
455,加拿大,7.4,录影带谋杀案
456,英国,7.4,凶兆
457,美国,7.4,夜长梦多
458,美国,7.4,异世浮生
459,韩国,7.4,爱的肢解
460,英国,7.4,梅格雷的十字路口之夜
461,美国,7.4,变蝇人
462,日本,7.4,北方的金丝雀
463,澳大利亚,7.4,美丽的凯特
464,印度,7.4,罪恶
450,奥地利,7.4,趣味游戏
451,法国,7.4,真实
452,美国,7.4,深闺疑云
453,香港,7.4,蝶变
454,澳大利亚,7.4,悬崖上的野餐
455,加拿大,7.4,录影带谋杀案
456,英国,7.4,凶兆
457,美国,7.4,夜长梦多
458,美国,7.4,异世浮生
459,韩国,7.4,爱的肢解
460,英国,7.4,梅格雷的十字路口之夜
461,美国,7.4,变蝇人
462,日本,7.4,北方的金丝雀
463,澳大利亚,7.4,美丽的凯特
464,印度,7.4,罪恶
465,美国,7.4,妙探寻凶
466,日本,7.4,双生儿
467,美国,7.4,回火
468,中国大陆,7.4,非常夏日
469,美国,7.4,落在香杉树的雪花
470,法国,7.4,勾魂慑魄
471,美国,7.4,漫长的告别
472,英国,7.4,底牌
473,英国,7.4,罗杰疑案
474,比利时,7.4,角色
475,葡萄牙,7.4,秘境里斯本
476,英国,7.4,伊普克雷斯档案
477,英国,7.4,埃及古墓历险记
478,西德,7.4,美国朋友
479,英国,7.4,海上谜案
480,英国,7.4,矿藏之谜
481,美国,7.4,说谎游戏
482,日本,7.4,D坂杀人事件
483,英国,7.4,百万美元证券失窃案
484,英国,7.4,红宝石之玉失窃案
485,中国大陆,7.3,搜索
486,中国大陆,7.3,扫毒
487,美国,7.3,谍影重重5
488,美国,7.3,十二宫
489,美国,7.3,永无止境
490,日本,7.3,咒怨
491,美国,7.3,捉迷藏
492,美国,7.3,神秘拼图
493,德国,7.3,深空失忆
494,美国,7.3,破绽
495,美国,7.3,粉红豹
496,美国,7.3,豺狼计划
497,西班牙,7.3,当你熟睡
498,美国,7.3,八毫米
499,法国,7.3,迷幻公园
500,香港,7.3,三更
501,韩国,7.3,杀人者的记忆法
502,美国,7.3,灵幻夹克
503,日本,7.3,22年后的自白：我是杀人犯
504,德国,7.3,再生门
505,韩国,7.3,生死谍变
506,加拿大,7.3,盲流感
507,西班牙,7.3,沼泽地
508,法国,7.3,圣歌
509,美国,7.3,自己的葬礼
510,美国,7.3,活死人之夜
511,美国,7.3,艳贼
512,英国,7.3,梅格雷的亡者
513,USA,7.3,时间裂缝
514,日本,7.3,八墓村
515,澳大利亚,7.3,心智相投
516,美国,7.3,邮差总按两次铃
517,美国,7.3,悍将奇兵
518,不丹,7.3,嘿玛 嘿玛
519,挪威,7.3,极度失眠
520,德国,7.3,去里斯本的夜车
521,中国大陆,7.3,侠僧探案传奇之洛阳花会
522,日本,7.3,八墓村
523,英国,7.3,陌生男子
524,中国大陆,7.3,侠僧探案传奇之开封府
525,美国,7.3,血色玫瑰
526,加拿大,7.3,蜘蛛梦魇
527,印度,7.3,追踪再现
528,美国,7.3,无罪的罪人
529,法国,7.3,窃欲无罪
530,日本,7.3,霧之旗
531,美国,7.3,绿色食品
532,英国,7.3,第三个女郎
533,加拿大,7.3,燃情追踪
534,英国,7.3,幽巷谋杀案
535,美国,7.3,灵异出窍
536,英国,7.3,首相绑架案
537,英国,7.3,不可思议的窃贼
538,英国,7.3,魔童村
539,英国,7.3,绘图师的合约
540,英国,7.3,二十四只黑画眉
541,美国,7.3,兔子
542,英国,7.3,普利茅斯快车上的谋杀案
543,英国,7.3,四大魔头
544,英国,7.3,漫长美好的星期五
545,中国大陆,7.2,记忆大师
546,中国大陆,7.2,白日焰火
547,美国,7.2,达·芬奇密码
548,美国,7.2,特工绍特
549,美国,7.2,忌日快乐
550,美国,7.2,天使与魔鬼
551,美国,7.2,分裂
552,美国,7.2,通灵男孩诺曼
553,中国大陆,7.2,灵魂摆渡·黄泉
554,英国,7.2,独家新闻
555,法国,7.2,第九道门
556,美国,7.2,记忆裂痕
557,美国,7.2,来自地狱
558,美国,7.2,神探飞机头
559,美国,7.2,玩命记忆
560,西班牙,7.2,时空罪恶
561,美国,7.2,蒸发密令
562,美国,7.2,夺命手术
563,日本,7.2,预告犯
564,美国,7.2,高度怀疑
565,法国,7.2,死路
566,美国,7.2,将军的女儿
567,日本,7.2,神秘马戏团
568,美国,7.2,黑暗扫描仪
569,韩国,7.2,不当交易
570,中国大陆,7.2,陆小凤传奇之剑神一笑
571,新西兰,7.2,足不出户
572,西班牙,7.2,鬼童院
573,韩国,7.2,死不张扬离奇失魂事件
574,韩国,7.2,彷徨之刃
575,台湾,7.2,阿婴
576,韩国,7.2,记忆之夜
577,美国,7.2,双重危机
578,美国,7.2,怪尸案
579,英国,7.2,红色之路
580,美国,7.2,末世纪暴潮
581,荷兰,7.2,夜巡
582,法国,7.2,人啊人
583,日本,7.2,牛头
584,中国大陆,7.2,侠僧探案传奇之醉玲珑
585,美国,7.2,血溅十三号警署
586,美国,7.2,紧急搜捕令
587,英国,7.2,命案目睹记
588,美国,7.2,死亡女孩
589,英国,7.2,总统之死
590,葡萄牙,7.2,后备箱
591,美国,7.2,海外特派员
592,日本,7.2,脑髓地狱
593,日本,7.2,鲨皮男与蜜桃女
594,加拿大,7.2,系统震撼
595,加拿大,7.2,冰蓝布鲁斯
596,美国,7.2,迫切的任务
597,英国,7.2,阴谋破坏
598,英国,7.2,梅花K之迷
599,英国,7.2,穿梭阴阳恋
600,中国大陆,7.1,盲探
601,美国,7.1,国家宝藏：夺宝秘笈
602,韩国,7.1,哭声
603,香港,7.1,大追捕
604,韩国,7.1,蔷花，红莲
605,韩国,7.1,杀人漫画
606,美国,7.1,鹰眼
607,美国,7.1,极寒之城
608,美国,7.1,怪兽屋
609,美国,7.1,空中危机
610,日本,7.1,第三度嫌疑人
611,美国,7.1,小贼、美女和妙探
612,美国,7.1,游戏之夜
613,韩国,7.1,奥罗拉公主
614,法国,7.1,转轮手枪
615,美国,7.1,四兄弟
616,韩国,7.1,中毒
617,美国,7.1,迈克尔·克莱顿
602,韩国,7.1,哭声
603,香港,7.1,大追捕
604,韩国,7.1,蔷花，红莲
605,韩国,7.1,杀人漫画
606,美国,7.1,鹰眼
607,美国,7.1,极寒之城
608,美国,7.1,怪兽屋
609,美国,7.1,空中危机
610,日本,7.1,第三度嫌疑人
611,美国,7.1,小贼、美女和妙探
612,美国,7.1,游戏之夜
613,韩国,7.1,奥罗拉公主
614,法国,7.1,转轮手枪
615,美国,7.1,四兄弟
616,韩国,7.1,中毒
617,美国,7.1,迈克尔·克莱顿
618,中国大陆,7.1,黑楼孤魂
619,英国,7.1,雾气蒙蒙
620,美国,7.1,旧日噩梦
621,韩国,7.1,一天
622,英国,7.1,梅格雷的陷阱
623,美国,7.1,捉贼记
624,美国,7.1,塘鹅暗杀令
625,法国,7.1,不可告人
626,美国,7.1,500年后
627,印度,7.1,天作凶杀案
628,美国,7.1,房客
629,中国大陆,7.1,侠僧探案传奇之聚义钱庄
630,加拿大,7.1,大象之歌
631,美国,7.1,阿特拉斯耸耸肩
632,意大利,7.1,魔鬼雷普利
633,英国,7.1,威尼斯疑魂
634,日本,7.1,中学生圆山
635,印度 India,7.1,觅迹寻踪
636,香港,7.1,惊心动魄
637,中国大陆,7.1,侠僧探案传奇之将军府
638,美国,7.1,粉红色杀人夜
639,西班牙,7.1,谁能杀死孩子？
640,日本,7.1,巴提斯塔团队的荣光
641,美国,7.1,姐妹情仇
642,中国大陆,7.1,人约黄昏
643,美国,7.1,黑色电影
644,美国,7.1,谍海军魂
645,美国,7.1,甜美爱丽丝
646,加拿大,7.1,死亡真相
647,美国,7.1,消失的西德尼·豪尔
648,日本,7.1,世纪末暑假
649,法国,7.1,旅鼠
650,法国,7.1,黑衣新娘
651,英国,7.1,康沃尔谜案
652,法国,7.1,情杀案中案
653,法国,7.1,亡情朱古力
654,美国,7.1,神秘的女蝙蝠侠
655,中国大陆,7.1,砚床
656,中国大陆,7.0,妖猫传
657,美国,7.0,东方快车谋杀案
658,中国大陆,7.0,暴雪将至
659,捷克,7.0,范海辛
660,中国大陆,7.0,双食记
661,中国大陆,7.0,惊天大逆转
662,美国,7.0,不明身份
663,美国,7.0,秘窗
664,美国,7.0,惊声尖叫
665,日本,7.0,脑男
666,台湾,7.0,沉睡的青春
667,美国,7.0,金钱世界
668,台湾,7.0,诡丝
669,美国,7.0,机动杀人
670,美国,7.0,神探飞机头2
671,美国,7.0,德州电锯杀人狂
672,美国,7.0,玩尽杀绝
673,比利时,7.0,阁楼
674,美国,7.0,深海圆疑
675,中国大陆,7.0,罪途1之死亡列车
676,韩国,7.0,韩塞尔与葛雷特
677,韩国,7.0,苔藓
678,美国,7.0,星际旅行7：斗转星移
679,日本,7.0,昭和64年 前篇
680,美国,7.0,特工狂花
681,美国,7.0,追凶
682,日本,7.0,六月之蛇
683,韩国,7.0,刑事
684,中国大陆,7.0,侠僧探案传奇之王陵之谜
685,中国大陆,7.0,侠僧探案传奇之大兴赌坊
686,英国,7.0,岁月无情
687,美国,7.0,天使之心
688,日本,7.0,团地
689,英国,7.0,擒凶记
690,美国,7.0,午夜善恶花园
691,香港,7.0,爱杀
692,美国,7.0,正当防卫
693,英国,7.0,血色侦程：1983
694,英国,7.0,破镜谋杀案
695,美国,7.0,影与雾
696,韩国,7.0,血之泪
697,中国大陆,6.9,唐人街探案2
698,英国,6.9,神探夏洛克：可恶的新娘
699,美国,6.9,遗落战境
700,英国,6.9,终极面试
701,韩国,6.9,白夜行
702,英国,6.9,魔法奇幻秀
703,中国大陆,6.9,提着心吊着胆
704,加拿大,6.9,宿敌
705,美国,6.9,鬼镜
706,美国,6.9,粉红豹2
707,美国,6.9,国家要案
708,泰国,6.9,吓死鬼
709,美国,6.9,救命解药
710,韩国,6.9,悲梦
711,美国,6.9,地狱医院
712,美国,6.9,神秘村
713,韩国,6.9,火车
714,美国,6.9,蛇眼
715,加拿大,6.9,X档案：征服未来
716,美国,6.9,红灯
717,英国,6.9,你从未在此
718,香港,6.9,导火新闻线
719,美国,6.9,皮毛
720,美国,6.9,基地疑云
721,英国,6.9,超时空来电
722,美国,6.9,一级重罪
723,美国,6.9,存身
724,荷兰,6.9,神秘失踪
725,法国,6.9,美国制造
726,新西兰,6.9,寂静的地球
727,英国,6.9,沉静的美国人
728,中国大陆,6.9,侠僧探案传奇之白马镖局
729,日本,6.9,继续 电影版：美丽梦想者
730,韩国,6.9,回归
731,美国,6.9,连锁阴谋
732,英国,6.9,第十三个故事
733,美国,6.9,盖棺了结
734,澳大利亚,6.9,最后大浪
735,美国,6.9,寡居的一年
736,意大利,6.9,地狱
737,香港,6.9,9413
738,美国,6.9,消失的地平线
739,美国,6.9,终极速度
740,美国,6.9,红白蓝
741,美国,6.9,蛇蝎情人
742,日本,6.9,江户川乱步全集 恐怖奇形人间
743,中国大陆,6.8,听风者
744,中国大陆,6.8,你好，疯子！
745,日本,6.8,白夜行
746,美国,6.8,电锯惊魂8：竖锯
747,美国,6.8,科洛弗道10号
748,日本,6.8,鬼来电
749,泰国,6.8,13骇人游戏
750,美国,6.8,完美逃亡
751,日本,6.8,切肤之爱
752,中国大陆,6.8,守望者：罪恶迷途
753,美国,6.8,身后事
754,美国,6.8,鬼娃回魂
755,美国,6.8,老师不是人
756,英国,6.8,觉醒
757,日本,6.8,鬼水怪谈
758,日本,6.8,20世纪少年
759,日本,6.8,金田一少年事件簿：吸血鬼传说杀人事件
760,日本,6.8,她不知道名字的那些鸟儿
761,英国,6.8,穿越西伯利亚
762,台湾,6.8,命运化妆师
763,美国,6.8,小镇怪客托马斯
764,美国,6.8,满洲候选人
765,韩国,6.8,迷失：消失的女人
766,美国,6.8,暗夜列车
767,西班牙,6.8,控制的极限
768,美国,6.8,9号谋杀案
769,法国,6.8,夺面解码
754,美国,6.8,鬼娃回魂
755,美国,6.8,老师不是人
756,英国,6.8,觉醒
757,日本,6.8,鬼水怪谈
758,日本,6.8,20世纪少年
759,日本,6.8,金田一少年事件簿：吸血鬼传说杀人事件
760,日本,6.8,她不知道名字的那些鸟儿
761,英国,6.8,穿越西伯利亚
762,台湾,6.8,命运化妆师
763,美国,6.8,小镇怪客托马斯
764,美国,6.8,满洲候选人
765,韩国,6.8,迷失：消失的女人
766,美国,6.8,暗夜列车
767,西班牙,6.8,控制的极限
768,美国,6.8,9号谋杀案
769,法国,6.8,夺面解码
770,中国大陆,6.8,无底洞
771,美国,6.8,杀死信使
772,韩国,6.8,六月日记
773,日本,6.8,摇曳的心
774,日本,6.8,犬神家族
775,法国,6.8,无知无觉
776,加拿大,6.8,路易·德拉克斯的第九条命
777,美国,6.8,香烟烙印
778,英国,6.8,血色侦程：1974
779,日本,6.8,混沌凶机
780,美国,6.8,终极尖兵
781,英国,6.8,时光大盗
782,英国,6.8,战前童年
783,美国,6.8,神魂颠倒
784,美国,6.8,惊狂记
785,韩国,6.8,暴饮暴食
786,韩国,6.8,请在鼓掌的时候离开
787,美国,6.8,人体异形
788,香港,6.8,疯劫
789,英国,6.8,血色侦程：1980
790,香港,6.8,萧十一郎
791,意大利,6.8,神话
792,日本,6.8,雾
793,丹麦,6.8,笼中女人
794,美国,6.8,阶梯下的恶魔
795,美国,6.8,死亡约会
796,意大利,6.8,摧花手
797,美国,6.7,谍影重重4
798,加拿大,6.7,心慌方2：超立方体
799,美国,6.7,人皮客栈
800,韩国,6.7,老师的恩惠
801,美国,6.7,幽灵船
802,西班牙,6.7,深度谜案
803,韩国,6.7,捉迷藏
804,美国,6.7,第39号案件
805,美国,6.7,怪形前传
806,英国,6.7,圣鹿之死
807,美国,6.7,不请自来
808,美国,6.7,第四类接触
809,美国,6.7,暗夜逐仇
810,美国,6.7,不死劫
811,美国,6.7,所有美好的东西
812,英国,6.7,黑洞表面
813,香港,6.7,潘金莲之前世今生
814,美国,6.7,预言
815,日本,6.7,轮回
816,日本,6.7,推理要在晚餐后 电影版
817,瑞典,6.7,玩火的女孩
818,美国,6.7,五月魔女
819,西班牙,6.7,思维空间
820,中国大陆,6.7,罪途2之救赎代价
821,中国大陆,6.7,罪途3之正义规则
822,加拿大,6.7,何处寻真相
823,香港,6.7,惊变
824,加拿大,6.7,折磨
825,美国,6.7,刀走偏锋
826,德国,6.7,蛛丝马迹
827,美国,6.7,蝙蝠侠：煤气灯下的哥谭
828,荷兰,6.7,悍女
829,韩国,6.7,消失的夜晚
830,西班牙,6.7,异魔禁区
831,美国,6.7,九度空间
832,美国,6.7,监视
833,韩国,6.7,鬼镜
834,美国,6.7,凶手就在门外
835,奥地利,6.7,幽暗山谷
836,意大利,6.7,双重时间
837,美国,6.7,血腥拼图
838,韩国,6.7,谋杀快乐
839,美国,6.7,蜻蜓
840,德国,6.7,不准忘了我
841,美国,6.7,少年福尔摩斯
842,印度,6.7,超级大玩家
843,香港,6.7,禁室培欲3：香港情夜
844,美国,6.7,酷猫妙探
845,英国,6.7,约翰尼·韦弗利历险记
846,美国,6.7,圣痕
847,美国,6.7,黎明时分
848,意大利,6.7,黑暗
849,德国,6.7,城堡
850,美国,6.6,致命伴旅
851,香港,6.6,武侠
852,香港,6.6,枪王之王
853,美国,6.6,神秘代码
854,法国,6.6,卢浮魅影
855,中国大陆,6.6,黑处有什么
856,香港,6.6,Office有鬼
857,美国,6.6,乘客
858,美国,6.6,母亲！
859,西班牙,6.6,死亡录像2
860,日本,6.6,东京少年
861,西班牙,6.6,极限空间
862,美国,6.6,翻译风波
863,美国,6.6,完美陌生人
864,澳大利亚,6.6,致命礼物
865,美国,6.6,乌鸦
866,香港,6.6,罪与罚
867,日本,6.6,鬼来电2
868,中国大陆,6.6,人山人海
869,美国,6.6,天空上尉与明日世界
870,法国,6.6,狼族盟约
871,加拿大,6.6,墓地邂逅
872,韩国,6.6,鬼铃
873,日本,6.6,赌博默示录2
874,美国,6.6,爱情避风港
875,加拿大,6.6,附身
876,美国,6.6,神探南茜
877,印度,6.6,脑残粉
878,英国,6.6,神秘群岛
879,美国,6.6,惊魂眼
880,日本,6.6,丰臣公主
881,韩国,6.6,客人
882,美国,6.6,桃色追捕令
883,日本,6.6,鬼女魔咒
884,美国,6.6,如何抢银行
885,美国,6.6,重生
886,美国,6.6,危机四伏
887,美国,6.6,夜色
888,香港,6.6,我老婆不是人
889,美国,6.6,刚果惊魂
890,英国,6.6,洞
891,美国,6.6,阁楼之花
892,美国,6.6,德国好人
893,美国,6.6,骗局
894,中国,6.6,神秘的大佛
895,美国,6.6,寻宝假期
896,日本,6.6,大约三十个谎言
897,中国大陆,6.6,幸存日
898,英国,6.6,性昏迷
899,日本,6.6,后妻业之女
900,美国,6.6,自由国度
901,英国,6.6,老木逢春
902,韩国,6.6,黑水仙
903,英国,6.6,杀人如麻
904,英国,6.6,大天使
905,美国,6.5,惊天魔盗团2
906,中国大陆,6.5,狄仁杰之神都龙王
907,美国,6.5,黑色大丽花
908,美国,6.5,灵动：鬼影实录
909,香港,6.5,C+侦探
910,美国,6.5,后窗惊魂
911,中国大陆,6.5,女蛹
912,德国,6.5,隔绝
913,德国,6.5,88分钟
914,美国,6.5,灵数23
915,美国,6.5,天兆
916,美国,6.5,火线特攻
917,中国大陆,6.5,跟踪孔令学
918,韩国,6.5,梨泰院杀人事件
919,美国,6.5,黑暗乡村
920,韩国,6.5,黑司祭们
921,美国,6.5,隐形人
906,中国大陆,6.5,狄仁杰之神都龙王
907,美国,6.5,黑色大丽花
908,美国,6.5,灵动：鬼影实录
909,香港,6.5,C+侦探
910,美国,6.5,后窗惊魂
911,中国大陆,6.5,女蛹
912,德国,6.5,隔绝
913,德国,6.5,88分钟
914,美国,6.5,灵数23
915,美国,6.5,天兆
916,美国,6.5,火线特攻
917,中国大陆,6.5,跟踪孔令学
918,韩国,6.5,梨泰院杀人事件
919,美国,6.5,黑暗乡村
920,韩国,6.5,黑司祭们
921,美国,6.5,隐形人
922,韩国,6.5,阿娘
923,美国,6.5,高个夜魔
924,美国,6.5,同步
925,美国,6.5,替身
926,香港,6.5,边城浪子
927,美国,6.5,猛鬼屋
928,比利时,6.5,无名女孩
929,美国,6.5,索拉里斯
930,美国,6.5,好莱坞庄园
931,澳大利亚,6.5,虚拟实惊
932,香港,6.5,死亡塔
933,韩国,6.5,时间上的家
934,中国大陆,6.5,警察日记
935,美国,6.5,98惊魂记
936,韩国,6.5,爱未知
937,韩国,6.5,我们的社区
938,美国,6.5,外星追缉令
939,墨西哥,6.5,魔鬼银爪
940,美国,6.5,福尔摩斯：丝缠奇案
941,美国,6.5,孽迷宫
942,爱尔兰,6.5,附身
943,意大利,6.5,湖边的少女
944,美国,6.5,养鬼吃人5
945,美国,6.5,火线警告前传：萨姆的堕落
946,波兰,6.5,萨满教的迷恋
947,日本,6.5,呼喊
948,香港,6.5,幽灵山庄
949,美国,6.5,脚下
950,英国,6.5,间谍
951,印度,6.5,13号楼B座
952,美国,6.5,驿动的心
953,中国大陆,6.4,嫌疑人X的献身
954,中国大陆,6.4,狄仁杰之通天帝国
955,中国大陆,6.4,消失的子弹
956,中国大陆,6.4,万有引力
957,中国大陆,6.4,拆弹专家
958,英国,6.4,超脑48小时
959,美国,6.4,电梯里的恶魔
960,美国,6.4,超级八
961,美国,6.4,幻体：续命游戏
962,美国,6.4,安娜贝尔2：诞生
963,美国,6.4,它在身后
964,英国,6.4,在我入睡前
965,美国,6.4,女巫布莱尔
966,美国,6.4,火车上的女孩
967,日本,6.4,渴望
968,美国,6.4,惊声尖叫2
969,英国,6.4,凯撒万岁
970,香港,6.4,鬼域
971,美国,6.4,鬼哭神嚎
972,美国,6.4,跨国银行
973,美国,6.4,绝命反击
974,美国,6.4,玩叛游戏
975,美国,6.4,十三猛鬼
976,美国,6.4,忽然七日
977,瑞士,6.4,太空运输
978,美国,6.4,月光光心慌慌
979,美国,6.4,鬼影人
980,美国,6.4,庇护所
981,韩国,6.4,平行理论
982,美国,6.4,毛骨悚然
983,台湾,6.4,人蛇大战
984,中国大陆,6.4,灵魂纸扎店
985,韩国,6.4,来看我吧
986,瑞士,6.4,牧人的性玩偶
987,韩国,6.4,影子杀人
988,美国,6.4,学生闹翻天
989,日本,6.4,禁室培欲2：爱的四十日
990,英国,6.4,三十九级台阶
991,美国,6.4,灵异骇客
992,日本,6.4,黑吻
993,美国,6.4,潜行者
994,日本,6.4,相棒剧场版3
995,英国,6.4,威彻尔先生的猜疑：乡间别墅谋杀案
996,美国,6.4,夜雾杀机
997,美国,6.4,午夜听众
998,韩国,6.4,妖术
999,美国,6.4,小子成熟时
1000,中国大陆,6.3,好奇害死猫
1001,美国,6.3,通灵神探
1002,韩国,6.3,考死：血之期中考试
1003,法国,6.3,不要回头
1004,美国,6.3,温柔地杀我
1005,台湾,6.3,楼下的房客
1006,美国,6.3,老男孩
1007,美国,6.3,咒怨2(美版)
1008,美国,6.3,不速之客
1009,美国,6.3,午夜凶铃(美版)
1010,美国,6.3,行过死荫之地
1011,中国大陆,6.3,东北偏北
1012,泰国,6.3,恶魔的艺术
1013,美国,6.3,谜一样的双眼
1014,美国,6.3,隔离区
1015,美国,6.3,双面玛莎
1016,美国,6.3,魔鬼末日
1017,美国,6.3,下一个就是你
1018,日本,6.3,自杀俱乐部
1019,美国,6.3,13号星期五
1020,美国,6.3,莫斯科2017
1021,香港,6.3,幽灵人间II:鬼味人间
1022,美国,6.3,曼哈顿夜曲
1023,美国,6.3,证据
1024,加拿大,6.3,澎堤池
1025,美国,6.3,天袭
1026,韩国,6.3,追逐时间
1027,阿根廷,6.3,谋杀论文
1028,波兰,6.3,糜骨之壤
1029,美国,6.3,虎口巡航
1030,加拿大,6.3,吃人爸妈
1031,台湾,6.3,松鼠自杀事件
1032,香港,6.3,唔该借歪
1033,西班牙,6.3,两腿之间
1034,美国,6.3,人鬼双胞胎
1035,美国,6.3,斯巴达人
1036,香港,6.2,窃听风云3
1037,美国,6.2,但丁密码
1038,美国,6.2,猩红山峰
1039,美国,6.2,红雀
1040,中国,6.2,恋爱中的宝贝
1041,美国,6.2,午夜食人列车
1042,美国,6.2,我知道你去年夏天干了什么
1043,美国,6.2,夺命手机
1044,美国,6.2,惊声尖叫3
1045,美国,6.2,梦宅诡影
1046,韩国,6.2,灰姑娘
1047,美国,6.2,九死
1048,美国,6.2,咒怨(美版)
1049,日本,6.2,逆转裁判
1050,美国,6.2,鬼影
1051,英国,6.2,黑死病
1052,日本,6.2,人鬼情未了
1053,韩国,6.2,畅销书
1054,美国,6.2,爱有来世
1055,美国,6.2,混合宿舍
1056,英国,6.2,畸形屋
1057,韩国,6.2,大提琴
1058,德国,6.2,激情
1059,英国,6.2,浮生梦
1060,美国,6.2,高中学生会长暗杀事件
1061,法国,6.2,神奇手机
1062,日本,6.2,追忆
1063,日本,6.2,暗黑女子
1064,加拿大,6.2,鬼讯号
1065,韩国,6.2,夏娃的诱惑：娇妻
1066,美国,6.2,鬼入侵
1067,意大利,6.2,假日惊情
1068,美国,6.2,盒装美人
1069,美国,6.2,鬼恋
1070,美国,6.2,偷来的人生
1071,香港,6.2,卫斯理之老猫
1072,美国,6.2,猪头，我的车咧？
1073,日本,6.2,壁男
1059,英国,6.2,浮生梦
1060,美国,6.2,高中学生会长暗杀事件
1061,法国,6.2,神奇手机
1062,日本,6.2,追忆
1063,日本,6.2,暗黑女子
1064,加拿大,6.2,鬼讯号
1065,韩国,6.2,夏娃的诱惑：娇妻
1066,美国,6.2,鬼入侵
1067,意大利,6.2,假日惊情
1068,美国,6.2,盒装美人
1069,美国,6.2,鬼恋
1070,美国,6.2,偷来的人生
1071,香港,6.2,卫斯理之老猫
1072,美国,6.2,猪头，我的车咧？
1073,日本,6.2,壁男
1074,韩国,6.2,大酱
1075,香港,6.2,尸妖
1076,美国,6.2,少年特工科迪2
1077,香港,6.2,7号差馆
1078,西班牙,6.2,遗落之地
1079,韩国,6.2,南极日记
1080,西班牙,6.2,魔岛迷踪
1081,美国,6.2,边缘战士
1082,美国,6.2,少数派力量
1083,美国,6.2,养鬼吃人6：死亡代码
1084,澳大利亚,6.2,蒙哥湖
1085,日本,6.2,天咒
1086,中国大陆,6.2,杀了我
1087,日本,6.2,读取记忆碎片的男人
1088,中国大陆,6.1,二次曝光
1089,中国大陆,6.1,我是证人
1090,中国大陆,6.1,心理罪之城市之光
1091,中国大陆,6.1,圣诞玫瑰
1092,香港,6.1,变节：潜罪犯
1093,美国,6.1,汉娜
1094,韩国,6.1,粉红色高跟鞋
1095,美国,6.1,针孔旅馆
1096,美国,6.1,迷镇凶案
1097,美国,6.1,杀出狂人镇
1098,美国,6.1,惊声尖叫4
1099,中国大陆,6.1,青魇
1100,台湾,6.1,骇战
1101,美国,6.1,纸镇
1102,美国,6.1,摩根
1103,美国,6.1,史酷比
1104,美国,6.1,灵异拼图
1105,香港,6.1,妖夜回廊
1106,英国,6.1,美国怪谈
1107,日本,6.1,稀人
1108,美国,6.1,中毒(美版)
1109,泰国,6.1,凶间疑影
1110,韩国,6.1,极乐岛杀人事件
1111,韩国,6.1,7号室
1112,英国,6.1,危险辩护
1113,美国,6.1,真实故事
1114,Tanzania,6.1,活鬼胎
1115,美国,6.1,鬼屋
1116,澳大利亚,6.1,回溯
1117,美国,6.1,女神探沃莎斯基
1118,法国,6.1,罪爱
1119,阿根廷,6.1,单人夜曲
1120,法国,6.1,换屋惊魂
1121,英国,6.1,碧庐冤孽
1122,中国大陆,6.1,特殊嫌疑犯
1123,香港,6.1,窥情
1124,美国,6.1,午夜梦回
1125,美国,6.1,旭日追凶
1126,美国,6.1,养鬼吃人7：死魂灵
1127,美国,6.1,噩梦缠身
1128,加拿大,6.1,绝命人口436
1129,香港,6.0,赤道
1130,中国大陆,6.0,坏蛋必须死
1131,中国大陆,6.0,深夜前的五分钟
1132,美国,6.0,灭顶之灾
1133,法国,6.0,私人采购员
1134,美国,6.0,一路向南
1135,香港,6.0,幽灵人间
1136,韩国,6.0,读心术
1137,法国,6.0,暗黑之地
1138,美国,6.0,五路追杀令2：刺客舞会
1139,香港,6.0,A-1头条
1140,日本,6.0,断掌事件
1141,日本,6.0,甜蜜皮鞭
1142,挪威,6.0,雪山惊魂2
1143,美国,6.0,夺命回声
1144,韩国,6.0,解决士
1145,韩国,6.0,韩半岛
1146,日本,6.0,指
1147,美国,6.0,记忆重现
1148,美国,6.0,史酷比2
1149,美国,6.0,八毫米2
1150,美国,6.0,深层恐惧
1151,加拿大,6.0,禁忌房间
1152,香港,6.0,危情
1153,美国,6.0,超级骑警
1154,香港,6.0,碧水寒山夺命金
1155,中国大陆,6.0,红衣男孩
1156,美国,6.0,假死新人生
1157,美国,6.0,午夜小河
1158,中国大陆,5.9,幕后玩家
1159,香港,5.9,魔警
1160,中国大陆,5.9,暴疯语
1161,中国大陆,5.9,形影不离
1162,英国,5.9,九人禁闭室
1163,美国,5.9,夺命追踪
1164,中国大陆,5.9,最佳嫌疑人
1165,日本,5.9,毛骨悚然
1166,美国,5.9,我仍然知道你去年夏天干了什么
1167,香港,5.9,犀照
1168,挪威,5.9,雪山惊魂
1169,中国大陆,5.9,死亡派对
1170,日本,5.9,万能鉴定士Q：蒙娜丽莎之瞳
1171,美国,5.9,隔离区2：终点站
1172,韩国,5.9,金色梦乡
1173,美国,5.9,黑夜造访
1174,德国,5.9,恶灵空间
1175,日本,5.9,女虐
1176,中国大陆,5.9,刺夜
1177,澳大利亚,5.9,柏林综合症
1178,美国,5.9,另一个人
1179,美国,5.9,复活
1180,日本,5.9,疾风回旋曲
1181,美国,5.9,致命距离
1182,美国,5.9,电光火石
1183,美国,5.9,阿特拉斯耸耸肩2
1184,香港,5.9,都市猎人
1185,美国,5.9,遇见恶魔
1186,美国,5.9,血之魔术师
1187,美国,5.8,谍海风云
1188,香港,5.8,那夜凌晨，我坐上了旺角开往大埔的红VAN
1189,中国大陆,5.8,少年
1190,美国,5.8,科洛弗悖论
1191,中国大陆,5.8,秋喜
1192,美国,5.8,X档案：我要相信
1193,美国,5.8,惊心食人族
1194,美国,5.8,继父
1195,英国,5.8,地铁惊魂
1196,美国,5.8,雪盲
1197,美国,5.8,裸体切割
1198,日本,5.8,午夜凶铃：凶铃再现
1199,英国,5.8,惊天解密
1200,美国,5.8,午夜凶铃2(美版)
1201,香港,5.8,提防老千
1202,韩国,5.8,宫女
1203,加拿大,5.8,虚空异界
1204,美国,5.8,我知道谁杀了我
1205,韩国,5.8,不要忘记我
1206,澳大利亚,5.8,舞室培欲
1207,美国,5.8,迷河
1208,美国,5.8,遗弃
1209,中国大陆,5.8,微博有鬼 第一季
1210,美国,5.8,天蛾人的预言
1211,美国,5.8,正义守望者
1212,美国,5.8,尸踪现场
1213,加拿大,5.8,恐惧岛
1214,日本,5.8,讨厌的女人
1215,日本,5.8,最后的晚餐
1216,美国,5.8,真相漩涡
1217,香港,5.7,B+侦探
1218,香港,5.7,控制
1219,中国大陆,5.7,冰河追凶
1220,中国大陆,5.7,密室之不可告人
1221,美国,5.7,在劫难逃
1222,香港,5.7,古镜怪谈
1223,美国,5.7,鬼来电
1224,美国,5.7,冬日奇缘
1225,泰国,5.7,卡到阴
1211,美国,5.8,正义守望者
1212,美国,5.8,尸踪现场
1213,加拿大,5.8,恐惧岛
1214,日本,5.8,讨厌的女人
1215,日本,5.8,最后的晚餐
1216,美国,5.8,真相漩涡
1217,香港,5.7,B+侦探
1218,香港,5.7,控制
1219,中国大陆,5.7,冰河追凶
1220,中国大陆,5.7,密室之不可告人
1221,美国,5.7,在劫难逃
1222,香港,5.7,古镜怪谈
1223,美国,5.7,鬼来电
1224,美国,5.7,冬日奇缘
1225,泰国,5.7,卡到阴
1226,泰国,5.7,灵虐
1227,香港,5.7,偷窥无罪
1228,韩国,5.7,恶魔在身后
1229,美国,5.7,杀人狂魔
1230,澳大利亚,5.7,诊所惊魂
1231,美国,5.7,玩尽杀绝3：钻石计划
1232,韩国,5.7,少女
1233,美国,5.7,玩尽杀绝4：四人组
1234,美国,5.7,由内而外
1235,英国,5.7,侯门之险
1236,法国,5.7,野兽
1237,西班牙,5.7,夺命钢琴
1238,韩国,5.7,牺牲复活者
1239,美国,5.7,下一个就是你2
1240,美国,5.7,狙击杀手
1241,日本,5.7,水灵
1242,美国,5.7,完全陌生
1243,美国,5.7,杀人命盘
1244,法国,5.7,恐怖系统
1245,俄罗斯,5.7,魔鬼的精神
1246,美国,5.6,本能2
1247,美国,5.6,安娜贝尔
1248,中国大陆,5.6,情谜
1249,英国,5.6,摩天大楼
1250,美国,5.6,异教徒
1251,美国,5.6,水中女妖
1252,美国,5.6,亚历克斯·克洛斯
1253,美国,5.6,尸体解剖
1254,韩国,5.6,孤立者
1255,意大利,5.6,死亡照相术
1256,法国,5.6,阴兽
1257,中国大陆,5.6,古宝奇缘
1258,中国大陆,5.6,老九门番外之四屠黄葵
1259,日本,5.6,湖边杀人事件
1260,韩国,5.6,无颜美女
1261,韩国,5.6,遭难者们
1262,法国,5.5,寂静岭2
1263,中国大陆,5.5,捉迷藏
1264,中国大陆,5.5,醉后一夜
1265,美国,5.5,马克思·佩恩
1266,西班牙,5.5,回溯迷踪
1267,美国,5.5,婴灵恶泣
1268,美国,5.5,鬼镜2
1269,日本,5.5,极限推理
1270,美国,5.5,神鬼传奇之法老王的咒语
1271,美国,5.5,疗养怨
1272,韩国,5.5,屠夫小姐
1273,西班牙,5.5,阴宅瓦德马尔
1274,日本,5.5,手机男友
1275,中国大陆,5.5,谜证
1276,英国,5.5,孩子
1277,美国,5.5,命运晚餐
1278,中国大陆,5.5,大峰祖师
1279,美国,5.5,卧底学园
1280,美国,5.4,消失在第七街
1281,美国,5.4,死亡幻觉2
1282,韩国,5.4,京城学校：消失的少女们
1283,中国大陆,5.4,聪明的一休之反斗公主
1284,美国,5.4,灵异医院
1285,美国,5.4,宇宙大爆炸
1286,日本,5.4,不能犯
1287,中国大陆,5.4,非常营救
1288,美国,5.4,女巫布莱尔2：影子之书
1289,中国大陆,5.3,财神客栈
1290,中国大陆,5.3,暴走神探
1291,日本,5.3,秘密
1292,加拿大,5.3,鬼债
1293,中国大陆,5.3,判我有罪
1294,韩国,5.3,下水井
1295,美国,5.3,墙里的声音
1296,中国大陆,5.3,杀无赦I入局
1297,日本,5.3,真实魔鬼游戏
1298,日本,5.3,剧场版MOZU
1299,德国,5.3,铁门
1300,韩国,5.3,不信地狱
1301,美国,5.3,恶灵之夜
1302,日本,5.3,还我拇指
1303,香港,5.3,一触即发
1304,美国,5.3,信徒
1305,中国大陆,5.2,密室之不可靠岸
1306,加拿大,5.2,天启四骑士
1307,中国大陆,5.2,杀戒
1308,韩国,5.2,深海之战
1309,美国,5.2,绝对控制
1310,中国大陆,5.2,钢琴木马
1311,中国大陆,5.2,查无此人
1312,日本,5.2,星笼之海
1313,美国,5.2,上海红美丽
1314,中国大陆,5.2,一号目标
1315,美国,5.2,爱你至死不渝
1316,香港,5.2,邪教档案之末日风暴
1317,日本,5.1,我们都是超能力者！电影版
1318,台湾,5.1,绝命派对
1319,香港,5.1,常在你左右
1320,英国,5.1,雪人
1321,中国大陆,5.1,夺命心跳
1322,日本,5.1,黑执事
1323,中国大陆,5.1,猫脸老太太
1324,美国,5.1,我一直知道你去年夏天干了什么
1325,韩国,5.1,苌山虎
1326,中国大陆,5.1,老九门番外之虎骨梅花
1327,日本,5.1,审判 真人版
1328,美国,5.1,吊人游戏
1329,西班牙,5.1,阴宅瓦德马尔2
1330,中国大陆,5.1,爱在晚晴天
1331,中国大陆,5.0,心理罪
1332,中国大陆,5.0,四大名捕
1333,中国大陆,5.0,盗马记
1334,香港,5.0,梦游
1335,美国,5.0,魔盒
1336,中国大陆,5.0,诡爱
1337,美国,5.0,温彻斯特
1338,中国大陆,5.0,绝录求生
1339,日本,5.0,冰果 真人版
1340,中国大陆,4.9,明明
1341,香港,4.9,同谋
1342,中国大陆,4.9,神秘家族
1343,中国大陆,4.9,完美假妻168
1344,中国大陆,4.9,老九门番外之二月花开
1345,中国大陆,4.9,我说的都是真的
1346,美国,4.9,夜之亡灵
1347,中国大陆,4.9,枪过境
1348,中国大陆,4.9,还魂之迷失曼谷
1349,美国,4.9,爱神
1350,中国大陆,4.9,魔都凶音
1351,英国,4.9,芦苇地
1352,日本,4.9,屋顶的散步者
1353,日本,4.9,不贞的幻想
1354,中国大陆,4.8,京城81号
1355,中国大陆,4.8,四大名捕2
1356,中国大陆,4.8,消失的凶手
1357,中国大陆,4.8,那年夏天你去了哪里
1358,中国大陆,4.8,消失爱人
1359,日本,4.8,死亡笔记：点亮新世界
1360,日本,4.8,咒怨：完结篇
1361,日本,4.8,替身
1362,韩国,4.8,雅典娜：无间谍局
1363,英国,4.8,缄默
1364,香港,4.8,吓死你
1365,加拿大,4.8,幸存日
1366,美国,4.8,血之猎手
1367,美国,4.8,暗魔怨
1368,中国大陆,4.8,浮出水面的影子
1369,中国大陆,4.7,盗墓笔记
1370,中国大陆,4.7,四大名捕大结局
1371,中国大陆,4.7,笔仙
1372,中国,4.7,皇家刺青
1373,中国大陆,4.7,夏天19岁的肖像
1374,中国大陆,4.7,低压槽：欲望之城
1375,中国大陆,4.7,重生爱人
1376,美国,4.7,灯红酒绿杀人夜
1377,中国大陆,4.7,封门诡影
1363,英国,4.8,缄默
1364,香港,4.8,吓死你
1365,加拿大,4.8,幸存日
1366,美国,4.8,血之猎手
1367,美国,4.8,暗魔怨
1368,中国大陆,4.8,浮出水面的影子
1369,中国大陆,4.7,盗墓笔记
1370,中国大陆,4.7,四大名捕大结局
1371,中国大陆,4.7,笔仙
1372,中国,4.7,皇家刺青
1373,中国大陆,4.7,夏天19岁的肖像
1374,中国大陆,4.7,低压槽：欲望之城
1375,中国大陆,4.7,重生爱人
1376,美国,4.7,灯红酒绿杀人夜
1377,中国大陆,4.7,封门诡影
1378,日本,4.7,D坂杀人事件
1379,香港,4.7,四非
1380,中国大陆,4.7,谎言大爆炸
1381,俄罗斯,4.7,新娘
1382,中国大陆,4.7,不良街区
1383,中国大陆,4.7,破局
1384,中国大陆,4.7,杀无赦II逃亡之路
1385,美国,4.7,失忆症
1386,香港,4.6,追捕
1387,中国大陆,4.6,王牌
1388,中国大陆,4.6,诡拼车
1389,中国大陆,4.6,夜色撩人
1390,中国大陆,4.6,不速之客
1391,香港,4.6,有只僵尸暗恋你
1392,加拿大,4.6,异虫咒
1393,中国大陆,4.5,全城通缉
1394,中国大陆,4.5,真相禁区
1395,中国大陆,4.5,推理笔记
1396,中国大陆,4.5,来历不明
1397,中国大陆,4.5,魔轮
1398,中国大陆,4.4,极限挑战之皇家宝藏
1399,香港,4.4,神探驾到
1400,中国大陆,4.4,魅妆
1401,美国,4.4,费城实验：再生
1402,中国大陆,4.4,你在哪
1403,中国大陆,4.4,窦娥奇冤
1404,中国大陆,4.3,不怕贼惦记
1405,香港,4.3,追凶
1406,香港,4.3,心战
1407,中国大陆,4.3,老九门番外之恒河杀树
1408,中国大陆,4.3,杀无赦III背水一战
1409,日本,4.3,我们
1410,美国,4.3,安娜华特的离奇命运
1411,美国,4.3,睡美人的诅咒
1412,中国大陆,4.2,猎仇者
1413,中国大陆,4.2,笔仙3
1414,中国大陆,4.2,别有动机
1415,日本,4.2,SP女探员 美之祭品
1416,中国大陆,4.2,狙击时刻
1417,美国,4.2,惊心食人族3
1418,中国大陆,4.2,香港大营救
1419,中国大陆,4.2,妄想症
1420,中国大陆,4.2,绝对底线
1421,中国大陆,4.1,宅女侦探桂香
1422,美国,4.1,死亡笔记
1423,中国大陆,4.1,探灵档案
1424,香港,4.1,第七谎言
1425,中国大陆,4.0,惊天破
1426,美国,4.0,骇客交锋
1427,香港,4.0,凶手还未睡
1428,中国大陆,4.0,迷魂之密室逃脱
1429,中国大陆,4.0,站住！别跑！
1430,中国大陆,3.9,笔仙Ⅱ
1431,中国大陆,3.9,荒村客栈
1432,中国大陆,3.9,女生宿舍
1433,中国大陆,3.9,枕边有张脸
1434,法国,3.9,普罗旺斯惊魂记
1435,中国大陆,3.9,怨灵2
1436,中国大陆,3.9,夜魔人
1437,中国大陆,3.8,战国
1438,中国大陆,3.8,京城81号2
1439,中国大陆,3.8,谋杀似水年华
1440,中国大陆,3.8,孪生密码
1441,中国大陆,3.8,记忆碎片
1442,中国大陆,3.8,张震讲故事之合租屋
1443,中国大陆,3.7,惊魂游戏
1444,中国大陆,3.7,荒岛情未了
1445,中国大陆,3.7,借眼
1446,中国大陆,3.7,红髅
1447,中国大陆,3.7,盗剑72小时
1448,中国大陆,3.6,冲天火
1449,中国大陆,3.6,诡镇
1450,中国大陆,3.6,凄灵室
1451,中国大陆,3.6,妖医
1452,中国大陆,3.6,悬战
1453,中国大陆,3.6,恶灵之门
1454,中国大陆,3.5,死亡邮件
1455,中国大陆,3.5,半夜不要照镜子
1456,中国大陆,3.5,电梯惊魂
1457,中国大陆,3.5,守株人
1458,中国大陆,3.4,HOLD住爱
1459,中国大陆,3.4,笔仙惊魂
1460,中国大陆,3.4,午夜微博
1461,中国大陆,3.4,午夜凶梦
1462,中国大陆,3.4,蜜月酒店杀人事件
1463,香港,3.4,大嫂
1464,中国大陆,3.4,夜半梳头
1465,中国大陆,3.4,密道追踪之阴兵虎符
1466,中国大陆,3.4,异种
1467,香港,3.4,异冢
1468,中国大陆,3.4,碟仙诡谭2
1469,台湾,3.4,十万伙急
1470,中国大陆,3.4,等爱归来
1471,中国大陆,3.3,紫宅
1472,中国大陆,3.3,三更车库
1473,中国大陆,3.3,七月半之恐怖宿舍
1474,中国大陆,3.3,地下室惊魂
1475,中国大陆,3.2,孤岛惊魂
1476,中国大陆,3.2,张震讲故事之鬼迷心窍
1477,中国大陆,3.2,笔仙惊魂3
1478,中国大陆,3.2,午夜火车
1479,中国大陆,3.2,步步追魂
1480,中国大陆,3.2,诡新娘
1481,中国大陆,3.1,十二星座离奇事件
1482,中国大陆,3.1,诡影迷情
1483,中国大陆,3.1,谍·莲花
1484,中国大陆,3.1,致命替身
1485,中国大陆,3.1,荒村凶间
1486,台湾,3.1,神探·李奥
1487,中国大陆,3.0,死亡之谜
1488,中国大陆,2.9,心咒
1489,中国大陆,2.8,特工艾米拉
1490,中国大陆,2.8,床下有人
1491,中国大陆,2.8,怖偶
1492,中国大陆,2.8,人间蒸发
1493,中国大陆,2.8,模特魅影
1494,中国大陆,2.8,封门村
1495,中国大陆,2.8,夜半凶铃
1496,中国大陆,2.8,诡魇
1497,中国大陆,2.7,孤岛惊魂2
1498,中国大陆,2.7,楼
1499,中国大陆,2.7,林中小屋
1500,中国大陆,2.7,床下有人2
1501,中国大陆,2.7,地域无门
1502,中国大陆,2.7,笔仙诡影
1503,中国大陆,2.7,恐怖爱情故事之死亡公路
1504,中国大陆,2.7,七月半2：前世今生
1505,中国大陆,2.7,虐面人之死灵面膜
1506,中国大陆,2.7,致命闪玩
1507,中国大陆,2.6,恐怖电影院
1508,中国大陆,2.6,冷瞳
1509,中国大陆,2.6,诡八楼
1510,中国大陆,2.6,人皮拼图
1511,中国大陆,2.6,恐怖禁忌之红旗袍
1512,中国大陆,2.5,秘术
1513,中国大陆,2.5,致命请柬
1514,中国大陆,2.5,蝙蝠别墅
1515,中国大陆,2.5,死亡笔记
1516,中国大陆,2.5,卧龙岗
1517,中国大陆,2.5,恐怖理发店
1518,中国大陆,2.5,岛囧
1519,中国大陆,2.4,恐怖照相机
1520,中国大陆,2.4,异度迷局
1521,中国大陆,2.3,夜闯寡妇村
