1,法国,9.4,这个杀手不太冷
2,日本,9.2,七武士
3,美国,9.1,蝙蝠侠：黑暗骑士
4,美国,9.1,指环王3：王者无敌
5,美国,9.0,搏击俱乐部
6,美国,9.0,指环王2：双塔奇兵
7,美国,9.0,将军号
8,新西兰,8.9,指环王1：魔戒再现
9,日本,8.9,攻壳机动队
10,美国,8.8,V字仇杀队
11,美国,8.8,头号玩家
12,美国,8.8,勇敢的心
13,美国,8.8,黑客帝国
14,日本,8.8,幽灵公主
15,日本,8.8,乱
16,美国,8.8,黑客帝国动画版
17,日本,8.8,用心棒
18,南斯拉夫,8.8,桥
19,日本,8.8,攻壳机动队SSS
20,中国大陆,8.7,让子弹飞
21,美国,8.7,谍影重重3
22,香港,8.7,英雄本色
23,香港,8.7,纵横四海
24,香港,8.7,东邪西毒：终极版
25,巴西,8.7,精英部队2：大敌当前
26,美国,8.7,蝙蝠侠：黑暗骑士归来(下)
27,日本,8.7,椿三十郎
28,加拿大,8.7,铁达尼号沉没记
29,美国,8.6,阿凡达
30,美国,8.6,超能陆战队
31,美国,8.6,加勒比海盗
32,美国,8.6,蝙蝠侠：黑暗骑士崛起
33,美国,8.6,被解救的姜戈
34,香港,8.6,东邪西毒
35,美国,8.6,谍影重重2
36,印度,8.6,小萝莉的猴神大叔
37,美国,8.6,终结者2：审判日
38,香港,8.6,枪火
39,日本,8.6,恶童
40,美国,8.6,宾虚
41,德国,8.6,敲开天堂的门
42,美国,8.6,西线无战事
43,美国,8.6,碧血金沙
44,日本,8.6,落叶
45,澳大利亚,8.5,疯狂的麦克斯4：狂暴之路
46,美国,8.5,谍影重重
47,香港,8.5,新龙门客栈
48,美国,8.5,黑客帝国3：矩阵革命
49,美国,8.5,勇闯夺命岛
50,美国,8.5,黑鹰坠落
51,美国,8.5,启示
52,日本,8.5,蜘蛛巢城
53,美国,8.5,午夜狂奔
54,日本,8.5,大菩萨岭
55,日本,8.5,兽兵卫忍风帖
56,日本,8.5,盗信情缘
57,日本,8.5,死亡的游戏
58,德国,8.5,通往自由的通道
59,中国大陆,8.5,笔中情
60,中国大陆,8.4,红海行动
61,英国,8.4,王牌特工：特工学院
62,美国,8.4,复仇者联盟3：无限战争
63,美国,8.4,变脸
64,美国,8.4,速度与激情5
65,美国,8.4,黑客帝国2：重装上阵
66,美国,8.4,罪恶之城
67,英国,8.4,角斗士
68,香港,8.4,暗战
69,香港,8.4,神探
70,韩国,8.4,黄海
71,美国,8.4,王牌对王牌
72,美国,8.4,盗火线
73,日本,8.4,阿基拉
74,香港,8.4,精武门
75,美国,8.4,杀死比尔整个血腥事件
76,台湾,8.4,侠女
77,美国,8.4,最长的一天
78,日本,8.4,红线
79,英国,8.4,飞行器里的好小伙，或我是怎样花25小时11分从伦敦飞到巴黎
80,美国,8.4,福禄双霸天
81,美国,8.4,忍者小英雄
82,韩国,8.3,釜山行
83,美国,8.3,速度与激情7
84,美国,8.3,金刚狼3：殊死一战
85,香港,8.3,无间道2
86,美国,8.3,蝙蝠侠：侠影之谜
87,美国,8.3,热血警探
88,香港,8.3,笑傲江湖2：东方不败
89,美国,8.3,星球大战
90,韩国,8.3,太极旗飘扬
91,美国,8.3,天国王朝
92,美国,8.3,星球大战3：绝地归来
93,香港,8.3,喋血双雄
94,香港,8.3,一个字头的诞生
95,意大利,8.3,荒野大镖客
96,美国,8.3,正义联盟：闪点悖论
97,美国,8.3,日落黄沙
98,日本,8.3,战国英豪
99,日本,8.3,菜鸟总动员：毕业
100,美国,8.3,飞出个未来大电影2：万背之兽
101,英国,8.3,孟菲斯美女号
102,美国,8.3,摔角狂热 30
103,中国大陆,8.2,西游记之大圣归来
104,美国,8.2,X战警：逆转未来
105,美国,8.2,碟中谍4
106,美国,8.2,第九区
107,美国,8.2,霍比特人3：五军之战
108,美国,8.2,霍比特人2：史矛革之战
109,美国,8.2,铁甲钢拳
110,法国,8.2,飓风营救
111,香港,8.2,买凶拍人
112,美国,8.2,守望者
113,香港,8.2,英雄本色2
114,美国,8.2,星球大战前传3：西斯的复仇
115,香港,8.2,精武英雄
116,美国,8.2,星球大战2：帝国反击战
117,日本,8.2,最终幻想7：圣子降临
118,美国,8.2,西北偏北
119,美国,8.2,雌雄大盗
120,香港,8.2,猛龙过江
121,日本,8.2,追捕
122,日本,8.2,爱的曝光
123,意大利,8.2,卡桑德拉大桥
124,美国,8.2,蝙蝠侠：红影迷踪
125,挪威,8.2,白色严冬
126,日本,8.2,奏鸣曲
127,日本,8.2,老人Z
128,美国,8.2,关山飞渡
129,美国,8.2,胜利之光
130,日本,8.2,机动警察剧场版1
131,法国,8.2,天与地
132,台湾,8.2,迎春阁之风波
133,南斯拉夫,8.2,战略大作战
134,美国,8.2,红河
135,美国,8.2,疤面人
136,美国,8.1,变形金刚
137,美国,8.1,霍比特人1：意外之旅
138,美国,8.1,银河护卫队2
139,美国,8.1,加勒比海盗2：聚魂棺
140,美国,8.1,杀死比尔
141,美国,8.1,X战警：第一战
142,香港,8.1,国产凌凌漆
143,德国,8.1,罗拉快跑
144,中国大陆,8.1,师父
145,韩国,8.1,孤胆特工
146,美国,8.1,空中监狱
147,美国,8.1,真实的谎言
148,美国,8.1,国家公敌
149,美国,8.1,星球大战前传1：幽灵的威胁
150,美国,8.1,虎胆龙威
151,美国,8.1,第一滴血
152,香港,8.1,监狱风云
153,美国,8.1,怒火救援
154,韩国,8.1,铁雨
155,美国,8.1,夺宝奇兵3
156,香港,8.1,枪王
157,加拿大,8.1,处刑人
158,美国,8.1,野战排
159,美国,8.1,爱国者
160,香港,8.1,喋血街头
161,中国大陆,8.1,魁拔Ⅲ战神崛起
162,中国大陆,8.1,双旗镇刀客
163,香港,8.1,小倩
164,美国,8.1,龙争虎斗
165,美国,8.1,虎！虎！虎！
166,美国,8.1,死侍2
167,美国,8.1,蝙蝠侠：元年
168,美国,8.1,遥远的桥
169,美国,8.1,变形金刚大电影
170,日本,8.1,跳跃大搜查线：湾岸署史上最恶的3日间
171,中国大陆,8.1,喊山
172,英国,8.1,血染雪山堡
173,台湾,8.1,忠烈图
174,日本,8.1,太秦灯光下
175,中国大陆,8.0,湄公河行动
176,美国,8.0,复仇者联盟
177,中国大陆,8.0,功夫
178,美国,8.0,功夫熊猫2
179,美国,8.0,银河护卫队
180,美国,8.0,明日边缘
181,美国,8.0,猩球崛起
182,美国,8.0,后天
183,美国,8.0,加勒比海盗3：世界的尽头
184,台湾,8.0,卧虎藏龙
185,美国,8.0,黑衣人
186,美国,8.0,我，机器人
187,香港,8.0,树大招风
188,韩国,8.0,暗杀
189,美国,8.0,星际迷航
190,美国,8.0,终结者
191,美国,8.0,勇敢者的游戏
192,美国,8.0,秘密特工
193,法国,8.0,暴力街区
194,美国,8.0,天生杀人狂
195,美国,8.0,生死时速
196,印度,8.0,未知死亡
197,香港,8.0,狗咬狗
198,美国,8.0,乐高蝙蝠侠大电影
199,美国,8.0,孤独的幸存者
200,香港,8.0,天若有情
201,日本,8.0,座头市
202,西班牙,8.0,囚室211
203,美国,8.0,亡命天涯
204,中国大陆,8.0,刀
205,韩国,8.0,实尾岛
206,美国,8.0,飞天小女警 剧场版
207,美国,8.0,蝙蝠侠：黑暗骑士归来(上)
208,韩国,8.0,少年菀得
209,法国,8.0,佐罗
210,台湾,8.0,龙门客栈
211,香港,8.0,新独臂刀
212,英国,8.0,野鹅敢死队
213,美国,8.0,天劫余生
214,印度,8.0,痛击
215,法国,8.0,大饭店
216,中国大陆,8.0,侠僧探案传奇之大夜叉
217,美国,8.0,飞出个未来大电影3：班德的游戏
218,印度,8.0,血洗鳄鱼仇
219,香港,8.0,达摩祖师
220,泰国,8.0,美丽拳王
221,美国,7.9,功夫熊猫
222,美国,7.9,钢铁侠
223,美国,7.9,美国队长2
224,中国大陆,7.9,疯狂的赛车
225,美国,7.9,星际迷航2：暗黑无界
226,香港,7.9,鹿鼎记
227,美国,7.9,独立日
228,美国,7.9,超人总动员
229,美国,7.9,碟中谍
230,法国,7.9,第五元素
231,美国,7.9,十一罗汉
232,香港,7.9,黄飞鸿
233,美国,7.9,异形2
234,美国,7.9,危情三日
235,中国大陆,7.9,少林寺
236,巴西,7.9,精英部队
237,美国,7.9,决战犹马镇
238,美国,7.9,猎杀U-571
239,香港,7.9,僵尸先生
240,美国,7.9,警戒结束
241,美国,7.9,斯巴达克斯
242,美国,7.9,蝙蝠侠：突袭阿卡姆
243,美国,7.9,红潮风暴
244,美国,7.9,洛奇3
245,美国,7.9,势不两立
246,美国,7.9,笑破铁幕
247,香港,7.9,省港旗兵4：地下通道
248,日本,7.9,天与地
249,香港,7.9,报仇
250,香港,7.9,第一类型危险
251,香港,7.9,猫头鹰
252,美国,7.9,众神与将军
253,德国,7.9,铁十字勋章
254,日本,7.9,斩
255,香港,7.8,食神
256,新西兰,7.8,金刚
257,中国大陆,7.8,无间道3：终极无间
258,美国,7.8,杀死比尔2
259,英国,7.8,生化危机
260,香港,7.8,激战
261,英国,7.8,狂怒
262,美国,7.8,康斯坦丁
263,美国,7.8,超级大坏蛋
264,美国,7.8,兰戈
265,香港,7.8,古惑仔之人在江湖
241,美国,7.9,斯巴达克斯
242,美国,7.9,蝙蝠侠：突袭阿卡姆
243,美国,7.9,红潮风暴
244,美国,7.9,洛奇3
245,美国,7.9,势不两立
246,美国,7.9,笑破铁幕
247,香港,7.9,省港旗兵4：地下通道
248,日本,7.9,天与地
249,香港,7.9,报仇
250,香港,7.9,第一类型危险
251,香港,7.9,猫头鹰
252,美国,7.9,众神与将军
253,德国,7.9,铁十字勋章
254,日本,7.9,斩
255,香港,7.8,食神
256,新西兰,7.8,金刚
257,中国大陆,7.8,无间道3：终极无间
258,美国,7.8,杀死比尔2
259,英国,7.8,生化危机
260,香港,7.8,激战
261,英国,7.8,狂怒
262,美国,7.8,康斯坦丁
263,美国,7.8,超级大坏蛋
264,美国,7.8,兰戈
265,香港,7.8,古惑仔之人在江湖
266,美国,7.8,星球大战前传2：克隆人的进攻
267,香港,7.8,黄飞鸿之二：男儿当自强
268,日本,7.8,热血高校2
269,美国,7.8,夺宝奇兵
270,法国,7.8,的士速递
271,美国,7.8,最后的武士
272,韩国,7.8,卑劣的街头
273,韩国,7.8,走到尽头
274,香港,7.8,笑傲江湖
275,日本,7.8,浪客剑心 真人版
276,美国,7.8,虎胆龙威3
277,印度尼西亚,7.8,突袭2：暴徒
278,法国,7.8,的士速递2
279,日本,7.8,极恶非道
280,日本,7.8,浪客剑心：传说的完结篇
281,香港,7.8,辣手神探
282,美国,7.8,刑房
283,泰国,7.8,拳霸
284,美国,7.8,太阳帝国
285,香港,7.8,冲锋队之怒火街头
286,韩国,7.8,向日葵
287,香港,7.8,再见阿郎
288,美国,7.8,惊爆银河系
289,美国,7.8,终极细胞战
290,香港,7.8,人民英雄
291,法国,7.8,黑郁金香
292,中国,7.8,火线追凶之死亡地带
293,印度,7.8,阿克巴大帝
294,印度,7.8,24：逆转时空
295,德国,7.8,巴德尔和迈因霍夫集团
296,日本,7.8,跳跃大搜查线最终篇：新的希望
297,美国,7.8,乐高DC超级英雄：正义联盟之末日军团的进攻
298,美国,7.8,逃出亚卡拉
299,香港,7.8,大决斗
300,英国,7.8,终极天将
301,英国,7.8,意大利任务
302,香港,7.8,保镖
303,俄罗斯,7.8,星星
304,英国,7.8,击沉俾斯麦号！
305,美国,7.8,西部执法者
306,美国,7.7,2012
307,中国大陆,7.7,天下无贼
308,美国,7.7,美国队长3
309,香港,7.7,十月围城
310,中国大陆,7.7,智取威虎山
311,中国大陆,7.7,罗曼蒂克消亡史
312,美国,7.7,X战警：天启
313,美国,7.7,魔兽
314,美国,7.7,碟中谍5：神秘国度
315,香港,7.7,大内密探零零发
316,美国,7.7,速度与激情6
317,韩国,7.7,隐秘而伟大
318,美国,7.7,木乃伊
319,香港,7.7,鹿鼎记2：神龙教
320,美国,7.7,斯巴达300勇士
321,美国,7.7,生死狙击
322,美国,7.7,少数派报告
323,美国,7.7,偷天陷阱
324,香港,7.7,倩女幽魂2：人间道
325,日本,7.7,热血高校
326,香港,7.7,方世玉
327,香港,7.7,A计划
328,美国,7.7,星河战队
329,香港,7.7,黄飞鸿之三：狮王争霸
330,香港,7.7,警察故事
331,香港,7.7,白发魔女传
332,美国,7.7,世界末日
333,美国,7.7,时空线索
334,美国,7.7,虎胆龙威2
335,韩国,7.7,军舰岛
336,美国,7.7,危机13小时
337,美国,7.7,夺宝奇兵2
338,日本,7.7,浪客剑心：京都大火篇
339,俄罗斯,7.7,太空救援
340,美国,7.7,第一滴血2
341,日本,7.7,阴阳师
342,美国,7.7,垂直极限
343,美国,7.7,怒海争锋
344,韩国,7.7,朋友
345,美国,7.7,夺命枪火
346,俄罗斯,7.7,火海凌云
347,美国,7.7,捕鼠记
348,韩国,7.7,奶奶强盗团
349,香港,7.7,奇迹
350,美国,7.7,终极斗士3：赎罪
351,日本,7.7,十三刺客
352,印度,7.7,阿育王
353,美国,7.7,白头神探
354,美国,7.7,猎杀红色十月
355,香港,7.7,真心英雄
356,美国,7.7,美国战队：世界警察
357,中国大陆,7.7,陆小凤传奇之陆小凤前传
358,中国大陆,7.7,陆小凤传奇之铁鞋传奇
359,香港,7.7,省港旗兵
360,香港,7.7,奇门遁甲
361,美国,7.7,星球大战：克隆战争
362,美国,7.7,法国贩毒网
363,中国大陆,7.7,星游记之风暴法米拉
364,美国,7.7,正义联盟：战争
365,日本,7.7,凶暴的男人
366,美国,7.7,反斗神鹰2
367,香港,7.7,表姐，你好嘢！
368,美国,7.7,星际旅行8：第一类接触
369,美国,7.7,正义联盟：神魔之战
370,香港,7.7,学校风云
371,美国,7.7,24小时：救赎
372,中国,7.7,火线追凶之血色刀锋
373,中国,7.7,火线追凶之掘墓人
374,香港,7.7,刺马
375,南非,7.7,耶路撒冷
376,中国,7.7,火线追凶之无罪辩护
377,中国大陆,7.7,火线追凶之狂魔再现
378,中国,7.7,火线追凶之冲破黑幕
379,日本,7.7,修罗雪姬
380,香港,7.7,五毒
381,香港,7.7,等待黎明
382,中国大陆,7.7,骆驼客
383,日本,7.7,跳跃大搜查线2：封锁彩虹桥
384,印度,7.7,再生缘
385,美国,7.7,地心游记
386,美国,7.7,翼
387,意大利,7.7,基督山恩仇记
388,美国,7.7,布利特
389,日本,7.7,无敌青春
390,美国,7.6,奇异博士
391,美国,7.6,环太平洋
392,美国,7.6,史密斯夫妇
393,美国,7.6,变形金刚2
394,美国,7.6,钢铁侠3
395,美国,7.6,侏罗纪世界
396,美国,7.6,蚁人
397,美国,7.6,死侍
398,美国,7.6,功夫熊猫3
399,美国,7.6,X战警
400,美国,7.6,X战警2
401,香港,7.6,逃学威龙
402,美国,7.6,金蝉脱壳
403,美国,7.6,国家宝藏
404,英国,7.6,生化危机2：启示录
405,美国,7.6,速度与激情
406,美国,7.6,丁丁历险记
407,美国,7.6,速度与激情4
408,美国,7.6,马达加斯加2：逃往非洲
409,美国,7.6,心理游戏
410,美国,7.6,天龙特攻队
411,美国,7.6,虎胆龙威4
412,韩国,7.6,绝密跟踪
413,香港,7.6,古惑仔3之只手遮天
414,香港,7.6,方世玉续集
415,香港,7.6,新少林五祖
416,美国,7.6,危情时速
417,印度尼西亚,7.6,突袭
418,香港,7.6,赌神2
419,香港,7.6,和平饭店
420,美国,7.6,壮志凌云
421,香港,7.6,给爸爸的信
422,日本,7.6,怪物之子
423,香港,7.6,笑林小子2：新乌龙院
424,美国,7.6,金刚不坏
425,美国,7.6,机器战警
426,美国,7.6,父辈的旗帜
427,日本,7.6,生化危机：诅咒
428,美国,7.6,勇者行动
429,香港,7.6,五亿探长雷洛传1：雷老虎
430,美国,7.6,铁血战士
431,日本,7.6,极恶非道2
432,美国,7.6,全面回忆
433,香港,7.6,奇谋妙计五福星
434,香港,7.6,监狱风云2：逃犯
435,日本,7.6,阴阳师2
436,香港,7.6,刀马旦
437,香港,7.6,爆裂刑警
438,日本,7.6,龙三和他的七人党
439,香港,7.6,唐山大兄
440,俄罗斯,7.6,兵临城下之决战要塞
441,香港,7.6,野兽刑警
442,香港,7.6,顺流逆流
443,美国,7.6,星际旅行2：可汗怒吼
444,香港,7.6,死亡游戏
445,美国,7.6,白头神探2½：恐怖的气味
446,美国,7.6,消防犬
447,法国,7.6,我心遗忘的节奏
448,美国,7.6,探员卡特
449,美国,7.6,星际旅行6：未来之城
450,美国,7.6,圣安娜奇迹
451,韩国,7.6,假日
452,美国,7.6,金刚
453,香港,7.6,省港旗兵2：兵分两路
454,中国,7.6,火线追凶之绝命狙击
455,香港,7.6,少林三十六房
456,中国,7.6,火线追凶之黑枪疑云
457,美国,7.6,肮脏的哈里
458,中国大陆,7.6,火线追凶之突然死亡
459,法国,7.6,头号公敌续集
460,中国大陆,7.6,一刀倾城
461,美国,7.6,最后的城堡
462,美国,7.6,太空堡垒卡拉狄加：利刃
463,香港,7.6,楚留香
464,美国,7.6,再无可失
465,中国大陆,7.6,林海雪原
466,德国,7.6,公主追杀令
467,美国,7.6,火烧摩天楼
468,香港,7.6,流星蝴蝶剑
469,意大利,7.6,大牌明星
470,中国大陆,7.6,戴手铐的旅客
471,美国,7.6,飞越巅峰
472,中国大陆,7.6,嘎达梅林
473,法国,7.6,大黎明
474,香港,7.6,险角
475,中国大陆,7.5,寻龙诀
476,中国大陆,7.5,唐人街探案
477,中国大陆,7.5,绣春刀
478,美国,7.5,加勒比海盗4：惊涛怪浪
479,香港,7.5,叶问
480,美国,7.5,大侦探福尔摩斯
481,美国,7.5,雷神3：诸神黄昏
482,美国,7.5,黑衣人3
483,美国,7.5,蜘蛛侠
484,美国,7.5,猩球崛起2：黎明之战
485,美国,7.5,海扁王
486,香港,7.5,窃听风云2
487,美国,7.5,大侦探福尔摩斯2：诡影游戏
488,美国,7.5,X战警3：背水一战
489,美国,7.5,黑衣人2
490,美国,7.5,女间谍
491,美国,7.5,偷天换日
492,英国,7.5,空中营救
493,美国,7.5,侏罗纪公园2：失落的世界
494,美国,7.5,赤焰战场
495,香港,7.5,太极张三丰
496,美国,7.5,美国狙击手
497,英国,7.5,憨豆特工
498,美国,7.5,空军一号
499,香港,7.5,古惑仔2之猛龙过江
500,美国,7.5,风语者
501,美国,7.5,异形4
502,美国,7.5,怪物史瑞克4
503,韩国,7.5,老手
504,美国,7.5,杀出个黎明
505,香港,7.5,飞鹰计划
506,香港,7.5,醉拳2
507,英国,7.5,007之黄金眼
508,美国,7.5,摇滚黑帮
509,香港,7.5,新上海滩
510,俄罗斯,7.5,硬核亨利
511,韩国,7.5,王者
512,英国,7.5,狂野目标
513,韩国,7.5,潘多拉
514,美国,7.5,佐罗的面具
515,香港,7.5,最佳拍档
516,法国,7.5,女囚尼基塔
517,韩国,7.5,电影就是电影
518,香港,7.5,唐朝豪放女
493,美国,7.5,侏罗纪公园2：失落的世界
494,美国,7.5,赤焰战场
495,香港,7.5,太极张三丰
496,美国,7.5,美国狙击手
497,英国,7.5,憨豆特工
498,美国,7.5,空军一号
499,香港,7.5,古惑仔2之猛龙过江
500,美国,7.5,风语者
501,美国,7.5,异形4
502,美国,7.5,怪物史瑞克4
503,韩国,7.5,老手
504,美国,7.5,杀出个黎明
505,香港,7.5,飞鹰计划
506,香港,7.5,醉拳2
507,英国,7.5,007之黄金眼
508,美国,7.5,摇滚黑帮
509,香港,7.5,新上海滩
510,俄罗斯,7.5,硬核亨利
511,韩国,7.5,王者
512,英国,7.5,狂野目标
513,韩国,7.5,潘多拉
514,美国,7.5,佐罗的面具
515,香港,7.5,最佳拍档
516,法国,7.5,女囚尼基塔
517,韩国,7.5,电影就是电影
518,香港,7.5,唐朝豪放女
519,美国,7.5,杀人三步曲
520,日本,7.5,苹果核战记
521,美国,7.5,超人
522,美国,7.5,浪人
523,美国,7.5,我们曾是战士
524,美国,7.5,笨贼妙探
525,美国,7.5,重见天日
526,印度,7.5,风筝
527,香港,7.5,龙虎风云
528,日本,7.5,苹果核战记2
529,美国,7.5,杀掉那个爱尔兰人
530,美国,7.5,惊涛大冒险
531,美国,7.5,绝岭雄风
532,香港,7.5,大醉侠
533,美国,7.5,生死豪情
534,美国,7.5,冰雪女王
535,法国,7.5,头号公敌
536,日本,7.5,图书馆战争：记忆之书
537,香港,7.5,地狱无门
538,日本,7.5,姿三四郎
539,法国,7.5,警界争雄
540,香港,7.5,败家仔
541,日本,7.5,宫本武藏
542,日本,7.5,宫本武藏 完结篇 决斗岩流岛
543,比利时,7.5,尚格·云顿
544,香港,7.5,七小福
545,美国,7.5,狂野之河
546,中国大陆,7.5,侠僧探案传奇之催命符
547,香港,7.5,名剑
548,美国,7.5,乐高DC超级英雄：闪电侠
549,香港,7.5,白玫瑰
550,美国,7.5,大江东去
551,香港,7.5,白玉老虎
552,香港,7.5,滑稽时代
553,新西兰,7.5,狂野追踪
554,香港,7.5,五虎将
555,印度,7.5,亲密有罪
556,捷克,7.5,烈日长虹
557,香港,7.5,游侠儿
558,香港,7.4,寒战
559,美国,7.4,蜘蛛侠：英雄归来
560,香港,7.4,窃听风云
561,香港,7.4,少林足球
562,香港,7.4,武状元苏乞儿
563,香港,7.4,追龙
564,美国,7.4,通缉令
565,日本,7.4,我的机器人女友
566,美国,7.4,007：大战皇家赌场
567,美国,7.4,特洛伊
568,香港,7.4,赌圣
569,美国,7.4,木乃伊归来
570,日本,7.4,寄生兽
571,英国,7.4,黑夜传说
572,美国,7.4,死亡飞车
573,香港,7.4,倩女幽魂3：道道道
574,香港,7.4,中南海保镖
575,法国,7.4,暴力街区13：终极
576,美国,7.4,剑鱼行动
577,英国,7.4,世界尽头
578,香港,7.4,97古惑仔战无不胜
579,美国,7.4,会计刺客
580,美国,7.4,活死人黎明
581,美国,7.4,伸冤人
582,美国,7.4,赶尽杀绝
583,美国,7.4,恐怖星球
584,香港,7.4,A计划续集
585,美国,7.4,极度深寒
586,美国,7.4,夺命深渊
587,印度,7.4,功夫小蝇
588,美国,7.4,撕裂的末日
589,香港,7.4,快餐车
590,香港,7.4,警察故事3：超级警察
591,美国,7.4,绝地战警
592,韩国,7.4,我是杀人犯
593,日本,7.4,杀手阿一
594,美国,7.4,美国行动
595,韩国,7.4,摩天楼
596,美国,7.4,豪勇七蛟龙
597,美国,7.4,绝地战警2
598,美国,7.4,第一滴血3
599,美国,7.4,亚历山大大帝
600,美国,7.4,暴力史
601,香港,7.4,92黑玫瑰对黑玫瑰
602,香港,7.4,少年黄飞鸿之铁马骝
603,英国,7.4,西部慢调
604,俄罗斯,7.4,守日人
605,美国,7.4,抓住外国佬
606,中国大陆,7.4,陆小凤传奇之大金鹏王
607,墨西哥,7.4,杀手悲歌
608,美国,7.4,布鲁克林警察
609,美国,7.4,白头神探3
610,中国大陆,7.4,陆小凤传奇之绣花大盗
611,美国,7.4,惊爆点
612,美国,7.4,洛奇4
613,美国,7.4,好景在望
614,美国,7.4,蝙蝠侠：哥谭骑士
615,美国,7.4,幻影英雄
616,香港,7.4,蝶变
617,美国,7.4,邮差
618,美国,7.4,亲爱的，我把我们缩小了
619,香港,7.4,独臂刀
620,美国,7.4,中途岛之战
621,美国,7.4,烈火雄心
622,香港,7.4,我爱夜来香
623,中国大陆,7.4,黄河大侠
624,香港,7.4,爱‧作战
625,新加坡,7.4,茶舞
626,美国,7.4,忍者神龟
627,香港,7.4,自古英雄出少年
628,台湾,7.4,上海滩十三太保
629,美国,7.4,豪勇七蛟龙
630,日本,7.4,宫本武藏续 一乘寺之决斗
631,美国,7.4,突出部之役
632,香港,7.4,天涯明月刀
633,香港,7.4,十三太保
634,韩国,7.4,越狱二人组
635,美国,7.4,乐高DC超级英雄：正义联盟之宇宙冲击
636,挪威,7.4,恶魔岛之王
637,香港,7.4,海市蜃楼
638,美国,7.4,墓碑镇
639,韩国,7.4,没教养的家伙
640,日本,7.4,东京快递
641,荷兰,7.4,海军上将
642,美国,7.4,回火
643,英国,7.4,士海蛟龙
644,中国大陆,7.3,绣春刀II：修罗战场
645,美国,7.3,加勒比海盗5：死无对证
646,韩国,7.3,雪国列车
647,美国,7.3,雷神2：黑暗世界
648,美国,7.3,饥饿游戏2：星火燎原
649,中国大陆,7.3,新警察故事
650,美国,7.3,超凡蜘蛛侠2
651,美国,7.3,僵尸世界大战
652,中国大陆,7.3,扫毒
653,美国,7.3,谍影重重5
654,美国,7.3,星球大战外传：侠盗一号
655,香港,7.3,杀破狼2
656,美国,7.3,碟中谍3
657,香港,7.3,线人
658,美国,7.3,星际迷航3：超越星辰
659,美国,7.3,惊天危机
660,美国,7.3,王牌保镖
661,香港,7.3,我是谁
662,香港,7.3,破坏之王
663,美国,7.3,十三罗汉
664,香港,7.3,倚天屠龙记之魔教教主
665,美国,7.3,怒火攻心
666,美国,7.3,亡命驾驶
667,香港,7.3,红番区
668,美国,7.3,疾速特攻
669,香港,7.3,双龙会
670,美国,7.3,极限特工
671,美国,7.3,极速60秒
672,韩国,7.3,柏林
673,香港,7.3,旺角黑夜
674,香港,7.3,新天龙八部之天山童姥
675,德国,7.3,深空失忆
676,美国,7.3,猫头鹰王国：守卫者传奇
677,香港,7.3,醉拳
678,英国,7.3,007之黑日危机
679,香港,7.3,警察故事续集
680,香港,7.3,东方三侠
681,法国,7.3,的士速递3
682,印度,7.3,巴霍巴利王：开端
683,美国,7.3,重生男人
684,美国,7.3,刺杀据点
685,香港,7.3,警察故事4：简单任务
686,韩国,7.3,嫌疑人
687,美国,7.3,墨西哥往事
688,韩国,7.3,被操纵的城市
689,韩国,7.3,犯罪都市
690,香港,7.3,臭屁王
691,香港,7.3,一眉道人
692,美国,7.3,深入敌后
693,韩国,7.3,生死谍变
694,美国,7.3,反斗神鹰
695,美国,7.3,乌鸦
696,美国,7.3,空战英豪
697,韩国,7.3,海岸线
698,日本,7.3,极恶非道3
699,美国,7.3,圣战骑士
700,香港,7.3,最佳拍档2：大显神通
701,香港,7.3,十万火急
702,韩国,7.3,甜蜜的人生
703,中国大陆,7.3,陆小凤传奇之凤舞九天
704,韩国,7.3,汉城大劫案
705,香港,7.3,旺角揸fit人
706,中国大陆,7.3,陆小凤传奇之银钩赌坊
707,美国,7.3,电子世界争霸战
708,中国,7.3,陆小凤传奇之血衣之谜
709,美国,7.3,正义联盟：两个地球的危机
710,美国,7.3,黑暗正义联盟
711,爱尔兰,7.3,雅多维尔围城战
712,韩国,7.3,杀手公司
713,美国,7.3,最高危机
714,香港,7.3,东方秃鹰
715,美国,7.3,小叮当与海盗仙子
716,美国,7.3,自杀小队：严厉惩罚
717,美国,7.3,极度空间
718,香港,7.3,少林搭棚大师
719,日本,7.3,沸点
720,香港,7.3,多情剑客无情剑
721,台湾,7.3,国士无双
722,美国,7.3,复仇少年
723,中国,7.3,烈火金钢
724,香港,7.3,蝎子战士
725,加拿大,7.3,无枪侠
726,中国大陆,7.3,侠僧探案传奇之洛阳花会
727,香港,7.3,爱与诚
728,美国,7.3,沙漠骑兵
729,中国大陆,7.3,侠僧探案传奇之开封府
730,美国,7.3,交战规则
731,香港,7.3,愈堕落，愈英雄
732,香港,7.3,武松
733,巴西,7.3,两只兔子
734,俄罗斯,7.3,新地群岛
735,香港,7.3,残缺
736,中国大陆,7.3,铸剑
737,印度,7.3,追踪再现
738,香港,7.3,马永贞
739,中国大陆,7.2,战狼2
740,美国,7.2,复仇者联盟2：奥创纪元
741,香港,7.2,宝贝计划
742,美国,7.2,钢铁侠2
743,美国,7.2,超凡蜘蛛侠
744,美国,7.2,金刚狼
745,美国,7.2,博物馆奇妙夜
746,中国大陆,7.2,叶问2：宗师传奇
747,美国,7.2,蜘蛛侠2
748,中国大陆,7.2,毒战
749,美国,7.2,特种部队：眼镜蛇的崛起
750,美国,7.2,特工绍特
751,香港,7.2,杀破狼·贪狼
752,美国,7.2,星球大战8：最后的绝地武士
753,美国,7.2,超能查派
754,香港,7.2,证人
755,法国,7.2,玩命快递
756,美国,7.2,极品飞车
757,香港,7.2,杀破狼
758,英国,7.2,王牌贱谍：格林斯比
759,法国,7.2,玩命快递2
760,美国,7.2,黑夜传说2：进化
761,香港,7.2,东方不败风云再起
762,香港,7.2,救火英雄
763,美国,7.2,未来水世界
764,香港,7.2,城市猎人
765,美国,7.2,断箭
766,香港,7.2,98古惑仔之龙争虎斗
767,美国,7.2,记忆裂痕
768,美国,7.2,蝙蝠侠
769,美国,7.2,第一滴血4
770,英国,7.2,007之明日帝国
746,中国大陆,7.2,叶问2：宗师传奇
747,美国,7.2,蜘蛛侠2
748,中国大陆,7.2,毒战
749,美国,7.2,特种部队：眼镜蛇的崛起
750,美国,7.2,特工绍特
751,香港,7.2,杀破狼·贪狼
752,美国,7.2,星球大战8：最后的绝地武士
753,美国,7.2,超能查派
754,香港,7.2,证人
755,法国,7.2,玩命快递
756,美国,7.2,极品飞车
757,香港,7.2,杀破狼
758,英国,7.2,王牌贱谍：格林斯比
759,法国,7.2,玩命快递2
760,美国,7.2,黑夜传说2：进化
761,香港,7.2,东方不败风云再起
762,香港,7.2,救火英雄
763,美国,7.2,未来水世界
764,香港,7.2,城市猎人
765,美国,7.2,断箭
766,香港,7.2,98古惑仔之龙争虎斗
767,美国,7.2,记忆裂痕
768,美国,7.2,蝙蝠侠
769,美国,7.2,第一滴血4
770,英国,7.2,007之明日帝国
771,香港,7.2,超级学校霸王
772,美国,7.2,火星人玩转地球
773,美国,7.2,太阳泪
774,美国,7.2,神探飞机头
775,美国,7.2,铁拳
776,美国,7.2,蝙蝠侠归来
777,韩国,7.2,阿修罗
778,美国,7.2,龙卷风
779,美国,7.2,冲出宁静号
780,美国,7.2,绿区
781,美国,7.2,蒸发密令
782,中国大陆,7.2,倭寇的踪迹
783,美国,7.2,一线声机
784,印度,7.2,宝莱坞机器人之恋
785,韩国,7.2,田禹治
786,韩国,7.2,华颐：吞噬怪物的孩子
787,泰国,7.2,冬荫功
788,美国,7.2,无处可逃
789,印度,7.2,幻影车神：魔盗激情
790,美国,7.2,怒海救援
791,香港,7.2,O记三合会档案
792,香港,7.2,福星高照
793,韩国,7.2,青年警察
794,法国,7.2,星际之门
795,美国,7.2,非法制裁
796,香港,7.2,现代豪侠传
797,澳大利亚,7.2,疯狂的麦克斯2
798,美国,7.2,改朝换代
799,美国,7.2,贼巢
800,韩国,7.2,大虎
801,中国大陆,7.2,陆小凤传奇之决战前后
802,中国,7.2,陆小凤传奇之幽灵山庄
803,美国,7.2,星际旅行3：石破天惊
804,中国大陆,7.2,陆小凤传奇之剑神一笑
805,意大利,7.2,活死人黎明
806,香港,7.2,富贵列车
807,美国,7.2,危险人物
808,美国,7.2,星际旅行9：起义
809,英国,7.2,迷失1971
810,美国,7.2,火线狙击
811,香港,7.2,三少爷的剑
812,美国,7.2,魔鬼女大兵
813,香港,7.2,鹰爪铁布衫
814,美国,7.2,黑雨
815,新西兰,7.2,坏品位
816,美国,7.2,末世纪暴潮
817,美国,7.2,未来蝙蝠侠：小丑归来
818,法国,7.2,复活
819,美国,7.2,光晕：传奇
820,香港,7.2,摄氏32度
821,加拿大,7.2,西雅图斗争
822,中国大陆,7.2,侠僧探案传奇之醉玲珑
823,美国,7.2,血溅十三号警署
824,美国,7.2,惊爆星期四
825,香港,7.2,独臂刀王
826,美国,7.2,紧急搜捕令
827,中国大陆,7.2,东归英雄传
828,香港,7.2,大上海1937
829,美国,7.2,苍白骑士
830,香港,7.2,陆小凤传奇之绣花大盗
831,荷兰,7.2,阿姆斯特丹的水鬼
832,法国,7.1,超体
833,美国,7.1,神奇女侠
834,美国,7.1,速度与激情8
835,美国,7.1,星球大战7：原力觉醒
836,英国,7.1,英伦对决
837,韩国,7.1,夺宝联盟
838,美国,7.1,生化危机3：灭绝
839,美国,7.1,波斯王子：时之刃
840,美国,7.1,国家宝藏：夺宝秘笈
841,美国,7.1,速度与激情2
842,美国,7.1,十二罗汉
843,美国,7.1,终结者3
844,法国,7.1,别惹我
845,美国,7.1,赤焰战场2
846,法国,7.1,杀手：代号47
847,香港,7.1,大追捕
848,美国,7.1,疾速追杀
849,美国,7.1,鹰眼
850,美国,7.1,极寒之城
851,英国,7.1,007之择日而亡
852,美国,7.1,幽冥
853,法国,7.1,绿芥刑警
854,香港,7.1,鼠胆龙威
855,日本,7.1,生化危机：恶化
856,香港,7.1,英雄本色3：夕阳之歌
857,美国,7.1,星际传奇
858,美国,7.1,勇闯16街区
859,香港,7.1,打擂台
860,英国,7.1,铁面人
861,美国,7.1,小贼、美女和妙探
862,美国,7.1,处刑人2
863,香港,7.1,超时空要爱
864,美国,7.1,反抗军
865,香港,7.1,夏日福星
866,美国,7.1,四兄弟
867,韩国,7.1,最终兵器：弓
868,日本,7.1,2077日本锁国
869,英国,7.1,007之金手指
870,美国,7.1,深海狂鲨
871,香港,7.1,川岛芳子
872,香港,7.1,鬼打鬼
873,英国,7.1,007之俄罗斯之恋
874,香港,7.1,飞龙猛将
875,美国,7.1,魔鬼司令
876,日本,7.1,月光游侠
877,美国,7.1,终极斗士2
878,香港,7.1,高度戒备
879,日本,7.1,寿喜烧西部片
880,美国,7.1,大偷袭
881,美国,7.1,冰雪勇士
882,美国,7.1,侠盗王子罗宾汉
883,俄罗斯,7.1,古墓迷途
884,香港,7.1,至尊无上之永霸天下
885,美国,7.1,超人与蝙蝠侠：公众之敌
886,美国,7.1,双狙人
887,比利时,7.1,恶魔的替身
888,美国,7.1,十万火急
889,香港,7.1,五亿探长雷洛传III（大结局）
890,俄罗斯,7.1,潘菲洛夫28勇士
891,日本,7.1,图书馆战争2：最后的任务
892,中国大陆,7.1,侠僧探案传奇之聚义钱庄
893,韩国,7.1,两个坏小子
894,香港,7.1,的士判官
895,美国,7.1,刺客战场
896,美国,7.1,匈奴大帝
897,美国,7.1,紧急44分钟
898,印度,7.1,代号猛虎行动
899,香港,7.1,杂家小子
900,法国,7.1,猎豹行动
901,香港,7.1,飞刀手
902,中国大陆,7.1,侠僧探案传奇之将军府
903,香港,7.1,特警急先锋
904,香港,7.1,蝙蝠传奇
905,美国,7.0,变形金刚3
906,英国,7.0,王牌特工2：黄金圈
907,中国大陆,7.0,厨子戏子痞子
908,香港,7.0,头文字D
909,法国,7.0,星际特工：千星之城
910,美国,7.0,蜘蛛侠3
911,中国大陆,7.0,剑雨
912,英国,7.0,极盗车神
913,美国,7.0,勇敢者游戏：决战丛林
914,美国,7.0,末日崩塌
915,美国,7.0,碟中谍2
916,美国,7.0,全面回忆
917,美国,7.0,古墓丽影
918,日本,7.0,银魂
919,美国,7.0,预见未来
920,美国,7.0,逃出克隆岛
921,捷克,7.0,范海辛
922,美国,7.0,独行侠
923,美国,7.0,侏罗纪公园3
924,美国,7.0,异形3
925,美国,7.0,哥斯拉
926,美国,7.0,亚瑟王：斗兽争霸
927,美国,7.0,间谍同盟
928,韩国,7.0,鸣梁海战
929,日本,7.0,请叫我英雄
930,香港,7.0,六指琴魔
931,美国,7.0,歪小子斯科特对抗全世界
932,美国,7.0,致命急件
933,美国,7.0,天地大冲撞
934,印度,7.0,巴霍巴利王2：终结
935,美国,7.0,谎言之躯
936,丹麦,7.0,野蛮人罗纳尔
937,美国,7.0,时间机器
938,美国,7.0,谍海计中计
939,香港,7.0,新仙鹤神针
940,美国,7.0,游侠索罗：星球大战外传
941,香港,7.0,水浒传之英雄本色
942,加拿大,7.0,乱战
943,美国,7.0,菠萝快车
944,美国,7.0,王者之心
945,美国,7.0,神探飞机头2
946,俄罗斯,7.0,守夜人
947,美国,7.0,大买卖
948,日本,7.0,图书馆战争
949,美国,7.0,荒野大飚客
950,日本,7.0,忍者蝙蝠侠
951,日本,7.0,忍之国
952,香港,7.0,最佳拍档3：女皇密令
953,美国,7.0,泰若星球
954,美国,7.0,夺金三王
955,美国,7.0,森林泰山
956,英国,7.0,007之黎明生机
957,英国,7.0,007之最高机密
958,英国,7.0,007之海底城
959,法国,7.0,企业战士
960,美国,7.0,星际旅行7：斗转星移
961,香港,7.0,西楚霸王
962,美国,7.0,致命武器
963,美国,7.0,特工狂花
964,韩国,7.0,头师父一体
965,韩国,7.0,不汗党
966,德国,7.0,尼伯龙根的指环
967,美国,7.0,燃眉追击
968,香港,7.0,群龙夺宝
969,美国,7.0,永不退缩
970,美国,7.0,生命的证据
971,韩国,7.0,刑事
972,香港,7.0,乌鼠机密档案
973,美国,7.0,致命武器2
974,美国,7.0,阿帕鲁萨镇
975,香港,7.0,玫瑰玫瑰我爱你
976,香港,7.0,五郎八卦棍
977,中国大陆,7.0,侠僧探案传奇之王陵之谜
978,美国,7.0,圣徒
979,中国大陆,7.0,侠僧探案传奇之大兴赌坊
980,香港,7.0,阿金
981,韩国,7.0,人民公敌
982,香港,7.0,伴我闯天涯
983,中国大陆,7.0,踏雪寻梅
984,美国,7.0,无敌大猩猩
985,美国,7.0,警察学校4：全民警察
986,香港,7.0,八彩林亚珍
987,印度,7.0,雄狮
988,韩国,7.0,苏格拉底先生
989,香港,7.0,水浒传
990,美国,7.0,破茧威龙
991,中国大陆,6.9,唐人街探案2
992,英国,6.9,007：大破天幕杀机
993,中国大陆,6.9,寒战2
994,中国大陆,6.9,英雄
995,美国,6.9,猩球崛起3：终极之战
996,美国,6.9,超人：钢铁之躯
997,美国,6.9,时间规划局
998,美国,6.9,沉睡魔咒
999,中国大陆,6.9,投名状
1000,美国,6.9,安德的游戏
1001,美国,6.9,遗落战境
1002,美国,6.9,终结者：创世纪
1003,美国,6.9,机械师
1004,香港,6.9,导火线
1005,法国,6.9,暴力街区
1006,法国,6.9,玩命快递3
1007,美国,6.9,尖峰时刻
1008,美国,6.9,豚鼠特攻队
1009,美国,6.9,地狱男爵
1010,美国,6.9,刀锋战士
1011,法国,6.9,致命黑兰
1012,中国大陆,6.9,神探亨特张
1013,英国,6.9,超能失控
1014,美国,6.9,夺宝奇兵4
1015,美国,6.9,刀锋战士2
1016,日本,6.9,寄生兽：完结篇
1017,香港,6.9,江湖
1018,香港,6.9,咖喱辣椒
1019,美国,6.9,大战外星人
1020,美国,6.9,佐罗传奇
1021,法国,6.9,的士速递4
1022,美国,6.9,耐撕侦探
998,美国,6.9,沉睡魔咒
999,中国大陆,6.9,投名状
1000,美国,6.9,安德的游戏
1001,美国,6.9,遗落战境
1002,美国,6.9,终结者：创世纪
1003,美国,6.9,机械师
1004,香港,6.9,导火线
1005,法国,6.9,暴力街区
1006,法国,6.9,玩命快递3
1007,美国,6.9,尖峰时刻
1008,美国,6.9,豚鼠特攻队
1009,美国,6.9,地狱男爵
1010,美国,6.9,刀锋战士
1011,法国,6.9,致命黑兰
1012,中国大陆,6.9,神探亨特张
1013,英国,6.9,超能失控
1014,美国,6.9,夺宝奇兵4
1015,美国,6.9,刀锋战士2
1016,日本,6.9,寄生兽：完结篇
1017,香港,6.9,江湖
1018,香港,6.9,咖喱辣椒
1019,美国,6.9,大战外星人
1020,美国,6.9,佐罗传奇
1021,法国,6.9,的士速递4
1022,美国,6.9,耐撕侦探
1023,香港,6.9,新精武门1991
1024,香港,6.9,黄飞鸿之铁鸡斗蜈蚣
1025,香港,6.9,力王
1026,香港,6.9,第一诫
1027,美国,6.9,天降奇兵
1028,美国,6.9,银行匪帮
1029,中国大陆,6.9,黄飞鸿之四：王者之风
1030,香港,6.9,蜀山：新蜀山剑侠
1031,英国,6.9,兵人
1032,香港,6.9,龙兄虎弟
1033,美国,6.9,五路追杀令
1034,美国,6.9,活火熔城
1035,法国,6.9,不朽
1036,美国,6.9,机器战警2
1037,美国,6.9,间谍游戏
1038,英国,6.9,007之诺博士
1039,香港,6.9,龙的心
1040,保加利亚,6.9,终极斗士4
1041,美国,6.9,墨西哥人
1042,香港,6.9,重案组
1043,英国,6.9,007之太空城
1044,日本,6.9,阿修罗城之瞳
1045,香港,6.9,超级计划
1046,法国,6.9,空中杀阵
1047,美国,6.9,至暴之年
1048,美国,6.9,星际旅行10：复仇女神
1049,法国,6.9,潜龙轰天
1050,香港,6.9,江湖情
1051,中国大陆,6.9,南北少林
1052,美国,6.9,机关枪牧师
1053,香港,6.9,人吓人
1054,香港,6.9,风雨同路
1055,美国,6.9,公平游戏
1056,香港,6.9,僵尸至尊
1057,香港,6.9,鬼咬鬼
1058,香港,6.9,赤脚小子
1059,韩国,6.9,罗密欧点
1060,墨西哥,6.9,我呼吸的空气
1061,香港,6.9,义胆群英
1062,香港,6.9,神勇双响炮
1063,日本,6.9,1942
1064,法国,6.9,车神
1065,美国,6.9,地狱醒龙
1066,美国,6.9,勒索风云
1067,香港,6.9,表姐，你好嘢！2
1068,中国大陆,6.9,侠僧探案传奇之白马镖局
1069,美国,6.9,追讨者
1070,日本,6.9,东京僵尸
1071,日本,6.9,盛夏的猎户座
1072,美国,6.9,连锁阴谋
1073,香港,6.9,安乐战场
1074,美国,6.9,海角擒凶
1075,香港,6.9,冷血十三鹰
1076,香港,6.9,去吧！揸Fit人兵团
1077,韩国,6.9,风斗士
1078,美国,6.8,饥饿游戏
1079,中国大陆,6.8,黄金大劫案
1080,中国大陆,6.8,战狼
1081,美国,6.8,环形使者
1082,美国,6.8,移动迷宫
1083,中国大陆,6.8,天台爱情
1084,中国大陆,6.8,大兵小将
1085,美国,6.8,博物馆奇妙夜2
1086,美国,6.8,敢死队2
1087,美国,6.8,无敌浩克
1088,美国,6.8,极盗者
1089,美国,6.8,纳尼亚传奇2：凯斯宾王子
1090,中国大陆,6.8,男儿本色
1091,韩国,6.8,狼的诱惑
1092,美国,6.8,危情谍战
1093,香港,6.8,风云雄霸天下
1094,香港,6.8,阿童木
1095,美国,6.8,怒火攻心2：高压电
1096,美国,6.8,异形大战铁血战士
1097,美国,6.8,决战猩球
1098,美国,6.8,糊涂侦探
1099,香港,6.8,无敌幸运星
1100,美国,6.8,背水一战
1101,美国,6.8,嗜血破晓
1102,美国,6.8,第六日
1103,美国,6.8,龙虎少年队
1104,美国,6.8,热带惊雷
1105,加拿大,6.8,神勇奶爸
1106,爱尔兰,6.8,亚瑟王
1107,美国,6.8,特工佳丽
1108,香港,6.8,黄飞鸿之西域雄狮
1109,美国,6.8,龙虎少年队2
1110,美国,6.8,高楼大劫案
1111,香港,6.8,复仇
1112,美国,6.8,藏身之所
1113,香港,6.8,一个好人
1114,美国,6.8,星际传奇2
1115,美国,6.8,光晕4：航向黎明号
1116,美国,6.8,完美逃亡
1117,美国,6.8,藏品
1118,美国,6.8,最终幻想：灵魂深处
1119,日本,6.8,侠盗石川
1120,韩国,6.8,杀人优越权
1121,美国,6.8,超级妈妈
1122,韩国,6.8,共助
1123,香港,6.8,新碧血剑
1124,日本,6.8,多罗罗
1125,香港,6.8,龙在江湖
1126,香港,6.8,蛇形刁手
1127,香港,6.8,神偷谍影
1128,美国,6.8,卧底肥妈2
1129,美国,6.8,狱中豪杰
1130,法国,6.8,血溅13号警署
1131,美国,6.8,惊天核网
1132,香港,6.8,咏春
1133,香港,6.8,马永贞
1134,香港,6.8,霹雳先锋
1135,美国,6.8,天崩地裂
1136,日本,6.8,明日之丈
1137,香港,6.8,侠盗高飞
1138,香港,6.8,师弟出马
1139,香港,6.8,最佳拍档4：千里救差婆
1140,泰国,6.8,女拳霸
1141,美国,6.8,超人2
1142,英国,6.8,007之杀人执照
1143,英国,6.8,007之霹雳弹
1144,英国,6.8,007之八爪女
1145,英国,6.8,007之雷霆谷
1146,英国,6.8,007之雷霆杀机
1147,香港,6.8,将计就计
1148,美国,6.8,猛龙怪客
1149,美国,6.8,暗夜列车
1150,香港,6.8,无味神探
1151,韩国,6.8,武士
1152,美国,6.8,蝙蝠侠：血脉恩仇
1153,香港,6.8,英雄好汉
1154,美国,6.8,一路响叮当
1155,法国,6.8,猎物
1156,美国,6.8,潜龙轰天2
1157,美国,6.8,迷失太空
1158,美国,6.8,琼斯的自由国度
1159,美国,6.8,冒名顶替
1160,印度,6.8,新年行动
1161,美国,6.8,新木马屠城记
1162,香港,6.8,浑身是胆
1163,香港,6.8,横财三千万
1164,美国,6.8,神奇女侠
1165,德国,6.8,非我吉日
1166,美国,6.8,黑色炸药
1167,美国,6.8,龙之心
1168,印度,6.8,空中撤离
1169,韩国,6.8,暴力圈
1170,美国,6.8,第十三个勇士
1171,美国,6.8,千钧一刻
1172,日本,6.8,非关正义2：真相
1173,美国,6.8,比佛利山超级警探
1174,美国,6.8,终极尖兵
1175,瑞典,6.8,圣殿骑士
1176,美国,6.8,高地人：复仇之旅
1177,中国大陆,6.8,无敌鸳鸯腿
1178,香港,6.8,提防小手
1179,美国,6.8,至尊神探
1180,挪威,6.8,马克斯·马努斯
1181,中国大陆,6.7,龙门飞甲
1182,美国,6.7,雷神
1183,美国,6.7,全民超人汉考克
1184,美国,6.7,敢死队
1185,中国大陆,6.7,使徒行者
1186,香港,6.7,保持通话
1187,美国,6.7,谍影重重4
1188,美国,6.7,霍元甲
1189,美国,6.7,敢死队3
1190,法国,6.7,飓风营救2
1191,美国,6.7,终结者2018
1192,美国,6.7,狂暴巨兽
1193,美国,6.7,霹雳娇娃
1194,法国,6.7,三个火枪手
1195,美国,6.7,地心历险记
1196,美国,6.7,尖峰时刻2
1197,美国,6.7,地狱男爵2：黄金军团
1198,美国,6.7,罪恶之城2
1199,美国,6.7,黑夜传说前传：狼族再起
1200,韩国,6.7,特工强档
1201,美国,6.7,通勤营救
1202,美国,6.7,未来战警
1203,美国,6.7,猫狗大战
1204,美国,6.7,海神号
1205,美国,6.7,罗宾汉
1206,美国,6.7,不惧风暴
1207,香港,6.7,黑侠
1208,中国,6.7,我的唐朝兄弟
1209,香港,6.7,霹雳火
1210,香港,6.7,漫画威龙
1211,日本,6.7,甲贺忍法帖
1212,香港,6.7,师兄撞鬼
1213,美国,6.7,暗夜逐仇
1214,香港,6.7,龙在少林
1215,香港,6.7,赌神3之少年赌神
1216,美国,6.7,超级英雄
1217,美国,6.7,六天七夜
1218,美国,6.7,飙风战警
1219,韩国,6.7,好家伙、坏家伙、怪家伙
1220,日本,6.7,鼹鼠之歌
1221,美国,6.7,丛林奇兵
1222,香港,6.7,黄飞鸿之五：龙城歼霸
1223,香港,6.7,烈火战车
1224,俄罗斯,6.7,穿越火线
1225,法国,6.7,侠盗魅影
1226,韩国,6.7,随风而逝
1227,美国,6.7,星河战队：入侵
1228,香港,6.7,伦文叙老点柳先开
1229,美国,6.7,碧海追踪
1230,法国,6.7,暗流2：末日天使
1231,美国,6.7,机器战警3
1232,瑞典,6.7,国家利益
1233,香港,6.7,富贵兵团
1234,日本,6.7,亚人 真人版
1235,美国,6.7,狙击职业杀手
1236,美国,6.7,火线对峙
1237,香港,6.7,机动部队—警例
1238,英国,6.7,007之金刚钻
1239,香港,6.7,中国龙
1240,法国,6.7,单刀直入
1241,英国,6.7,007之金枪人
1242,英国,6.7,007之你死我活
1243,美国,6.7,星际旅行5：终极先锋
1244,香港,6.7,老虎出更
1245,法国,6.7,多米诺
1246,香港,6.7,五虎将之决裂
1247,香港,6.7,新最佳拍档
1248,香港,6.7,驱魔道长
1249,香港,6.7,神勇飞虎霸王花
1250,韩国,6.7,家族荣誉2：家门的危机
1251,香港,6.7,新火烧红莲寺
1252,韩国,6.7,高跟鞋
1253,香港,6.7,花旗少林
1254,韩国,6.7,手机
1255,韩国,6.7,传说的拳头
1256,香港,6.7,爱奴
1257,美国,6.7,飞机总动员2：火线救援
1258,香港,6.7,生死拳
1259,美国,6.7,绿灯侠：首次飞行
1260,韩国,6.7,加油站袭击事件2
1261,英国,6.7,007外传之巡弋飞弹
1262,美国,6.7,烈血天空
1263,美国,6.7,蝙蝠侠：煤气灯下的哥谭
1264,美国,6.7,猩球征服
1265,美国,6.7,致命武器3
1266,美国,6.7,贝城歹徒
1267,韩国,6.7,头师父一体2
1268,中国大陆,6.7,木棉袈裟
1269,日本,6.7,不公平 电影版
1270,香港,6.7,浪漫风暴
1271,韩国,6.7,野兽
1272,美国,6.7,割喉岛
1273,美国,6.7,终极悍将
1274,美国,6.7,网络上身
1275,美国,6.7,全面追捕令
1250,韩国,6.7,家族荣誉2：家门的危机
1251,香港,6.7,新火烧红莲寺
1252,韩国,6.7,高跟鞋
1253,香港,6.7,花旗少林
1254,韩国,6.7,手机
1255,韩国,6.7,传说的拳头
1256,香港,6.7,爱奴
1257,美国,6.7,飞机总动员2：火线救援
1258,香港,6.7,生死拳
1259,美国,6.7,绿灯侠：首次飞行
1260,韩国,6.7,加油站袭击事件2
1261,英国,6.7,007外传之巡弋飞弹
1262,美国,6.7,烈血天空
1263,美国,6.7,蝙蝠侠：煤气灯下的哥谭
1264,美国,6.7,猩球征服
1265,美国,6.7,致命武器3
1266,美国,6.7,贝城歹徒
1267,韩国,6.7,头师父一体2
1268,中国大陆,6.7,木棉袈裟
1269,日本,6.7,不公平 电影版
1270,香港,6.7,浪漫风暴
1271,韩国,6.7,野兽
1272,美国,6.7,割喉岛
1273,美国,6.7,终极悍将
1274,美国,6.7,网络上身
1275,美国,6.7,全面追捕令
1276,韩国,6.7,晴空战士
1277,香港,6.7,狱中龙
1278,美国,6.7,血腥拼图
1279,美国,6.7,霹雳男儿
1280,韩国,6.7,蓝色
1281,法国,6.7,末路狂澜
1282,香港,6.7,瘦虎肥龙
1283,韩国,6.7,下流人生
1284,日本,6.7,宫本武藏：双剑驰骋之梦
1285,中国大陆,6.7,镖行天下之天下镖局
1286,香港,6.7,皇家师姐4：直击证人
1287,香港,6.7,双龙出海
1288,法国,6.7,法国缉毒风云
1289,日本,6.7,安达卢西亚：女神的报复
1290,中国大陆,6.6,十二生肖
1291,美国,6.6,黑豹
1292,美国,6.6,美国队长
1293,美国,6.6,蝙蝠侠大战超人：正义黎明
1294,美国,6.6,正义联盟
1295,美国,6.6,生化危机：终章
1296,美国,6.6,金刚：骷髅岛
1297,香港,6.6,武侠
1298,香港,6.6,枪王之王
1299,美国,6.6,超级战舰
1300,美国,6.6,速度与激情3：东京漂移
1301,中国大陆,6.6,大上海
1302,香港,6.6,夕阳天使
1303,芬兰,6.6,钢铁苍穹
1304,香港,6.6,十兄弟
1305,香港,6.6,冒险王
1306,美国,6.6,透明人
1307,美国,6.6,黑夜传说4：觉醒
1308,美国,6.6,玩命直播
1309,美国,6.6,艾利之书
1310,巴西,6.6,狂蟒之灾
1311,美国,6.6,地铁惊魂
1312,美国,6.6,特工争风
1313,美国,6.6,贝奥武夫
1314,美国,6.6,绝密飞行
1315,美国,6.6,地心抢险记
1316,台湾,6.6,变身超人
1317,韩国,6.6,海云台
1318,日本,6.6,杀戮都市
1319,美国,6.6,勇敢者的游戏2：太空飞行棋
1320,香港,6.6,九龙冰室
1321,美国,6.6,辣手警花
1322,香港,6.6,杀手之王
1323,美国,6.6,反恐特警组
1324,中国大陆,6.6,双城计中计
1325,韩国,6.6,同窗
1326,法国,6.6,特种部队
1327,美国,6.6,天空上尉与明日世界
1328,美国,6.6,日落之后
1329,香港,6.6,霸王花
1330,法国,6.6,狼族盟约
1331,香港,6.6,黄飞鸿'92之龙行天下
1332,香港,6.6,龙少爷
1333,韩国,6.6,神之一手
1334,台湾,6.6,火烧岛
1335,英国,6.6,007之女王密使
1336,香港,6.6,知法犯法
1337,印度,6.6,脑残粉
1338,加拿大,6.6,持枪流浪汉
1339,美国,6.6,爱国者游戏
1340,美国,6.6,红色星球
1341,韩国,6.6,R2B：回到基地
1342,美国,6.6,终极密码战
1343,美国,6.6,越空狂龙
1344,韩国,6.6,叛狱无间
1345,美国,6.6,致命快感
1346,美国,6.6,过关斩将
1347,英国,6.6,铁甲衣
1348,英国,6.6,布朗森
1349,美国,6.6,加州公路巡警
1350,香港,6.6,鬼打鬼之黄金道士
1351,美国,6.6,再造战士
1352,美国,6.6,绿灯侠：翡翠骑士
1353,美国,6.6,蝙蝠侠大战罗宾
1354,香港,6.6,江湖龙虎斗
1355,韩国,6.6,愤怒的律师
1356,日本,6.6,Z岛
1357,韩国,6.6,2009迷失的记忆
1358,美国,6.6,双狙人2
1359,美国,6.6,刚果惊魂
1360,香港,6.6,醉生梦死之湾仔之虎
1361,美国,6.6,幼儿园警探
1362,加拿大,6.6,星际之门：时空连续
1363,美国,6.6,野蛮人柯南
1364,美国,6.6,纽约大地震
1365,日本,6.6,以藏
1366,美国,6.6,独行铁金刚
1367,韩国,6.6,汉城警事
1368,香港,6.6,妖魔道
1369,香港,6.6,卫斯理之霸王卸甲
1370,香港,6.6,林世荣
1371,香港,6.6,少林五祖
1372,美国,6.6,红带高手
1373,丹麦,6.6,日出英烈祠
1374,加拿大,6.6,异形终结
1375,中国,6.6,神秘的大佛
1376,美国,6.6,当铺大乱斗
1377,香港,6.6,义胆红唇
1378,香港,6.6,忠义群英
1379,美国,6.5,变形金刚4：绝迹重生
1380,中国大陆,6.5,狄仁杰之神都龙王
1381,美国,6.5,神奇四侠
1382,美国,6.5,创：战纪
1383,美国,6.5,超验骇客
1384,美国,6.5,绿巨人浩克
1385,美国,6.5,采访
1386,美国,6.5,超人归来
1387,美国,6.5,心灵传输者
1388,美国,6.5,古墓丽影2
1389,中国大陆,6.5,三岔口
1390,中国大陆,6.5,大事件
1391,美国,6.5,弯刀
1392,美国,6.5,霹雳娇娃2
1393,美国,6.5,刀锋战士3
1394,香港,6.5,暗战2
1395,美国,6.5,极限特工2
1396,美国,6.5,人狼大战
1397,德国,6.5,蝎子王
1398,美国,6.5,铁血精英
1399,中国大陆,6.5,天地英雄
1400,香港,6.5,Laughing Gor之变节
1401,中国大陆,6.5,引爆者
1402,香港,6.5,黑白森林
1403,英国,6.5,法老与众神
1404,美国,6.5,永远的蝙蝠侠
1405,美国,6.5,匪帮传奇
1406,香港,6.5,白发魔女2
1407,日本,6.5,杀戮都市2
1408,法国,6.5,龙之吻
1409,韩国,6.5,公司职员
1410,美国,6.5,双龙出手
1411,法国,6.5,巴黎谍影
1412,美国,6.5,禁运品
1413,美国,6.5,警察游戏
1414,日本,6.5,生化危机：复仇
1415,美国,6.5,惩罚者2：战争特区
1416,韩国,6.5,朋友2
1417,韩国,6.5,密探
1418,韩国,6.5,金融决战
1419,韩国,6.5,群盗：民乱的时代
1420,美国,6.5,街头之王
1421,日本,6.5,极道鲜师电影版
1422,美国,6.5,的士飚花
1423,美国,6.5,特警判官
1424,美国,6.5,惊叫大电影
1425,美国,6.5,性感女特工
1426,美国,6.5,临时特工
1427,美国,6.5,真命天子
1428,香港,6.5,烈火战车2：极速传说
1429,中国大陆,6.5,龙之战
1430,日本,6.5,但丁的地狱之旅
1431,香港,6.5,野兽之瞳
1432,美国,6.5,凤凰劫
1433,台湾,6.5,学校霸王
1434,美国,6.5,末日戒备
1435,美国,6.5,困斗99号囚室
1436,法国,6.5,决战帝国
1437,香港,6.5,龙腾四海
1438,韩国,6.5,盗亦有道
1439,泰国,6.5,死党
1440,香港,6.5,笑拳怪招
1441,香港,6.5,紫雨风暴
1442,香港,6.5,卫斯理传奇
1443,香港,6.5,边城浪子
1444,美国,6.5,终极标靶
1445,韩国,6.5,台风
1446,美国,6.5,正义联盟大战少年泰坦
1447,香港,6.5,杨过与小龙女
1448,英国,6.5,闪灵战士
1449,美国,6.5,扑克之夜
1450,韩国,6.5,落跑老爸
1451,美国,6.5,捉鬼敢死队2
1452,香港,6.5,龙凤智多星
1453,香港,6.5,洗黑钱
1454,美国,6.5,驯鹿游戏
1455,美国,6.5,法国贩毒网2
1456,香港,6.5,死亡塔
1457,美国,6.5,烈日迷踪
1458,美国,6.5,超人之死
1459,美国,6.5,洛杉矶大逃亡
1460,香港,6.5,明月照尖东
1461,香港,6.5,再战江湖
1462,香港,6.5,飞虎
1463,香港,6.5,皇家师姐
1464,香港,6.5,剑奴
1465,香港,6.5,四大探长
1466,美国,6.5,突然死亡
1467,韩国,6.5,以牙还牙
1468,澳大利亚,6.5,凯利党
1469,日本,6.5,秋叶原@DEEP
1470,美国,6.5,少年泰坦：犹大契约
1471,中国大陆,6.4,狄仁杰之通天帝国
1472,中国大陆,6.4,武林外传
1473,美国,6.4,攻壳机动队
1474,美国,6.4,哥斯拉
1475,中国大陆,6.4,赤壁(下)
1476,香港,6.4,风暴
1477,美国,6.4,忍者神龟：变种时代
1478,中国大陆,6.4,消失的子弹
1479,美国,6.4,分歧者：异类觉醒
1480,英国,6.4,007：大破量子危机
1481,美国,6.4,特种部队2：全面反击
1482,中国大陆,6.4,拆弹专家
1483,中国大陆,6.4,痞子英雄之全面开战
1484,美国,6.4,灵魂战车
1485,香港,6.4,逆战
1486,法国,6.4,飓风营救3
1487,香港,6.4,东京攻略
1488,中国大陆,6.4,非凡任务
1489,中国大陆,6.4,蜀山传
1490,香港,6.4,大块头有大智慧
1491,香港,6.4,玻璃樽
1492,英国,6.4,超脑48小时
1493,美国,6.4,神战：权力之眼
1494,中国大陆,6.4,冲出亚马逊
1495,美国,6.4,尖峰时刻3
1496,中国大陆,6.4,硬汉2：奉陪到底
1497,香港,6.4,特务迷城
1498,香港,6.4,一本漫画闯天涯
1499,韩国,6.4,江南1970
1500,美国,6.4,超级英雄
1501,美国,6.4,致命弯道2
1502,美国,6.4,上海正午2：上海骑士
1503,美国,6.4,异种
1504,美国,6.4,惩罚者
1505,香港,6.4,新扎师兄
1506,香港,6.4,新古惑仔之少年激斗篇
1507,日本,6.4,变相黑侠
1508,美国,6.4,跨国银行
1509,美国,6.4,绝命反击
1510,美国,6.4,猫狗大战：珍珠猫复仇
1511,美国,6.4,三日刺杀
1512,香港,6.4,赌霸
1513,美国,6.4,铁血战士2
1514,英国,6.4,巴黎危机
1515,韩国,6.4,海盗
1516,香港,6.4,画皮之阴阳法王
1517,日本,6.4,网球王子
1518,澳大利亚,6.4,僵尸来袭
1519,日本,6.4,少女杀手阿墨
1520,澳大利亚,6.4,疯狂的麦克斯3
1521,日本,6.4,女座头市
1522,香港,6.4,赤裸羔羊
1523,香港,6.4,弹．道
1524,美国,6.4,血与骨
1525,美国,6.4,重返中世纪
1526,美国,6.4,大骚乱
1527,韩国,6.4,哭泣的男人
1503,美国,6.4,异种
1504,美国,6.4,惩罚者
1505,香港,6.4,新扎师兄
1506,香港,6.4,新古惑仔之少年激斗篇
1507,日本,6.4,变相黑侠
1508,美国,6.4,跨国银行
1509,美国,6.4,绝命反击
1510,美国,6.4,猫狗大战：珍珠猫复仇
1511,美国,6.4,三日刺杀
1512,香港,6.4,赌霸
1513,美国,6.4,铁血战士2
1514,英国,6.4,巴黎危机
1515,韩国,6.4,海盗
1516,香港,6.4,画皮之阴阳法王
1517,日本,6.4,网球王子
1518,澳大利亚,6.4,僵尸来袭
1519,日本,6.4,少女杀手阿墨
1520,澳大利亚,6.4,疯狂的麦克斯3
1521,日本,6.4,女座头市
1522,香港,6.4,赤裸羔羊
1523,香港,6.4,弹．道
1524,美国,6.4,血与骨
1525,美国,6.4,重返中世纪
1526,美国,6.4,大骚乱
1527,韩国,6.4,哭泣的男人
1528,英国,6.4,撒哈拉
1529,韩国,6.4,标靶
1530,香港,6.4,苏乞儿
1531,美国,6.4,双面劫匪
1532,美国,6.4,炮弹专家
1533,罗马尼亚,6.4,查理必死
1534,美国,6.4,致命武器4
1535,美国,6.4,终极斗士
1536,香港,6.4,战狼传说
1537,美国,6.4,蝙蝠侠之子
1538,德国,6.4,孤胆保镖
1539,美国,6.4,决战猩球
1540,香港,6.4,92霸王花与霸王花
1541,香港,6.4,急冻奇侠
1542,香港,6.4,爱上百分百英雄
1543,英国,6.4,超级少女
1544,德国,6.4,速度与激情之A2狂飙
1545,美国,6.4,国家保安
1546,美国,6.4,图书馆员：所罗门王的宝藏
1547,台湾,6.4,人蛇大战
1548,香港,6.4,极度重犯
1549,日本,6.4,回归者
1550,美国,6.4,时空悍将
1551,日本,6.4,太阳王子霍尔斯的大冒险
1552,中国大陆,6.4,英雄郑成功
1553,美国,6.4,妖魔大闹唐人街
1554,美国,6.4,钢铁侠与美国队长：英雄集结
1555,香港,6.4,杀人者唐斩
1556,印度,6.4,印度超人
1557,美国,6.4,双狙人3
1558,韩国,6.4,间谍
1559,香港,6.4,孔雀王子
1560,英国,6.4,纽约大逃亡
1561,美国,6.4,极速酷客
1562,美国,6.4,蝙蝠侠与哈莉·奎恩
1563,美国,6.4,正义联盟：新的边际
1564,香港,6.4,拳精
1565,美国,6.4,猎捕游戏
1566,香港,6.4,鬼赌鬼
1567,美国,6.4,李小龙传
1568,韩国,6.4,像火花像蝴蝶
1569,香港,6.4,告别紫禁城
1570,香港,6.4,财叔之横扫千军
1571,香港,6.4,龙之家族
1572,中国大陆,6.3,一步之遥
1573,中国大陆,6.3,神话
1574,中国大陆,6.3,赤壁(上)
1575,德国,6.3,生化危机4：战神再生
1576,中国大陆,6.3,鸿门宴传奇
1577,中国大陆,6.3,叶问3
1578,香港,6.3,赤裸特工
1579,美国,6.3,功夫梦
1580,美国,6.3,机械战警
1581,美国,6.3,古墓丽影：源起之战
1582,美国,6.3,忍者神龟2：破影而出
1583,美国,6.3,异星战场
1584,美国,6.3,奥林匹斯的陷落
1585,美国,6.3,明日世界
1586,香港,6.3,中华英雄
1587,中国大陆,6.3,破·局
1588,美国,6.3,吸血鬼猎人林肯
1589,美国,6.3,帕克
1590,英国,6.3,特警判官
1591,香港,6.3,忍者神龟
1592,中国大陆,6.3,铁三角
1593,美国,6.3,上海正午
1594,美国,6.3,游侠
1595,香港,6.3,特警新人类
1596,韩国,6.3,我的老婆是大佬
1597,香港,6.3,绝色神偷
1598,美国,6.3,星际传奇3
1599,美国,6.3,狂蟒之灾2
1600,美国,6.3,付出与收获
1601,香港,6.3,飞砂风中转
1602,韩国,6.3,金馆长对金馆长对金馆长
1603,韩国,6.3,高手们
1604,英国,6.3,胡桃夹子：魔境冒险
1605,日本,6.3,暗杀教室 真人版
1606,美国,6.3,非常小特务
1607,美国,6.3,老男孩
1608,美国,6.3,惊魂半小时
1609,美国,6.3,不速之客
1610,香港,6.3,机动部队—同袍
1611,香港,6.3,醉拳3
1612,中国,6.3,紧急迫降
1613,英国,6.3,百夫长
1614,中国大陆,6.3,李小龙我的兄弟
1615,香港,6.3,龙在天涯
1616,俄罗斯,6.3,黑色闪电
1617,香港,6.3,九一神雕侠侣
1618,美国,6.3,神探加吉特
1619,美国,6.3,王牌大贱谍
1620,美国,6.3,超狗任务
1621,中国大陆,6.3,缉枪
1622,香港,6.3,洪兴仔之江湖大风暴
1623,美国,6.3,海豹六队：突袭奥萨马本拉登
1624,美国,6.3,王牌大贱谍2
1625,香港,6.3,武侠七公主
1626,香港,6.3,挑战者
1627,韩国,6.3,无防备都市
1628,美国,6.3,刺杀游戏
1629,日本,6.3,暗杀教室：毕业篇
1630,香港,6.3,黄飞鸿笑传
1631,美国,6.3,魔鬼末日
1632,美国,6.3,间接伤害
1633,香港,6.3,五福星撞鬼
1634,美国,6.3,失陷猩球
1635,俄罗斯,6.3,白虎
1636,中国大陆,6.3,竞雄女侠秋瑾
1637,日本,6.3,无名的恋歌
1638,美国,6.3,重创
1639,日本,6.3,少女杀手阿墨2
1640,香港,6.3,阳光警察
1641,台湾,6.3,新七龙珠
1642,美国,6.3,小鬼神偷
1643,香港,6.3,新英雄本色
1644,法国,6.3,弹窗惊魂
1645,香港,6.3,蛇鹤八步
1646,英国,6.3,意外杀手
1647,香港,6.3,龙神太子
1648,加拿大,6.3,狂暴
1649,美国,6.3,红色警探
1650,香港,6.3,少林木人巷
1651,美国,6.3,昆宝出拳
1652,香港,6.3,黄飞鸿之鬼脚七
1653,香港,6.3,僵尸大时代
1654,日本,6.3,吸血少女大战再生萝莉
1655,韩国,6.3,仁寺洞丑闻
1656,香港,6.3,追日
1657,香港,6.3,B计划
1658,美国,6.3,复制人
1659,美国,6.3,天袭
1660,意大利,6.3,他们叫我吉克
1661,美国,6.3,浪荡子
1662,美国,6.3,塔拉德加之夜
1663,台湾,6.3,笑林老祖
1664,香港,6.3,特警屠龙
1665,美国,6.3,双重火力
1666,美国,6.3,亡命之计
1667,韩国,6.3,遗憾的都市
1668,韩国,6.3,杀掉我
1669,美国,6.3,邮政恐怖份子
1670,西班牙,6.3,敌对区域
1671,英国,6.2,007：幽灵党
1672,美国,6.2,自杀小队
1673,美国,6.2,金刚狼2
1674,香港,6.2,窃听风云3
1675,美国,6.2,饥饿游戏3：嘲笑鸟(下)
1676,美国,6.2,极乐空间
1677,美国,6.2,地心历险记2：神秘岛
1678,美国,6.2,神奇四侠2
1679,美国,6.2,海扁王2
1680,美国,6.2,虎胆龙威5
1681,中国大陆,6.2,一个人的武林
1682,美国,6.2,整编特工
1683,美国,6.2,家园防线
1684,英国,6.2,蜂鸟特攻
1685,美国,6.2,别惹佐汉
1686,中国大陆,6.2,玉观音
1687,美国,6.2,新铁血战士
1688,香港,6.2,赌侠大战拉斯维加斯
1689,中国大陆,6.2,叶问：终极一战
1690,法国,6.2,狼犬丹尼
1691,美国,6.2,百货战警
1692,美国,6.2,暂告安全
1693,美国,6.2,极速复仇
1694,美国,6.2,夺命手机
1695,香港,6.2,大佬爱美丽
1696,美国,6.2,特工佳丽2：武力巾帼
1697,日本,6.2,新宿天鹅
1698,英国,6.2,街区大作战
1699,美国,6.2,光灵
1700,香港,6.2,天行者
1701,韩国,6.2,恶女
1702,美国,6.2,侦探拍档
1703,香港,6.2,恶战
1704,美国,6.2,威震八方
1705,美国,6.2,龙潭虎穴
1706,香港,6.2,冲锋陷阵
1707,美国,6.2,一级戒备
1708,俄罗斯,6.2,密码疑云
1709,美国,6.2,兽餐
1710,日本,6.2,宇宙战舰大和号
1711,美国,6.2,非常小特务2
1712,香港,6.2,中华赌侠
1713,香港,6.2,火云传奇
1714,美国,6.2,王牌大贱谍3
1715,英国,6.2,黑死病
1716,美国,6.2,六颗子弹
1717,法国,6.2,绅士大盗
1718,香港,6.2,战神传说
1719,美国,6.2,乐高幻影忍者大电影
1720,美国,6.2,沙丘
1721,香港,6.2,喷火女郎
1722,日本,6.2,忍者乱太郎
1723,英国,6.2,超人3
1724,中国大陆,6.2,侠女传奇
1725,日本,6.2,鼹鼠之歌2：香港狂骚曲
1726,美国,6.2,图书馆员：圣杯的诅咒
1727,美国,6.2,异形魔怪2
1728,美国,6.2,国际杀手的真实回忆录
1729,香港,6.2,红灯区
1730,香港,6.2,杀杀人、跳跳舞
1731,香港,6.2,阿修罗
1732,美国,6.2,好莱坞重案组
1733,香港,6.2,中俄列车大劫案
1734,香港,6.2,至尊计状元才
1735,英国,6.2,007别传之皇家夜总会
1736,英国,6.2,六天
1737,香港,6.2,龙拳
1738,台湾,6.2,千人斩
1739,香港,6.2,街坊差人
1740,日本,6.2,交涉人电影版
1741,香港,6.2,锦衣卫
1742,韩国,6.2,天军
1743,韩国,6.2,倒计时
1744,美国,6.2,猪头，我的车咧？
1745,香港,6.2,三德和尚与舂米六
1746,俄罗斯,6.2,第一小队
1747,香港,6.2,神偷燕子李三
1748,中国大陆,6.1,心理罪之城市之光
1749,美国,6.1,邻家特工
1750,英国,6.1,伦敦陷落
1751,美国,6.1,像素大战
1752,美国,6.1,关键第四号
1753,中国大陆,6.1,墨攻
1754,美国,6.1,全球风暴
1755,美国,6.1,侠探杰克
1756,美国,6.1,魔法师的学徒
1757,美国,6.1,美少女特攻队
1758,中国大陆,6.1,硬汉
1759,香港,6.1,狼牙
1760,美国,6.1,300勇士：帝国崛起
1761,香港,6.1,变节：潜罪犯
1762,美国,6.1,太空一号
1763,英国,6.1,玩命追踪
1764,美国,6.1,汉娜
1765,美国,6.1,德古拉元年
1766,中国大陆,6.1,兄弟
1767,美国,6.1,邻家大贱谍
1768,美国,6.1,天地逃生
1769,美国,6.1,乌龙特工
1770,香港,6.1,火龙对决
1771,俄罗斯,6.1,斯大林格勒
1772,美国,6.1,赏金猎手
1773,美国,6.1,航班蛇患
1774,美国,6.1,忍者刺客
1775,中国大陆,6.1,荡寇风云
1776,美国,6.1,小飞侠：幻梦启航
1777,美国,6.1,杀出狂人镇
1778,南非,6.1,死亡飞车2
1779,日本,6.1,鲁邦三世
1755,美国,6.1,侠探杰克
1756,美国,6.1,魔法师的学徒
1757,美国,6.1,美少女特攻队
1758,中国大陆,6.1,硬汉
1759,香港,6.1,狼牙
1760,美国,6.1,300勇士：帝国崛起
1761,香港,6.1,变节：潜罪犯
1762,美国,6.1,太空一号
1763,英国,6.1,玩命追踪
1764,美国,6.1,汉娜
1765,美国,6.1,德古拉元年
1766,中国大陆,6.1,兄弟
1767,美国,6.1,邻家大贱谍
1768,美国,6.1,天地逃生
1769,美国,6.1,乌龙特工
1770,香港,6.1,火龙对决
1771,俄罗斯,6.1,斯大林格勒
1772,美国,6.1,赏金猎手
1773,美国,6.1,航班蛇患
1774,美国,6.1,忍者刺客
1775,中国大陆,6.1,荡寇风云
1776,美国,6.1,小飞侠：幻梦启航
1777,美国,6.1,杀出狂人镇
1778,南非,6.1,死亡飞车2
1779,日本,6.1,鲁邦三世
1780,美国,6.1,贝尔科实验
1781,美国,6.1,二流警探
1782,香港,6.1,军鸡
1783,中国,6.1,风云决
1784,澳大利亚,6.1,疯狂的麦克斯
1785,英国,6.1,杀人锦标赛
1786,美国,6.1,奇趣马戏团：吸血鬼的助手
1787,美国,6.1,魔窟
1788,美国,6.1,死囚大逃杀
1789,美国,6.1,极速赛车手
1790,泰国,6.1,拳霸2
1791,美国,6.1,致命对决
1792,香港,6.1,黄飞鸿对黄飞鸿
1793,美国,6.1,佐州自救兄弟
1794,香港,6.1,中华英雄
1795,香港,6.1,原振侠与卫斯理
1796,美国,6.1,单刀直入
1797,韩国,6.1,名侦探洪吉童：消失的村庄
1798,美国,6.1,谜之大厦
1799,香港,6.1,魔翡翠
1800,香港,6.1,钮扣人
1801,香港,6.1,龙咁威2
1802,香港,6.1,威龙猛探
1803,美国,6.1,地狱骑士
1804,美国,6.1,图书馆员：寻找命运之矛的探险
1805,加拿大,6.1,少年特工科迪
1806,香港,6.1,七侠五义之五鼠闹东京
1807,美国,6.1,追债大乱斗
1808,韩国,6.1,1724妓房动乱事件
1809,韩国,6.1,打架
1810,美国,6.1,我是间谍
1811,美国,6.1,置之死地而后生
1812,加拿大,6.1,捍卫机密
1813,香港,6.1,新精武门
1814,美国,6.1,女神探沃莎斯基
1815,加拿大,6.1,时空特警
1816,香港,6.1,羔羊医生
1817,香港,6.1,一招半式闯江湖
1818,法国,6.1,突击
1819,俄罗斯,6.1,莫斯科大事件
1820,香港,6.1,猛鬼霸王花
1821,香港,6.1,我爱777
1822,美国,6.1,逃脱
1823,法国,6.1,换屋惊魂
1824,美国,6.1,辣妹保镖
1825,美国,6.1,火鸟出击
1826,印度 India,6.1,我是你的英雄
1827,澳大利亚,6.1,直捣黄龙
1828,美国,6.0,洛杉矶之战
1829,美国,6.0,诸神之战
1830,香港,6.0,赤道
1831,中国大陆,6.0,绝世高手
1832,香港,6.0,韩城攻略
1833,香港,6.0,精武风云·陈真
1834,美国,6.0,泰山归来：险战丛林
1835,中国大陆,6.0,坏蛋必须死
1836,美国,6.0,冥界警局
1837,美国,6.0,神奇燕尾服
1838,加拿大,6.0,庞贝末日
1839,中国大陆,6.0,车手
1840,美国,6.0,侠探杰克：永不回头
1841,美国,6.0,废柴特工
1842,美国,6.0,劫案迷云
1843,德国,6.0,韩赛尔与格蕾特：女巫猎人
1844,香港,6.0,夺帅
1845,英国,6.0,末日侵袭
1846,英国,6.0,毁灭战士
1847,美国,6.0,叛谍追击
1848,香港,6.0,妖兽都市
1849,香港,6.0,我的野蛮同学
1850,英国,6.0,火龙帝国
1851,美国,6.0,告密者
1852,韩国,6.0,我的老婆是大佬2
1853,香港,6.0,少年阿虎
1854,香港,6.0,再见古惑仔
1855,美国,6.0,怪兽卡车
1856,美国,6.0,五路追杀令2：刺客舞会
1857,美国,6.0,再生侠
1858,法国,6.0,复仇
1859,美国,6.0,少女特工队
1860,美国,6.0,犯罪大师
1861,美国,6.0,战争公司
1862,美国,6.0,拿起枪的简
1863,英国,6.0,军情五处：利益之争
1864,英国,6.0,鬼娃回魂3
1865,印度 Indian,6.0,无相劫
1866,美国,6.0,三脚猫部队
1867,香港,6.0,最佳拍档之醉街拍档
1868,美国,6.0,花旗小和尚
1869,香港,6.0,省港旗兵3：逃出香港
1870,香港,6.0,流氓差婆
1871,英国,6.0,走火交易
1872,美国,6.0,印第安纳波利斯号：勇者无惧
1873,韩国,6.0,间谍女孩
1874,韩国,6.0,快递惊魂
1875,西班牙,6.0,阿纳克莱托：特务密探
1876,美国,6.0,兽餐2
1877,香港,6.0,醉马骝
1878,香港,6.0,黑豹天下
1879,香港,6.0,古惑女之决战江湖
1880,美国,6.0,超世纪战神
1881,美国,6.0,绿巨人大战
1882,芬兰,6.0,稀有出口：圣诞传说
1883,英国,6.0,幽灵战队
1884,香港,6.0,黑猫
1885,美国,6.0,年轻人
1886,英国,6.0,无法无天
1887,韩国,6.0,解决士
1888,美国,6.0,糊涂侦探：失控的布鲁斯和洛伊德
1889,美国,6.0,够僵行动
1890,美国,6.0,10.5级大地震
1891,中国大陆,5.9,赵氏孤儿
1892,中国大陆,5.9,锦衣卫
1893,中国大陆,5.9,新少林寺
1894,中国大陆,5.9,三人行
1895,中国大陆,5.9,天将雄师
1896,香港,5.9,魔警
1897,中国大陆,5.9,太极2：英雄崛起
1898,美国,5.9,诸神之怒
1899,中国大陆,5.9,百年好合
1900,中国大陆,5.9,西风烈
1901,美国,5.9,环游地球八十天
1902,法国,5.9,玩命速递：重启之战
1903,加拿大,5.9,异能
1904,美国,5.9,曼谷杀手
1905,美国,5.9,超能敢死队
1906,美国,5.9,宇宙追缉令
1907,美国,5.9,蝙蝠侠与罗宾
1908,美国,5.9,宙斯之子：赫拉克勒斯
1909,美国,5.9,驱魔者
1910,美国,5.9,代号47
1911,美国,5.9,宿主
1912,德国,5.9,特工的特别任务
1913,香港,5.9,同门
1914,香港,5.9,悬赏
1915,韩国,5.9,我的老婆是大佬3
1916,中国大陆,5.9,天下第二
1917,美国,5.9,致命罗密欧
1918,香港,5.9,撕票风云
1919,香港,5.9,坏小子特攻
1920,中国大陆,5.9,遍地狼烟
1921,美国,5.9,异种2
1922,台湾,5.9,大尾鲈鳗
1923,美国,5.9,正义联盟：亚特兰蒂斯的宝座
1924,日本,5.9,无限之住人
1925,法国,5.9,诸神混乱之女神陷阱
1926,美国,5.9,死人的复仇
1927,中国大陆,5.9,血狼犬
1928,中国大陆,5.9,扣篮对决
1929,泰国,5.9,爱4狂潮
1930,美国,5.9,佐州自救兄弟2
1931,美国,5.9,地下拳击场
1932,德国,5.9,极速漂移
1933,香港,5.9,G4特工
1934,法国,5.9,群斗
1935,日本,5.9,小双侠
1936,美国,5.9,深入敌后3：哥伦比亚
1937,法国,5.9,夺命枪火
1938,中国大陆,5.9,刺夜
1939,澳大利亚,5.9,枪之子
1940,挪威,5.9,海浪
1941,香港,5.9,新冷血十三鹰
1942,美国,5.9,终极神鹰
1943,美国,5.9,连锁反应
1944,日本,5.9,真田十勇士 真人版
1945,美国,5.9,暴力山谷
1946,美国,5.9,黑帮追缉令
1947,美国,5.9,挑逗性游戏
1948,美国,5.9,德古拉2000
1949,美国,5.9,后裔
1950,美国,5.9,飓风抢劫
1951,中国大陆,5.9,伏妖白鱼镇
1952,日本,5.9,再造人卡辛
1953,美国,5.9,复活
1954,美国,5.8,饥饿游戏3：嘲笑鸟(上)
1955,美国,5.8,绿灯侠
1956,中国大陆,5.8,七剑
1957,美国,5.8,分歧者2：绝地反击
1958,美国,5.8,最后的巫师猎人
1959,香港,5.8,神枪手
1960,中国大陆,5.8,刀见笑
1961,美国,5.8,异形大战铁血战士2
1962,香港,5.8,飞龙再生
1963,香港,5.8,老夫子2001
1964,美国,5.8,死亡飞车3：地狱烈焰
1965,英国,5.8,幸存者
1966,香港,5.8,雷霆战警
1967,美国,5.8,赤警威龙
1968,香港,5.8,飞侠小白龙
1969,香港,5.8,神偷次世代
1970,英国,5.8,双雄
1971,韩国,5.8,火山高校
1972,中国大陆,5.8,兔侠传奇
1973,美国,5.8,生死时速2：海上惊情
1974,俄罗斯,5.8,维京：王者之战
1975,日本,5.8,东京残酷警察
1976,美国,5.8,搭车人
1977,美国,5.8,雪盲
1978,法国,5.8,使命召唤
1979,美国,5.8,非常小特务3
1980,德国,5.8,风暴突击者
1981,英国,5.8,惊天绑架团
1982,香港,5.8,特警新人类2：机动任务
1983,美国,5.8,星河战队：火星叛国者
1984,英国,5.8,惊天解密
1985,法国,5.8,企业战士2：极限挑战
1986,美国,5.8,美国刺客
1987,美国,5.8,暗杀名单
1988,日本,5.8,东京暴族
1989,南非,5.8,绝命盗窃
1990,香港,5.8,哗！英雄
1991,法国,5.8,疯狂特警队
1992,美国,5.8,史前巨鳄
1993,韩国,5.8,浪漫刺客
1994,日本,5.8,钢铁侠：噬甲危机
1995,香港,5.8,笑侠楚留香
1996,法国,5.8,吾父吾血
1997,德国,5.8,丛林之王
1998,韩国,5.8,狩猎
1999,法国,5.8,最后的兵团
2000,美国,5.8,开拓者
2001,美国,5.8,锅盖头3：绝地反击
2002,日本,5.8,军火
2003,韩国,5.8,无影剑
2004,美国,5.8,绑架
2005,法国,5.8,决战豪门2
2006,美国,5.8,兽餐3
2007,美国,5.8,杀戮战警
2008,泰国,5.8,怒火凤凰
2009,加拿大,5.8,布拉文
2010,英国,5.8,碍事者
2011,美国,5.8,从地心窜出4
2012,美国,5.7,环太平洋：雷霆再起
2013,中国大陆,5.7,夜宴
2014,德国,5.7,生化危机5：惩罚
2015,美国,5.7,极限特工3：终极回归
2016,中国大陆,5.7,警察故事2013
2017,中国大陆,5.7,太极1：从零开始
2018,美国,5.7,移动迷宫2
2019,美国,5.7,青蜂侠
2020,香港,5.7,千机变
2021,法国,5.7,机械师2：复活
2022,中国大陆,5.7,龙虎门
2023,中国大陆,5.7,决战紫禁之巅
2024,美国,5.7,分歧者3：忠诚世界
2025,美国,5.7,一触即发
2026,美国,5.7,狂暴飞车
2027,香港,5.7,花花型警
2028,美国,5.7,惊天战神
2029,香港,5.7,控制
2030,香港,5.7,叶问前传
2031,美国,5.7,诺亚方舟：创世之旅
2032,美国,5.7,超胆侠
2007,美国,5.8,杀戮战警
2008,泰国,5.8,怒火凤凰
2009,加拿大,5.8,布拉文
2010,英国,5.8,碍事者
2011,美国,5.8,从地心窜出4
2012,美国,5.7,环太平洋：雷霆再起
2013,中国大陆,5.7,夜宴
2014,德国,5.7,生化危机5：惩罚
2015,美国,5.7,极限特工3：终极回归
2016,中国大陆,5.7,警察故事2013
2017,中国大陆,5.7,太极1：从零开始
2018,美国,5.7,移动迷宫2
2019,美国,5.7,青蜂侠
2020,香港,5.7,千机变
2021,法国,5.7,机械师2：复活
2022,中国大陆,5.7,龙虎门
2023,中国大陆,5.7,决战紫禁之巅
2024,美国,5.7,分歧者3：忠诚世界
2025,美国,5.7,一触即发
2026,美国,5.7,狂暴飞车
2027,香港,5.7,花花型警
2028,美国,5.7,惊天战神
2029,香港,5.7,控制
2030,香港,5.7,叶问前传
2031,美国,5.7,诺亚方舟：创世之旅
2032,美国,5.7,超胆侠
2033,中国大陆,5.7,冰河追凶
2034,美国,5.7,黑夜传说5：血战
2035,美国,5.7,猫女
2036,美国,5.7,在劫难逃
2037,美国,5.7,牛仔和外星人
2038,美国,5.7,弯刀杀戮
2039,美国,5.7,魔兽战场
2040,香港,5.7,猛龙
2041,France / Czech Republic / UK,5.7,所罗门王凯恩
2042,澳大利亚,5.7,逃亡鳄鱼岛
2043,美国,5.7,红色警戒999
2044,英国,5.7,杀戮指令
2045,美国,5.7,替身杀手
2046,韩国,5.7,中天
2047,土耳其,5.7,征服1453
2048,韩国,5.7,武林女大学生
2049,美国,5.7,锅盖头2
2050,印度,5.7,月光集市到中国
2051,荷兰,5.7,弗兰肯斯坦的军队
2052,俄罗斯,5.7,特工008
2053,日本,5.7,JOJO的奇妙冒险：不灭钻石 第一章
2054,美国,5.7,杀手壕
2055,美国,5.7,无人之子
2056,日本,5.7,热血街区电影版
2057,美国,5.7,五日战争
2058,日本,5.7,七金刚
2059,美国,5.7,玩尽杀绝3：钻石计划
2060,英国,5.7,超人4：和平任务
2061,美国,5.7,代号：杀手
2062,香港,5.7,天地雄心
2063,德国,5.7,盗潜黄金城
2064,韩国,5.7,GO小姐
2065,美国,5.7,布希维克
2066,日本,5.7,卡姆依外传
2067,香港,5.7,借兵
2068,美国,5.7,混蛋
2069,美国,5.7,轰天神鹰
2070,美国,5.7,正义联盟：时间困境
2071,美国,5.7,从地心窜出3
2072,中国大陆,5.6,西游记之孙悟空三打白骨精
2073,中国大陆,5.6,澳门风云
2074,美国,5.6,独立日2：卷土重来
2075,中国大陆,5.6,危城
2076,中国大陆,5.6,天堂口
2077,中国大陆,5.6,大电影
2078,香港,5.6,精武家庭
2079,美国,5.6,龙骑士
2080,美国,5.6,铁拳
2081,美国,5.6,波西·杰克逊与魔兽之海
2082,美国,5.6,四十七浪人
2083,美国,5.6,迈阿密风云
2084,美国,5.6,魔力女战士
2085,美国,5.6,破坏者
2086,美国,5.6,海滩游侠
2087,美国,5.6,透明人2
2088,美国,5.6,激战运钞车
2089,美国,5.6,非常小特工之时间大盗
2090,美国,5.6,蝎子王2：勇士的崛起
2091,香港,5.6,神枪手与智多星
2092,美国,5.6,驱魔警探
2093,南非,5.6,狙击精英：重装上阵
2094,美国,5.6,海军陆战队员
2095,韩国,5.6,飞天舞
2096,韩国,5.6,最后的骑士
2097,美国,5.6,亚历克斯·克洛斯
2098,法国,5.6,钻石13
2099,美国,5.6,偏执
2100,美国,5.6,狙击精英：幽灵射手
2101,德国,5.6,一声惊雷
2102,美国,5.6,杀死冈瑟
2103,美国,5.6,内裤队长
2104,香港,5.6,老虎出更2
2105,香港,5.6,变脸迷情
2106,美国,5.6,猎鹰突起
2107,法国,5.6,眩晕
2108,美国,5.6,深入敌后2：邪恶轴心
2109,日本,5.6,多襄丸
2110,泰国,5.6,忍者2：撕裂的暗影
2111,韩国,5.6,阿罗汉掌风大作战
2112,瑞典,5.6,汉密尔顿2：绑票危机
2113,日本,5.6,英雄迷的生活
2114,韩国,5.6,僵尸刑警
2115,日本,5.6,如龙电影版
2116,美国,5.6,复仇者
2117,中国大陆,5.5,西游伏妖篇
2118,香港,5.5,澳门风云2
2119,中国大陆,5.5,绝地逃亡
2120,美国,5.5,重返地球
2121,美国,5.5,女巫季节
2122,中国大陆,5.5,老鼠爱上猫
2123,中国大陆,5.5,谜城
2124,香港,5.5,反贪风暴
2125,美国,5.5,傲慢与偏见与僵尸
2126,美国,5.5,马克思·佩恩
2127,香港,5.5,见习黑玫瑰
2128,泰国,5.5,冬荫功2：拳霸天下
2129,俄罗斯,5.5,超能游戏者
2130,印度尼西亚,5.5,爆头
2131,中国大陆,5.5,功夫·咏春
2132,英国,5.5,绝命密码站
2133,韩国,5.5,无籍者
2134,新西兰,5.5,极爆少年
2135,美国,5.5,致命追踪
2136,香港,5.5,地上最强
2137,香港,5.5,铁马骝II之街头杀手
2138,美国,5.5,重装上阵
2139,英国,5.5,除暴安良
2140,美国,5.5,神鬼传奇之法老王的咒语
2141,香港,5.5,奇逢敌手
2142,美国,5.5,再造战士2：反攻时刻
2143,香港,5.5,贼公子
2144,加拿大,5.5,以暴制暴
2145,中国大陆,5.5,末世人间道
2146,美国,5.5,不眠夜
2147,美国,5.5,侦探马龙
2148,美国,5.5,班纳路
2149,香港,5.5,生死拳速
2150,美国,5.5,七秒钟
2151,美国,5.5,僵尸小屁孩
2152,中国大陆,5.4,道士下山
2153,美国,5.4,木乃伊3
2154,美国,5.4,刺客信条
2155,中国大陆,5.4,黄飞鸿之英雄有梦
2156,美国,5.4,白雪公主与猎人
2157,美国,5.4,移动迷宫3：死亡解药
2158,美国,5.4,灵魂战车2：复仇时刻
2159,中国大陆,5.4,痞子英雄2：黎明升起
2160,香港,5.4,双子神偷
2161,美国,5.4,猎神：冬日之战
2162,台湾,5.4,杀手欧阳盆栽
2163,美国,5.4,圣杯神器：骸骨之城
2164,中国大陆,5.4,太极侠
2165,中国,5.4,天脉传奇
2166,澳大利亚,5.4,大海啸之鲨口逃生
2167,美国,5.4,致命紫罗兰
2168,英国,5.4,水啸雾都
2169,美国,5.4,至暗之时
2170,美国,5.4,闪灵侠
2171,加拿大,5.4,艾丽卡
2172,美国,5.4,火线反攻
2173,美国,5.4,别惹德州
2174,加拿大,5.4,掠夺者
2175,美国,5.4,反恐特警组：火速救援
2176,加拿大,5.4,末世殖民地
2177,美国,5.4,百货战警2
2178,美国,5.4,女子大乱斗
2179,中国大陆,5.4,勇士
2180,香港,5.4,天庭外传
2181,美国,5.4,超人集中营
2182,英国,5.4,魔鬼游乐场
2183,香港,5.4,公元2000 AD
2184,香港,5.4,至尊无赖
2185,法国,5.4,反黑行动组
2186,美国,5.4,人皮交易
2187,日本,5.4,新宿天鹅2
2188,俄罗斯,5.4,人烟之岛
2189,美国,5.4,我怒了
2190,美国,5.4,王牌保安
2191,香港,5.4,青龙复仇
2192,美国,5.4,血战墓碑镇
2193,英国,5.4,罪恶赎金
2194,美国,5.4,白日末路
2195,美国,5.4,狙击精英：战纪
2196,法国,5.4,王子与108煞
2197,日本,5.4,红·粉
2198,美国,5.4,对垒特工
2199,美国,5.4,宇宙大爆炸
2200,美国,5.3,功夫之王
2201,中国大陆,5.3,情癫大圣
2202,中国大陆,5.3,铁道飞虎
2203,中国大陆,5.3,千机变Ⅱ花都大战
2204,美国,5.3,木星上行
2205,中国大陆,5.3,侠盗联盟
2206,香港,5.3,我的特工爷爷
2207,中国大陆,5.3,财神客栈
2208,日本,5.3,大逃杀2：镇魂歌
2209,美国,5.3,贵族大盗
2210,中国大陆,5.3,匹夫
2211,中国大陆,5.3,暴走神探
2212,美国,5.3,王者之剑
2213,美国,5.3,怒火保镖
2214,中国大陆,5.3,一万年以后
2215,新西兰,5.3,黄沙武士
2216,美国,5.3,魔界契约
2217,英国,5.3,极速之巅
2218,香港,5.3,夺标
2219,中国大陆,5.3,金刚王：死亡救赎
2220,美国,5.3,天际浩劫2
2221,日本,5.3,机器人艺妓
2222,韩国,5.3,为了皇帝
2223,日本,5.3,变态假面：变态危机
2224,美国,5.3,赏金杀手
2225,美国,5.3,狙击精英：巅峰对决
2226,美国,5.3,海军陆战队员2
2227,美国,5.3,首杀
2228,美国,5.3,火星幽灵
2229,美国,5.3,死亡飞车4：混乱之上
2230,英国,5.3,奇机少年
2231,法国,5.3,超速驾驶
2232,美国,5.3,竞技场
2233,台湾,5.3,角头
2234,荷兰,5.3,七号少年
2235,中国大陆,5.2,满城尽带黄金甲
2236,中国大陆,5.2,三国之见龙卸甲
2237,中国大陆,5.2,大武生
2238,中国大陆,5.2,机器侠
2239,香港,5.2,卫斯理之蓝血人
2240,香港,5.2,飞鹰
2241,美国,5.2,防弹武僧
2242,美国,5.2,屠魔战士
2243,美国,5.2,星河战队3：掠夺者
2244,韩国,5.2,深海之战
2245,香港,5.2,刑警兄弟
2246,美国,5.2,变异编年史
2247,美国,5.2,24小时：末路重生
2248,美国,5.2,西部英雄约拿·哈克斯
2249,美国,5.2,龙与地下城
2250,美国,5.2,死亡占卜
2251,中国大陆,5.2,超级保镖
2252,美国,5.2,再造战士4：清算之日
2253,美国,5.2,死亡航班
2254,美国,5.2,再造战士3：重生
2255,美国,5.2,海军陆战队员4
2256,美国,5.2,金钱第一
2257,加拿大,5.2,珍宝大战
2258,西班牙,5.2,燃烧
2259,日本,5.2,女子战队
2260,中国大陆,5.2,一号目标
2261,中国大陆,5.1,长城
2262,中国大陆,5.1,悟空传
2263,中国大陆,5.1,空天猎
2264,中国大陆,5.1,安娜与武林
2265,中国大陆,5.1,快手枪手快枪手
2266,美国,5.1,基督再临
2267,美国,5.1,生死新纪元
2268,美国,5.1,生死格斗
2269,中国大陆,5.1,黑猫警长之翡翠之星
2270,美国,5.1,制胜一击
2271,中国大陆,5.1,止杀令
2272,香港,5.1,拳神
2273,台湾,5.1,我不做大哥好多年
2274,美国,5.1,愤怒乒乓球
2275,香港,5.1,葬礼上的角斗
2276,美国,5.1,街头霸王
2277,墨西哥,5.1,国境边界
2278,德国,5.1,孤岛惊魂
2279,澳大利亚,5.1,明日，战争爆发时
2280,中国大陆,5.1,二龙湖浩哥之狂暴之路
2281,美国,5.1,英雄连
2282,日本,5.1,极道大战争
2283,美国,5.1,害虫横行
2284,澳大利亚,5.1,猎杀活死人
2260,中国大陆,5.2,一号目标
2261,中国大陆,5.1,长城
2262,中国大陆,5.1,悟空传
2263,中国大陆,5.1,空天猎
2264,中国大陆,5.1,安娜与武林
2265,中国大陆,5.1,快手枪手快枪手
2266,美国,5.1,基督再临
2267,美国,5.1,生死新纪元
2268,美国,5.1,生死格斗
2269,中国大陆,5.1,黑猫警长之翡翠之星
2270,美国,5.1,制胜一击
2271,中国大陆,5.1,止杀令
2272,香港,5.1,拳神
2273,台湾,5.1,我不做大哥好多年
2274,美国,5.1,愤怒乒乓球
2275,香港,5.1,葬礼上的角斗
2276,美国,5.1,街头霸王
2277,墨西哥,5.1,国境边界
2278,德国,5.1,孤岛惊魂
2279,澳大利亚,5.1,明日，战争爆发时
2280,中国大陆,5.1,二龙湖浩哥之狂暴之路
2281,美国,5.1,英雄连
2282,日本,5.1,极道大战争
2283,美国,5.1,害虫横行
2284,澳大利亚,5.1,猎杀活死人
2285,美国,5.1,艾芙莉
2286,日本,5.1,S-最后的警官：夺还
2287,台湾,5.1,终极猎杀
2288,美国,5.0,变形金刚5：最后的骑士
2289,中国大陆,5.0,无极
2290,中国大陆,5.0,功夫瑜伽
2291,中国大陆,5.0,心理罪
2292,中国大陆,5.0,四大名捕
2293,日本,5.0,进击的巨人真人版：前篇
2294,中国大陆,5.0,绑架者
2295,中国大陆,5.0,赏金猎人
2296,中国大陆,5.0,机器之血
2297,中国大陆,5.0,极速天使
2298,中国大陆,5.0,麦田
2299,中国大陆,5.0,盗马记
2300,中国大陆,5.0,毒。诫
2301,香港,5.0,狂兽
2302,美国,5.0,星河战队2：联邦英雄
2303,香港,5.0,最后的吸血鬼
2304,美国,5.0,黑暗塔
2305,中国大陆,5.0,超时空救兵
2306,日本,5.0,火星异种
2307,日本,5.0,机关枪少女
2308,美国,5.0,托卡列夫
2309,美国,5.0,白象
2310,芬兰,5.0,冰峰游戏
2311,美国,5.0,逃脱
2312,英国,5.0,英雄时代
2313,香港,5.0,制服诱惑2：地下法庭
2314,美国,5.0,12回合2：重装上阵
2315,泰国,5.0,拳霸3之火云盗
2316,中国大陆,4.9,关云长
2317,中国大陆,4.9,三少爷的剑
2318,中国大陆,4.9,逆时营救
2319,中国大陆,4.9,明明
2320,美国,4.9,最后的风之子
2321,美国,4.9,白昼冷光
2322,中国大陆,4.9,上海王
2323,中国大陆,4.9,我说的都是真的
2324,中国大陆,4.9,七小罗汉
2325,泰国,4.9,拳霸3
2326,中国大陆,4.9,黄飞鸿之南北英雄
2327,美国,4.9,战略力量
2328,台湾,4.9,女孩坏坏
2329,中国大陆,4.9,枪过境
2330,美国,4.8,新木乃伊
2331,中国大陆,4.8,四大名捕2
2332,香港,4.8,风云2
2333,中国大陆,4.8,英雄本色2018
2334,中国大陆,4.8,消失的凶手
2335,香港,4.8,剑蝶
2336,美国,4.8,大力神
2337,日本,4.8,热血高校3
2338,韩国,4.8,真实
2339,美国,4.8,刺客学妹
2340,美国,4.8,狂蟒之灾3
2341,香港,4.8,黑侠2
2342,香港,4.8,全力扣杀
2343,韩国,4.8,雅典娜：无间谍局
2344,中国大陆,4.8,街头之王
2345,香港,4.8,魔鬼天使
2346,香港,4.8,三不管
2347,美国,4.8,第八海豹突击队:深入敌后
2348,俄罗斯,4.8,超能游戏者2
2349,韩国,4.8,我的亲密敌人
2350,中国大陆,4.7,白蛇传说
2351,中国大陆,4.7,苏乞儿
2352,中国大陆,4.7,四大名捕大结局
2353,中国大陆,4.7,卧虎藏龙：青冥宝剑
2354,中国大陆,4.7,决战食神
2355,香港,4.7,精舞门
2356,美国,4.7,超凡战队
2357,中国大陆,4.7,野蛮秘笈
2358,中国大陆,4.7,黑白迷宫
2359,中国大陆,4.7,低压槽：欲望之城
2360,日本,4.7,铁拳
2361,韩国,4.7,朝鲜美女三剑客
2362,香港,4.7,原始武器
2363,美国,4.7,短柄斧2
2364,加拿大,4.7,美国劫案
2365,美国,4.7,短柄斧3
2366,韩国,4.7,惩戒者
2367,日本,4.7,流浪者年代记
2368,中国大陆,4.6,不二神探
2369,中国大陆,4.6,血滴子
2370,香港,4.6,追捕
2371,中国大陆,4.6,一场风花雪月的事
2372,中国大陆,4.6,笑功震武林
2373,中国大陆,4.6,超级快递
2374,美国,4.6,第五波
2375,美国,4.6,2012世界末日
2376,日本,4.6,钢之炼金术师
2377,中国大陆,4.6,光辉岁月
2378,美国,4.6,迷局
2379,德国,4.6,地牢围攻
2380,美国,4.6,吸血莱恩
2381,美国,4.6,帝国
2382,中国大陆,4.5,画壁
2383,中国大陆,4.5,奇门遁甲
2384,中国大陆,4.5,大笑江湖
2385,美国,4.5,天际浩劫
2386,中国大陆,4.5,江山美人
2387,加拿大,4.5,街头霸王: 春丽传奇
2388,日本,4.5,进击的巨人真人版：后篇·世界终结
2389,美国,4.5,幻世追踪
2390,中国大陆,4.5,功夫厨神
2391,中国大陆,4.5,歼十出击
2392,美国,4.5,海军陆战队员3：国土防线
2393,中国大陆,4.4,横冲直撞好莱坞
2394,香港,4.4,全城戒备
2395,中国大陆,4.4,熊猫大侠
2396,中国,4.4,追影
2397,中国大陆,4.4,密战
2398,中国大陆,4.4,宝岛双雄
2399,罗马尼亚,4.4,狂蟒之灾4
2400,日本,4.4,水手服与机关枪：毕业
2401,日本,4.4,功夫小子
2402,美国,4.4,病毒入侵
2403,美国,4.4,王子
2404,中国大陆,4.3,鲛珠传
2405,中国大陆,4.3,魔侠传之唐吉可德
2406,美国,4.3,纽约行动
2407,芬兰,4.3,玉战士
2408,中国大陆,4.3,目标战
2409,香港,4.3,猛龙特囧
2410,美国,4.3,地球战场
2411,加拿大,4.3,人类办事处
2412,中国大陆,4.2,九层妖塔
2413,中国大陆,4.2,钟馗伏魔：雪妖魔灵
2414,美国,4.2,神奇四侠2015
2415,美国,4.2,末日迷踪
2416,中国大陆,4.2,游戏规则
2417,香港,4.2,灭门
2418,荷兰,4.2,末日重启
2419,英国,4.2,女同志吸血鬼杀手
2420,英国,4.2,雇佣兵
2421,中国大陆,4.2,别有动机
2422,中国大陆,4.2,赛车传奇
2423,日本,4.2,SP女探员 美之祭品
2424,中国大陆,4.2,狙击时刻
2425,俄罗斯,4.2,护宝娇娃
2426,中国大陆,4.2,热血街头
2427,中国大陆,4.1,西游记之大闹天宫
2428,中国大陆,4.1,白幽灵传奇之绝命逃亡
2429,香港,4.1,冲锋战警
2430,美国,4.1,红色黎明
2431,香港,4.1,尸城
2432,中国大陆,4.1,中国推销员
2433,美国,4.1,蝎子王4：争权夺利
2434,美国,4.1,性感女特工2
2435,中国大陆,4.1,搏击迷城
2436,中国大陆,4.0,惊天破
2437,中国大陆,4.0,一石二鸟
2438,韩国,4.0,龙之战
2439,俄罗斯,4.0,守护者：世纪战元
2440,美国,4.0,骇客交锋
2441,日本,4.0,巨乳娘战僵尸
2442,香港,4.0,辣警霸王花
2443,中国大陆,4.0,缘来是游戏
2444,香港,3.9,澳门风云3
2445,中国大陆,3.9,特殊身份
2446,中国大陆,3.9,东成西就2011
2447,香港,3.9,绝色武器
2448,香港,3.9,古惑仔：江湖新秩序
2449,中国大陆,3.9,钢刀
2450,美国,3.9,钢铁骑士
2451,泰国,3.9,蝎子王3：救赎之战
2452,日本,3.9,御姐玫瑰
2453,美国,3.9,僵尸启示录：救赎
2454,中国大陆,3.9,龙拳小子
2455,中国大陆,3.8,大闹天竺
2456,中国大陆,3.8,战国
2457,中国大陆,3.8,大武当之天地密码
2458,中国大陆,3.8,卧底巨星
2459,中国大陆,3.8,小小飞虎队
2460,俄罗斯,3.8,暗杀游戏
2461,中国大陆,3.8,孪生密码
2462,日本,3.8,少林少女
2463,美国,3.8,终极救援
2464,英国,3.8,机器人帝国
2465,日本,3.8,机甲女神之究极神兵
2466,中国大陆,3.7,白发魔女传之明月天国
2467,中国大陆,3.7,刺陵
2468,美国,3.7,七龙珠
2469,澳大利亚,3.7,寻龙夺宝
2470,香港,3.7,战·无双
2471,美国,3.7,功夫侠
2472,中国大陆,3.6,冰封：重生之门
2473,中国大陆,3.6,谜巢
2474,中国大陆,3.6,东北往事之破马张飞
2475,中国大陆,3.6,冲天火
2476,中国大陆,3.6,蔡李佛
2477,中国大陆,3.6,西行平妖
2478,中国大陆,3.5,极致追击
2479,中国大陆,3.5,我是谁2015
2480,加拿大,3.5,孤胆义侠
2481,香港,3.5,霹雳囧花
2482,中国大陆,3.4,杨门女将之军令如山
2483,中国大陆,3.4,绝命航班
2484,中国大陆,3.4,铁血娇娃
2485,中国大陆,3.4,密道追踪之阴兵虎符
2486,中国大陆,3.4,魔卡行动
2487,中国大陆,3.3,王牌逗王牌
2488,中国大陆,3.3,河东狮吼2
2489,中国大陆,3.3,蔡李佛拳
2490,中国大陆,3.3,时光大战
2491,香港,3.3,功夫无敌
2492,中国大陆,3.2,白狐
2493,中国大陆,3.2,抢红
2494,中国大陆,3.2,夺樽
2495,泰国,3.2,玩命狙击
2496,中国大陆,3.2,城市游戏
2497,中国大陆,3.2,功夫战斗机
2498,中国大陆,3.2,夺路而逃
2499,中国大陆,3.1,英雄之战
2500,中国大陆,3.1,帝国秘符
2501,中国大陆,3.1,功夫机器侠
2502,中国大陆,3.1,终极硬汉
2503,日本,3.0,拳皇
2504,英国,3.0,史前怪兽
2505,中国大陆,3.0,喜乐长安
2506,美国,3.0,史前一亿年
2507,香港,3.0,江湖有道
2508,美国,3.0,泰坦尼克号2
2509,中国大陆,2.9,天机·富春山居图
2510,香港,2.9,封神传奇
2511,中国大陆,2.9,无极限之危情速递
2512,美国,2.9,零下100度
2513,中国大陆,2.9,八卦宗师
2514,中国大陆,2.8,特工艾米拉
2515,美国,2.8,敦刻尔克行动
2516,香港,2.7,宝贝当家
2517,中国大陆,2.7,堵车
2518,中国大陆,2.7,危情营救
2519,中国大陆,2.7,双截棍
2520,中国大陆,2.6,轩辕剑传奇
2521,中国大陆,2.5,钢铁飞龙之再见奥特曼
2522,中国大陆,2.4,咏春小龙
2523,韩国,2.3,西游记归来
