1,法国,9.2,洞
2,美国,9.1,蝙蝠侠：黑暗骑士
3,美国,9.0,搏击俱乐部
4,日本,8.9,红辣椒
5,美国,8.9,惊魂记
6,英国,8.9,追随
7,美国,8.8,V字仇杀队
8,西班牙,8.8,看不见的客人
9,美国,8.8,致命魔术
10,美国,8.8,第六感
11,日本,8.8,未麻的部屋
12,日本,8.8,回忆三部曲
13,美国,8.8,刺杀肯尼迪
14,日本,8.8,用心棒
15,美国,8.8,安全至下
16,美国,8.7,七宗罪
17,美国,8.7,蝴蝶效应
18,美国,8.7,禁闭岛
19,美国,8.7,消失的爱人
20,美国,8.7,沉默的羔羊
21,日本,8.7,告白
22,韩国,8.7,杀人回忆
23,美国,8.7,电锯惊魂
24,美国,8.7,谍影重重3
25,德国,8.7,浪潮
26,美国,8.7,末路狂花
27,美国,8.7,洛城机密
28,巴西,8.7,精英部队2：大敌当前
29,韩国,8.7,共同警备区
30,美国,8.7,斯隆女士
31,日本,8.7,椿三十郎
32,法国,8.7,恐惧的代价
33,美国,8.6,致命ID
34,美国,8.6,蝙蝠侠：黑暗骑士崛起
35,美国,8.6,谍影重重2
36,德国,8.6,非常嫌疑犯
37,英国,8.6,2001太空漫游
38,美国,8.6,电话谋杀案
39,美国,8.6,情枭的黎明
40,美国,8.6,亚当斯一家的价值观
41,美国,8.6,杀手
42,法国,8.6,一级谋杀
43,法国,8.6,男人的争斗
44,英国,8.6,死亡之夜
45,日本,8.6,怪医黑杰克
46,美国,8.5,黑天鹅
47,美国,8.5,记忆碎片
48,美国,8.5,谍影重重
49,美国,8.5,血钻
50,美国,8.5,后窗
51,日本,8.5,金色梦乡
52,美国,8.5,迷魂记
53,美国,8.5,迫在眉梢
54,英国,8.5,放大
55,美国,8.5,双重赔偿
56,阿根廷,8.5,烈焰焚币
57,日本,8.5,蜘蛛巢城
58,美国,8.5,午夜狂奔
59,法国,8.5,死囚越狱
60,法国,8.5,恶魔
61,美国,8.5,热泪伤痕
62,日本,8.5,兽兵卫忍风帖
63,日本,8.5,天国与地狱
64,法国,8.5,审判
65,德国,8.5,通往自由的通道
66,美国,8.5,叛国作家
67,波兰,8.5,审问
68,英国,8.5,逃离索比堡
69,美国,8.4,变脸
70,美国,8.4,彗星来的那一夜
71,美国,8.4,罪恶之城
72,香港,8.4,神探
73,韩国,8.4,追击者
74,美国,8.4,换子疑云
75,美国,8.4,一级恐惧
76,韩国,8.4,金福南杀人事件始末
77,丹麦,8.4,狗镇
78,美国,8.4,王牌对王牌
79,美国,8.4,盗火线
80,香港,8.4,精武门
81,法国,8.4,独行杀手
82,中国大陆,8.4,405谋杀案
83,日本,8.4,砂之女
84,英国,8.4,足迹
85,意大利,8.4,过客
86,英国,8.4,柏林谍影
87,捷克斯洛伐克 Czechoslovakia,8.4,焚尸人
88,美国,8.3,源代码
89,韩国,8.3,釜山行
90,英国,8.3,恐怖游轮
91,美国,8.3,速度与激情7
92,法国,8.3,穆赫兰道
93,美国,8.3,夜访吸血鬼
94,香港,8.3,无间道2
95,美国,8.3,蝙蝠侠：侠影之谜
96,美国,8.3,落水狗
97,德国,8.3,异次元骇客
98,荷兰,8.3,黑皮书
99,法国,8.3,苦月亮
100,香港,8.3,喋血双雄
101,美国,8.3,危情十日
102,美国,8.3,唐人街
103,美国,8.3,真相至上
104,德国,8.3,M就是凶手
105,日本,8.3,大佬
106,法国,8.3,红圈
107,法国,8.3,通往绞刑架的电梯
108,意大利,8.3,有你我不怕
109,英国,8.3,四海本色
110,美国,8.3,漩涡之外
111,日本,8.3,恶汉甜梦
112,法国,8.3,蛇
113,美国,8.2,碟中谍4
114,美国,8.2,第九区
115,美国,8.2,银翼杀手2049
116,美国,8.2,逃离德黑兰
117,韩国,8.2,老男孩
118,法国,8.2,飓风营救
119,美国,8.2,夜行者
120,美国,8.2,银翼杀手
121,美国,8.2,天才瑞普利
122,美国,8.2,魔鬼代言人
123,美国,8.2,恐袭波士顿
124,日本,8.2,最终幻想7：圣子降临
125,美国,8.2,华盛顿邮报
126,英国,8.2,微不足道
127,墨西哥,8.2,爱情是狗娘
128,美国,8.2,疤面煞星
129,西班牙,8.2,不良教育
130,美国,8.2,爱德华大夫
131,香港,8.2,猛龙过江
132,美国,8.2,惊世狂花
133,美国,8.2,惊曝内幕
134,意大利,8.2,卡桑德拉大桥
135,英国,8.2,阳光下的罪恶
136,英国,8.2,第三人
137,美国,8.2,怪宴
138,美国,8.2,蝙蝠侠：红影迷踪
139,美国,8.2,闪电奇迹
140,英国,8.2,不道德的审判
141,日本,8.2,野良犬
142,法国,8.2,我是城堡之王
143,加拿大,8.2,黑巷少女
144,英国,8.2,哈姆雷特
145,英国,8.2,生命的重托
146,美国,8.2,伸张正义
147,中国大陆,8.1,风声
148,美国,8.1,孤儿怨
149,美国,8.1,杀死比尔
150,德国,8.1,罗拉快跑
151,美国,8.1,老无所依
152,美国,8.1,十二猴子
153,韩国,8.1,孤胆特工
154,美国,8.1,空中监狱
155,美国,8.1,真实的谎言
156,美国,8.1,电锯惊魂2
157,英国,8.1,汉尼拔
158,哥伦比亚,8.1,黑暗面
159,美国,8.1,国家公敌
160,台湾,8.1,目击者之追凶
161,美国,8.1,虎胆龙威
162,美国,8.1,第一滴血
163,美国,8.1,怒火救援
164,香港,8.1,枪王
165,加拿大,8.1,处刑人
166,美国,8.1,忠奸人
167,美国,8.1,群鸟
168,香港,8.1,喋血街头
169,美国,8.1,巴顿·芬克
170,日本,8.1,杀妻总动员
171,西班牙,8.1,睁开你的双眼
172,美国,8.1,造雨人
173,美国,8.1,真实罗曼史
174,波兰,8.1,水中刀
175,美国,8.1,亚特兰蒂斯之心
176,美国,8.1,兰闺惊变
177,美国,8.1,历劫佳人
178,意大利,8.1,隐秘
179,美国,8.1,窃听大阴谋
180,法国,8.1,老枪
181,日本,8.1,砂之器
182,美国,8.1,下班后
183,法国,8.1,怒海沉尸
184,法国,8.1,乌鸦
185,西班牙,8.1,杀手·蝴蝶·梦
186,法国,8.1,火车上的男人
187,美国,8.1,危机最前线
188,美国,8.1,不夜城
189,美国,8.0,侏罗纪公园
190,美国,8.0,龙纹身的女孩
191,美国,8.0,我，机器人
192,日本,8.0,大逃杀
193,美国,8.0,终结者
194,美国,8.0,天生杀人狂
195,德国,8.0,我是谁：没有绝对安全的系统
196,美国,8.0,生死时速
197,香港,8.0,黑社会
198,印度,8.0,未知死亡
199,香港,8.0,狗咬狗
200,德国,8.0,死亡实验
201,美国,8.0,亡命天涯
202,英国,8.0,不朽的园丁
203,美国,8.0,深渊
204,法国,8.0,妖夜慌踪
205,美国,8.0,断线
206,美国,8.0,夺魂索
207,俄罗斯,8.0,无声言证
208,美国,8.0,失控陪审团
209,法国,8.0,不准掉头
210,加拿大,8.0,记住
211,美国,8.0,米勒的十字路口
212,德国,8.0,疾走天堂
213,英国,8.0,贵妇失踪记
214,比利时,8.0,人咬狗
215,美国,8.0,猎人之夜
216,美国,8.0,城市英雄
217,法国,8.0,射杀钢琴师
218,法国,8.0,冷酷祭典
219,美国,8.0,本能反应
220,印度,8.0,血洗鳄鱼仇
221,英国,8.0,堕落的偶像
222,英国,8.0,三幕悲剧
223,法国,8.0,中国轮盘
224,法国,8.0,眼线
225,美国,7.9,钢铁侠
226,加拿大,7.9,心慌方
227,美国,7.9,碟中谍
228,英国,7.9,锅匠，裁缝，士兵，间谍
229,美国,7.9,守法公民
230,美国,7.9,危情三日
231,英国,7.9,裂缝
232,香港,7.9,放·逐
233,美国,7.9,训练日
234,美国,7.9,冰血暴
235,香港,7.9,夜半歌声
236,韩国,7.9,我要复仇
237,巴西,7.9,精英部队
238,韩国,7.9,抓住那个家伙
239,日本,7.9,诈欺游戏 电影版
240,英国,7.9,匿名者
241,美国,7.9,谜中谜
242,美国,7.9,好人寥寥
243,法国,7.9,怪房客
244,美国,7.9,红潮风暴
245,法国,7.9,地下铁
246,瑞典,7.9,噪反城市
247,捷克,7.9,贪吃树
248,美国,7.9,总统班底
249,美国,7.9,势不两立
250,日本,7.9,X圣治
251,美国,7.9,惊爆十三天
252,印度,7.9,为爱毁灭
253,美国,7.9,决斗
254,美国,7.9,白狗
231,英国,7.9,裂缝
232,香港,7.9,放·逐
233,美国,7.9,训练日
234,美国,7.9,冰血暴
235,香港,7.9,夜半歌声
236,韩国,7.9,我要复仇
237,巴西,7.9,精英部队
238,韩国,7.9,抓住那个家伙
239,日本,7.9,诈欺游戏 电影版
240,英国,7.9,匿名者
241,美国,7.9,谜中谜
242,美国,7.9,好人寥寥
243,法国,7.9,怪房客
244,美国,7.9,红潮风暴
245,法国,7.9,地下铁
246,瑞典,7.9,噪反城市
247,捷克,7.9,贪吃树
248,美国,7.9,总统班底
249,美国,7.9,势不两立
250,日本,7.9,X圣治
251,美国,7.9,惊爆十三天
252,印度,7.9,为爱毁灭
253,美国,7.9,决斗
254,美国,7.9,白狗
255,美国,7.9,怒海孤舟
256,英国,7.9,无辜的人
257,香港,7.9,第一类型危险
258,美国,7.9,兰闺艳血
259,美国,7.9,爱在战火蔓延时
260,美国,7.9,公民X
261,意大利,7.9,幽国车站
262,美国,7.8,地心引力
263,美国,7.8,荒野猎人
264,美国,7.8,万能钥匙
265,美国,7.8,迷雾
266,中国大陆,7.8,无间道3：终极无间
267,美国,7.8,杀死比尔2
268,美国,7.8,狙击电话亭
269,美国,7.8,康斯坦丁
270,美国,7.8,电锯惊魂3
271,西班牙,7.8,活埋
272,韩国,7.8,流感
273,香港,7.8,黑社会2：以和为贵
274,韩国,7.8,卑劣的街头
275,美国,7.8,战略特勤组
276,美国,7.8,21克
277,美国,7.8,潜伏2
278,韩国,7.8,走到尽头
279,美国,7.8,神秘河
280,澳大利亚,7.8,移魂都市
281,美国,7.8,虎胆龙威3
282,美国,7.8,慕尼黑
283,香港,7.8,辣手神探
284,美国,7.8,刑房
285,英国,7.8,丑闻笔记
286,美国,7.8,血迷宫
287,美国,7.8,失踪宝贝
288,香港,7.8,星月童话
289,美国,7.8,美人计
290,美国,7.8,火车怪客
291,英国,7.8,三十九级台阶
292,美国,7.8,金矿
293,美国,7.8,沉睡者
294,香港,7.8,再见阿郎
295,英国,7.8,哭泣的游戏
296,美国,7.8,终极细胞战
297,日本,7.8,黑暗中的孩子们
298,德国,7.8,百万美元酒店
299,美国,7.8,无人生还
300,法国,7.8,杀人的夏天
301,英国,7.8,爱奴
302,哥伦比亚,7.8,万福玛丽亚
303,美国,7.8,盲女惊魂记
304,美国,7.8,穷山恶水
305,美国,7.8,卡夫卡
306,美国,7.8,忏情记
307,台湾,7.8,美丽时光
308,英国,7.8,午夜快车
309,美国,7.8,逃出亚卡拉
310,美国,7.8,蝇王
311,英国,7.8,意大利任务
312,美国,7.8,坏种
313,美国,7.8,死亡计中计
314,匈牙利,7.8,地铁风情画
315,美国,7.8,黑色港湾
316,美国,7.8,西部执法者
317,美国,7.7,碟中谍5：神秘国度
318,美国,7.7,速度与激情6
319,美国,7.7,死神来了
320,美国,7.7,拆弹部队
321,美国,7.7,本能
322,日本,7.7,死亡笔记
323,美国,7.7,生死狙击
324,美国,7.7,少数派报告
325,美国,7.7,偷天陷阱
326,法国,7.7,她
327,日本,7.7,热血高校
328,日本,7.7,死亡笔记：最后的名字
329,美国,7.7,红龙
330,美国,7.7,星河战队
331,英国,7.7,大开眼戒
332,美国,7.7,大白鲨
333,香港,7.7,警察故事
334,美国,7.7,局内人
335,美国,7.7,美国精神病人
336,美国,7.7,时空线索
337,美国,7.7,虎胆龙威2
338,美国,7.7,危机13小时
339,韩国,7.7,不可饶恕
340,美国,7.7,林肯律师
341,美国,7.7,末日危途
342,美国,7.7,毁灭之路
343,美国,7.7,第一滴血2
344,美国,7.7,垂直极限
345,美国,7.7,夺命枪火
346,西班牙,7.7,活色生香
347,美国,7.7,猎杀红色十月
348,美国,7.7,铁面无私
349,英国,7.7,浅坟
350,英国,7.7,K-19：寡妇制造者
351,法国,7.7,隐藏摄像机
352,法国,7.7,天使爱过界
353,美国,7.7,2010
354,美国,7.7,法国贩毒网
355,日本,7.7,凶暴的男人
356,英国,7.7,无夜不漫长
357,美国,7.7,星际旅行8：第一类接触
358,法国,7.7,双峰镇：与火同行
359,香港,7.7,学校风云
360,德国,7.7,天王流氓
361,美国,7.7,24小时：救赎
362,英国,7.7,偷窥狂
363,德国,7.7,特工插班生
364,法国,7.7,阿尔法城
365,美国,7.7,凶线
366,日本,7.7,修罗雪姬
367,英国,7.7,狂凶记
368,中国大陆,7.7,灵魂摆渡之风华绝代
369,加拿大,7.7,孽扣
370,英国,7.7,贼博士
371,美国,7.7,炎热的夜晚
372,以色列,7.7,水中漫步
373,德国,7.7,冒牌人生
374,奥地利,7.7,班尼的录像带
375,新西兰,7.7,在我父亲的洞穴里
376,英国,7.7,傲气盖天
377,英国,7.7,欲海惊魂
378,美国,7.7,天外魔花
379,英国,7.7,三十九级台阶
380,英国,7.7,蝇王
381,加拿大,7.7,人口贩卖
382,美国,7.7,勾魂游戏
383,英国,7.7,电锯女仆 2
384,英国,7.7,外国学生宿舍谋杀案
385,中国大陆,7.6,催眠大师
386,美国,7.6,逃出绝命镇
387,美国,7.6,X战警2
388,美国,7.6,金蝉脱壳
389,美国,7.6,国家宝藏
390,美国,7.6,招魂
391,韩国,7.6,亲切的金子
392,美国,7.6,心理游戏
393,英国,7.6,伊甸湖
394,美国,7.6,电锯惊魂4
395,美国,7.6,电锯惊魂5
396,美国,7.6,天龙特攻队
397,美国,7.6,虎胆龙威4
398,美国,7.6,电锯惊魂6
399,中国大陆,7.6,闯入者
400,美国,7.6,危情时速
401,印度尼西亚,7.6,突袭
402,美国,7.6,猎杀本·拉登
403,韩国,7.6,看见恶魔
404,挪威,7.6,猎头游戏
405,美国,7.6,金刚不坏
406,美国,7.6,机器战警
407,日本,7.6,生化危机：诅咒
408,美国,7.6,布鲁克斯先生
409,美国,7.6,兄弟
410,美国,7.6,铁血战士
411,美国,7.6,全面回忆
412,英国,7.6,哈里·布朗
413,英国,7.6,凯文怎么了
414,希腊,7.6,狗牙
415,美国,7.6,极度恐慌
416,美国,7.6,无懈可击
417,美国,7.6,毒品网络
418,香港,7.6,顺流逆流
419,英国,7.6,一九八四
420,美国,7.6,星际旅行2：可汗怒吼
421,英国,7.6,稻草狗
422,美国,7.6,没有青春的青春
423,香港,7.6,死亡游戏
424,墨西哥,7.6,意外空间
425,法国,7.6,遁入虚无
426,美国,7.6,剃刀边缘
427,印度,7.6,无畏之心
428,法国,7.6,我心遗忘的节奏
429,美国,7.6,星际旅行6：未来之城
430,美国,7.6,圣安娜奇迹
431,美国,7.6,曾经安静的男人
432,美国,7.6,肮脏的哈里
433,法国,7.6,头号公敌续集
434,美国,7.6,体热
435,美国,7.6,太空堡垒卡拉狄加：利刃
436,美国,7.6,委托人
437,波兰,7.6,与安娜的四个夜晚
438,美国,7.6,火烧摩天楼
439,英国,7.6,房客
440,美国,7.6,毒药与老妇
441,英国,7.6,福尔摩斯秘史
442,西班牙,7.6,斗牛士
443,英国,7.6,将军之夜
444,美国,7.6,女煞葛洛莉
445,美国,7.6,惊魂记2
446,中国大陆,7.6,羊城暗哨
447,美国,7.5,大侦探福尔摩斯
448,美国,7.5,大侦探福尔摩斯2：诡影游戏
449,香港,7.5,门徒
450,美国,7.5,X战警3：背水一战
451,英国,7.5,机械姬
452,西班牙,7.5,吾栖之肤
453,美国,7.5,偷天换日
454,英国,7.5,空中营救
455,西班牙,7.5,机械师
456,美国,7.5,侏罗纪公园2：失落的世界
457,美国,7.5,八面埋伏
458,美国,7.5,边境杀手
459,美国,7.5,电锯惊魂7
460,美国,7.5,空军一号
461,美国,7.5,生死停留
462,美国,7.5,城中大盗
463,法国,7.5,影子写手
464,美国,7.5,斯托克
465,英国,7.5,银行大劫案
466,瑞典,7.5,龙纹身的女孩
467,英国,7.5,007之黄金眼
468,美国,7.5,斯诺登
469,美国,7.5,摇滚黑帮
470,香港,7.5,新上海滩
471,美国,7.5,不忠
472,韩国,7.5,七天
473,韩国,7.5,潘多拉
474,日本,7.5,冰冷热带鱼
475,美国,7.5,火星任务
476,韩国,7.5,假面
477,法国,7.5,女囚尼基塔
478,英国,7.5,东方的承诺
479,美国,7.5,谜情公寓
480,美国,7.5,幸运数字斯莱文
481,美国,7.5,草叶
482,美国,7.5,驱魔
483,美国,7.5,杀人三步曲
484,美国,7.5,足迹
485,泰国,7.5,致命切割
486,英国,7.5,完美无瑕
487,美国,7.5,浪人
488,美国,7.5,笨贼妙探
489,印度,7.5,风筝
490,美国,7.5,死亡密码
491,香港,7.5,龙虎风云
492,日本,7.5,苹果核战记2
493,加拿大,7.5,汤姆的农场旅行
494,西班牙,7.5,死亡论文
495,法国,7.5,内陆帝国
496,美国,7.5,绝岭雄风
473,韩国,7.5,潘多拉
474,日本,7.5,冰冷热带鱼
475,美国,7.5,火星任务
476,韩国,7.5,假面
477,法国,7.5,女囚尼基塔
478,英国,7.5,东方的承诺
479,美国,7.5,谜情公寓
480,美国,7.5,幸运数字斯莱文
481,美国,7.5,草叶
482,美国,7.5,驱魔
483,美国,7.5,杀人三步曲
484,美国,7.5,足迹
485,泰国,7.5,致命切割
486,英国,7.5,完美无瑕
487,美国,7.5,浪人
488,美国,7.5,笨贼妙探
489,印度,7.5,风筝
490,美国,7.5,死亡密码
491,香港,7.5,龙虎风云
492,日本,7.5,苹果核战记2
493,加拿大,7.5,汤姆的农场旅行
494,西班牙,7.5,死亡论文
495,法国,7.5,内陆帝国
496,美国,7.5,绝岭雄风
497,香港,7.5,烈火青春
498,法国,7.5,头号公敌
499,美国,7.5,擒凶记
500,英国,7.5,垃圾男孩
501,奥地利,7.5,复仇
502,法国,7.5,鬼狗杀手
503,德国,7.5,少女洛荷
504,美国,7.5,逃离猩球
505,波兰,7.5,我是杀人犯
506,香港,7.5,地狱无门
507,美国,7.5,杀戮时刻
508,法国,7.5,警界争雄
509,香港,7.5,法内情
510,英国,7.5,美丽坏东西
511,法国,7.5,卢浮宫迷情
512,美国,7.5,毒家新闻
513,德国,7.5,交易
514,美国,7.5,狂野之河
515,美国,7.5,吉尔达
516,英国,7.5,荒岛惊魂
517,英国,7.5,华氏451度
518,美国,7.5,危险小天使
519,阿鲁巴岛,7.5,控制
520,丹麦,7.5,弗莱蒙与希特伦
521,日本,7.5,相棒剧场版
522,德国,7.5,意外的冬天
523,波兰,7.5,黑暗之家
524,日本,7.5,踩虎尾的男人
525,加拿大,7.5,意外的旅程
526,印度,7.5,亲密有罪
527,香港,7.4,窃听风云
528,美国,7.4,水果硬糖
529,美国,7.4,通缉令
530,美国,7.4,007：大战皇家赌场
531,美国,7.4,幻影凶间
532,美国,7.4,夜行动物
533,英国,7.4,黑夜传说
534,美国,7.4,机器人9号
535,美国,7.4,潜伏
536,美国,7.4,死亡飞车
537,美国,7.4,剑鱼行动
538,美国,7.4,香草的天空
539,美国,7.4,借刀杀人
540,美国,7.4,会计刺客
541,德国,7.4,钢琴教师
542,美国,7.4,副作用
543,美国,7.4,伸冤人
544,美国,7.4,赶尽杀绝
545,香港,7.4,老笠
546,美国,7.4,极度深寒
547,泰国,7.4,死神的十字路口
548,美国,7.4,夺命深渊
549,美国,7.4,蓝丝绒
550,美国,7.4,入侵脑细胞
551,美国,7.4,撕裂的末日
552,香港,7.4,警察故事3：超级警察
553,韩国,7.4,邻居
554,美国,7.4,失眠症
555,美国,7.4,绝地战警
556,韩国,7.4,我是杀人犯
557,美国,7.4,绝地战警2
558,美国,7.4,第一滴血3
559,韩国,7.4,红字
560,美国,7.4,我心狂野
561,韩国,7.4,那家伙的声音
562,韩国,7.4,孩子们
563,美国,7.4,暴力史
564,西班牙,7.4,女尸谜案
565,法国,7.4,暗流
566,西班牙,7.4,破碎的拥抱
567,美国,7.4,解构生活
568,美国,7.4,爱的就是你
569,美国,7.4,危险关系
570,日本,7.4,二重身
571,俄罗斯,7.4,守日人
572,美国,7.4,鬼打墙
573,美国,7.4,一锤定音
574,墨西哥,7.4,杀手悲歌
575,美国,7.4,布鲁克林警察
576,法国,7.4,泳池情杀案
577,奥地利,7.4,趣味游戏
578,香港,7.4,恐怖鸡
579,美国,7.4,抢钱大作战
580,日本,7.4,在黑暗中等待相遇
581,美国,7.4,惊爆点
582,美国,7.4,蝙蝠侠：哥谭骑士
583,美国,7.4,深闺疑云
584,澳大利亚,7.4,悬崖上的野餐
585,美国,7.4,坚强的心
586,加拿大,7.4,录影带谋杀案
587,法国,7.4,为了她
588,香港,7.4,惊魂记
589,美国,7.4,烈火雄心
590,美国,7.4,夜长梦多
591,美国,7.4,异世浮生
592,德国,7.4,第九日
593,西班牙,7.4,鼩鼱的巢穴
594,韩国,7.4,爱的肢解
595,美国,7.4,太空牛仔
596,法国,7.4,百万杀人游戏
597,英国,7.4,逃狱
598,中国大陆,7.4,圣·保罗医院之谜
599,美国,7.4,十二点零一分
600,意大利,7.4,罪恶天使
601,泰国,7.4,食人狂魔
602,印度,7.4,罪恶
603,法国,7.4,当男人看上男人
604,韩国,7.4,没教养的家伙
605,美国,7.4,妙探寻凶
606,日本,7.4,双生儿
607,美国,7.4,回火
608,美国,7.4,落在香杉树的雪花
609,美国,7.4,漫长的告别
610,美国,7.3,暮光之城
611,美国,7.3,普罗米修斯
612,中国大陆,7.3,新警察故事
613,美国,7.3,谍影重重5
614,美国,7.3,湮灭
615,美国,7.3,十二宫
616,韩国,7.3,汉江怪物
617,美国,7.3,碟中谍3
618,香港,7.3,线人
619,美国,7.3,永无止境
620,香港,7.3,新宿事件
621,美国,7.3,死亡幻觉
622,美国,7.3,怒火攻心
623,美国,7.3,科洛弗档案
624,美国,7.3,捉迷藏
625,美国,7.3,疾速特攻
626,美国,7.3,神秘拼图
627,美国,7.3,极速60秒
628,韩国,7.3,柏林
629,德国,7.3,深空失忆
630,美国,7.3,破绽
631,英国,7.3,007之黑日危机
632,香港,7.3,警察故事续集
633,香港,7.3,胜者为王
634,美国,7.3,豺狼计划
635,西班牙,7.3,当你熟睡
636,美国,7.3,重生男人
637,美国,7.3,刺杀据点
638,美国,7.3,八毫米
639,香港,7.3,警察故事4：简单任务
640,日本,7.3,御法度
641,美国,7.3,致命呼叫
642,美国,7.3,斯坦福监狱实验
643,韩国,7.3,杀人者的记忆法
644,美国,7.3,灵幻夹克
645,美国,7.3,特务风云
646,德国,7.3,再生门
647,美国,7.3,深入敌后
648,韩国,7.3,生死谍变
649,加拿大,7.3,盲流感
650,美国,7.3,勇敢的人
651,西班牙,7.3,隧道尽头
652,美国,7.3,乌鸦
653,美国,7.3,罪孽
654,美国,7.3,恐怖角
655,西班牙,7.3,沼泽地
656,香港,7.3,十万火急
657,美国,7.3,辛瑞那
658,美国,7.3,黑暗正义联盟
659,爱尔兰,7.3,雅多维尔围城战
660,美国,7.3,最高危机
661,德国,7.3,罪孽天使
662,美国,7.3,地球停转之日
663,USA,7.3,时间裂缝
664,澳大利亚,7.3,心智相投
665,日本,7.3,怪谈新耳袋 百物语
666,美国,7.3,鬼作秀2
667,西班牙,7.3,佣兵传奇
668,法国,7.3,翻乐谱的女孩
669,美国,7.3,邮差总按两次铃
670,美国,7.3,危险思想的自白
671,日本,7.3,沸点
672,美国,7.3,年度人物
673,美国,7.3,悍将奇兵
674,挪威,7.3,失踪顺序
675,美国,7.3,复仇少年
676,挪威,7.3,极度失眠
677,美国,7.3,满洲候选人
678,波兰,7.3,磨坊与十字架
679,美国,7.3,午夜惊情
680,香港,7.3,爱与诚
681,美国,7.3,交战规则
682,美国,7.3,血色玫瑰
683,法国,7.3,失魂家族
684,波兰,7.3,之名
685,日本,7.3,熟女杀人事件
686,俄罗斯,7.3,新地群岛
687,美国,7.3,战争游戏
688,约旦,7.3,希布
689,印度,7.3,追踪再现
690,俄罗斯,7.3,棺材200
691,美国,7.3,无罪的罪人
692,中国大陆,7.2,记忆大师
693,美国,7.2,达·芬奇密码
694,美国,7.2,特种部队：眼镜蛇的崛起
695,美国,7.2,特工绍特
696,美国,7.2,死神来了2
697,美国,7.2,忌日快乐
698,美国,7.2,超能查派
699,美国,7.2,无间道风云
700,美国,7.2,天使与魔鬼
701,香港,7.2,证人
702,美国,7.2,极品飞车
703,美国,7.2,分裂
704,香港,7.2,意外
705,美国,7.2,黑夜传说2：进化
706,英国,7.2,少年汉尼拔
707,美国,7.2,未来水世界
708,美国,7.2,通灵男孩诺曼
709,中国大陆,7.2,灵魂摆渡·黄泉
710,日本,7.2,L之终章·最后的23天
711,美国,7.2,断箭
712,法国,7.2,第九道门
713,美国,7.2,记忆裂痕
714,美国,7.2,战栗空间
715,韩国,7.2,漂流欲室
716,美国,7.2,死亡实验
717,美国,7.2,第一滴血4
718,英国,7.2,007之明日帝国
719,美国,7.2,火星人玩转地球
720,美国,7.2,太阳泪
721,美国,7.2,来自地狱
722,美国,7.2,神探飞机头
723,香港,7.2,跟踪
724,美国,7.2,玩命记忆
725,西班牙,7.2,时空罪恶
726,美国,7.2,绿区
727,香港,7.2,八仙饭店之人肉叉烧包
728,美国,7.2,夺命手术
729,美国,7.2,一线声机
730,美国,7.2,猛鬼街
731,韩国,7.2,华颐：吞噬怪物的孩子
732,泰国,7.2,冬荫功
733,美国,7.2,高度怀疑
734,美国,7.2,无处可逃
735,英国,7.2,双重人格
736,印度,7.2,幻影车神：魔盗激情
737,美国,7.2,怒海救援
738,韩国,7.2,委托人
715,韩国,7.2,漂流欲室
716,美国,7.2,死亡实验
717,美国,7.2,第一滴血4
718,英国,7.2,007之明日帝国
719,美国,7.2,火星人玩转地球
720,美国,7.2,太阳泪
721,美国,7.2,来自地狱
722,美国,7.2,神探飞机头
723,香港,7.2,跟踪
724,美国,7.2,玩命记忆
725,西班牙,7.2,时空罪恶
726,美国,7.2,绿区
727,香港,7.2,八仙饭店之人肉叉烧包
728,美国,7.2,夺命手术
729,美国,7.2,一线声机
730,美国,7.2,猛鬼街
731,韩国,7.2,华颐：吞噬怪物的孩子
732,泰国,7.2,冬荫功
733,美国,7.2,高度怀疑
734,美国,7.2,无处可逃
735,英国,7.2,双重人格
736,印度,7.2,幻影车神：魔盗激情
737,美国,7.2,怒海救援
738,韩国,7.2,委托人
739,美国,7.2,非法制裁
740,美国,7.2,将军的女儿
741,澳大利亚,7.2,疯狂的麦克斯2
742,美国,7.2,改朝换代
743,美国,7.2,贼巢
744,美国,7.2,血色孤语
745,美国,7.2,黑暗扫描仪
746,韩国,7.2,不当交易
747,加拿大,7.2,潮涨海岸
748,美国,7.2,星际旅行3：石破天惊
749,美国,7.2,赎金
750,英国,7.2,年轻的亚当
751,西班牙,7.2,鬼童院
752,韩国,7.2,彷徨之刃
753,台湾,7.2,阿婴
754,美国,7.2,夺命感应
755,美国,7.2,孔雀镇
756,美国,7.2,危险人物
757,日本,7.2,铁男1：金属兽
758,韩国,7.2,记忆之夜
759,美国,7.2,星际旅行9：起义
760,美国,7.2,矮子当道
761,英国,7.2,迷失1971
762,韩国,7.2,游戏
763,美国,7.2,眼前的生活
764,美国,7.2,火线狙击
765,美国,7.2,双重危机
766,美国,7.2,证人
767,法国,7.2,MR 73左轮枪
768,美国,7.2,黑雨
769,英国,7.2,养鬼吃人2
770,英国,7.2,红色之路
771,美国,7.2,末世纪暴潮
772,美国,7.2,未来蝙蝠侠：小丑归来
773,法国,7.2,复活
774,法国,7.2,唇语惊魂
775,香港,7.2,摄氏32度
776,日本,7.2,七个房间
777,印度 India,7.2,26个特殊劫匪
778,日本,7.2,牛头
779,以色列,7.2,诺曼
780,法国,7.2,我最好的朋友哈利
781,美国,7.2,血溅十三号警署
782,美国,7.2,惊爆星期四
783,美国,7.2,市政大厅
784,美国,7.2,紧急搜捕令
785,美国,7.2,大麻烦
786,美国,7.2,死亡女孩
787,英国,7.2,总统之死
788,荷兰,7.2,阿姆斯特丹的水鬼
789,中国大陆,7.1,盲探
790,美国,7.1,可爱的骨头
791,美国,7.1,国家宝藏：夺宝秘笈
792,美国,7.1,鲨滩
793,美国,7.1,终结者3
794,法国,7.1,别惹我
795,法国,7.1,杀手：代号47
796,香港,7.1,大追捕
797,美国,7.1,疾速追杀
798,英国,7.1,惊变28天
799,韩国,7.1,蔷花，红莲
800,韩国,7.1,杀人漫画
801,美国,7.1,鹰眼
802,美国,7.1,极寒之城
803,英国,7.1,007之择日而亡
804,美国,7.1,怪兽屋
805,香港,7.1,见鬼
806,美国,7.1,空中危机
807,日本,7.1,生化危机：恶化
808,美国,7.1,生人勿进(美版)
809,美国,7.1,夜魔
810,美国,7.1,窗台上的男人
811,美国,7.1,星际传奇
812,美国,7.1,勇闯16街区
813,日本,7.1,诈欺猎人
814,泰国,7.1,鬼夫
815,美国,7.1,小贼、美女和妙探
816,丹麦,7.1,反基督者
817,美国,7.1,处刑人2
818,美国,7.1,反抗军
819,德国,7.1,维多利亚
820,法国,7.1,转轮手枪
821,韩国,7.1,义兄弟
822,美国,7.1,老妇杀手
823,美国,7.1,四兄弟
824,韩国,7.1,中毒
825,美国,7.1,迈克尔·克莱顿
826,美国,7.1,卡珊德拉之梦
827,英国,7.1,007之金手指
828,加拿大,7.1,感官游戏
829,美国,7.1,深海狂鲨
830,美国,7.1,叛国者
831,英国,7.1,爱丽丝的失踪
832,美国,7.1,约书亚
833,美国,7.1,人性污点
834,中国大陆,7.1,黑楼孤魂
835,英国,7.1,雾气蒙蒙
836,美国,7.1,旧日噩梦
837,英国,7.1,007之俄罗斯之恋
838,美国,7.1,天罗地网
839,韩国,7.1,一天
840,美国,7.1,魔鬼司令
841,日本,7.1,催眠
842,英国,7.1,第八页
843,美国,7.1,反恐疑云
844,美国,7.1,定时拍摄
845,美国,7.1,捉贼记
846,瑞典,7.1,地下理想国
847,美国,7.1,塘鹅暗杀令
848,德国,7.1,国王班底
849,香港,7.1,目露凶光
850,法国,7.1,不可告人
851,瑞典,7.1,捅马蜂窝的女孩
852,美国,7.1,宠物坟场
853,美国,7.1,双狙人
854,香港,7.1,七月十四
855,美国,7.1,500年后
856,印度,7.1,天作凶杀案
857,美国,7.1,房客
858,美国,7.1,糖衣陷阱
859,美国,7.1,窗台
860,美国,7.1,刺客战场
861,英国,7.1,死人的鞋子
862,美国,7.1,与敌共眠
863,香港,7.1,再世追魂
864,美国,7.1,一小时快照
865,英国,7.1,天堂五分钟
866,美国,7.1,杀手之吻
867,美国,7.1,红色角落
868,美国,7.1,流入山谷
869,印度,7.1,代号猛虎行动
870,美国,7.1,反托拉斯行动
871,法国,7.1,猎豹行动
872,印度 India,7.1,觅迹寻踪
873,香港,7.1,惊心动魄
874,澳大利亚,7.1,异乡情愁
875,法国,7.1,疑云密布
876,美国,7.1,粉红色杀人夜
877,西班牙,7.1,谁能杀死孩子？
878,美国,7.1,姐妹情仇
879,美国,7.0,碟中谍2
880,美国,7.0,全面回忆
881,美国,7.0,预见未来
882,美国,7.0,逃出克隆岛
883,捷克,7.0,范海辛
884,日本,7.0,狼狈
885,美国,7.0,侏罗纪公园3
886,美国,7.0,屏住呼吸
887,美国,7.0,不明身份
888,美国,7.0,秘窗
889,美国,7.0,致命急件
890,美国,7.0,谎言之躯
891,日本,7.0,恶之教典
892,台湾,7.0,诡丝
893,美国,7.0,谍海计中计
894,韩国,7.0,海雾
895,加拿大,7.0,乱战
896,美国,7.0,机动杀人
897,美国,7.0,菠萝快车
898,香港,7.0,复仇者之死
899,美国,7.0,玩尽杀绝
900,美国,7.0,大买卖
901,美国,7.0,自豪与荣耀
902,比利时,7.0,阁楼
903,韩国,7.0,共谋者
904,美国,7.0,深海圆疑
905,美国,7.0,西部世界
906,日本,7.0,白昼之雨
907,英国,7.0,007之黎明生机
908,英国,7.0,007之最高机密
909,英国,7.0,007之海底城
910,美国,7.0,越轨追击
911,美国,7.0,星际旅行7：斗转星移
912,美国,7.0,现金
913,美国,7.0,致命武器
914,以色列,7.0,大坏狼
915,美国,7.0,特工狂花
916,美国,7.0,燃眉追击
917,美国,7.0,生命的证据
918,美国,7.0,致命诱惑
919,西班牙,7.0,马柔本宅秘事
920,美国,7.0,纳粹追凶
921,香港,7.0,杀之恋
922,法国,7.0,挑逗性谋杀
923,美国,7.0,圣徒
924,香港,7.0,恋爱起义
925,德国,7.0,办砸了
926,委内瑞拉,7.0,时间尽头的房屋
927,荷兰,7.0,博格曼
928,香港,7.0,互动杀人事件
929,香港,7.0,伴我闯天涯
930,美国,7.0,天使之心
931,英国,7.0,擒凶记
932,英国,7.0,荣耀三九年
933,美国,7.0,无敌大猩猩
934,韩国,7.0,一级机密
935,美国,7.0,午夜善恶花园
936,美国,7.0,邮差总按两次铃
937,美国,7.0,大巧局
938,美国,7.0,非凡
939,美国,7.0,死吻
940,日本,7.0,深红
941,美国,7.0,阴阳魔界
942,香港,7.0,爱杀
943,香港,7.0,三五成群
944,美国,7.0,正当防卫
945,美国,7.0,破茧威龙
946,英国,6.9,007：大破天幕杀机
947,美国,6.9,死神来了3
948,美国,6.9,机械师
949,英国,6.9,终极面试
950,韩国,6.9,王的男人
951,美国,6.9,尖峰时刻
952,美国,6.9,刀锋战士
953,法国,6.9,致命黑兰
954,英国,6.9,超能失控
955,美国,6.9,夺宝奇兵4
956,美国,6.9,刀锋战士2
957,美国,6.9,坏中尉
958,丹麦,6.9,忧郁症
959,英国,6.9,猎杀星期一
960,加拿大,6.9,宿敌
961,香港,6.9,力王
962,香港,6.9,第一诫
963,英国,6.9,迷幻
964,美国,6.9,鬼镜
965,法国,6.9,逃之夭夭
966,美国,6.9,国家要案
967,美国,6.9,银行匪帮
968,法国,6.9,女伯爵
969,美国,6.9,超完美谋杀案
970,泰国,6.9,吓死鬼
971,俄罗斯,6.9,夺命地铁
972,美国,6.9,救命解药
973,美国,6.9,五路追杀令
974,美国,6.9,欧罗巴报告
975,美国,6.9,地狱医院
976,美国,6.9,神秘村
977,美国,6.9,最高通缉犯
978,法国,6.9,高压电
979,美国,6.9,告密者
980,法国,6.9,不朽
957,美国,6.9,坏中尉
958,丹麦,6.9,忧郁症
959,英国,6.9,猎杀星期一
960,加拿大,6.9,宿敌
961,香港,6.9,力王
962,香港,6.9,第一诫
963,英国,6.9,迷幻
964,美国,6.9,鬼镜
965,法国,6.9,逃之夭夭
966,美国,6.9,国家要案
967,美国,6.9,银行匪帮
968,法国,6.9,女伯爵
969,美国,6.9,超完美谋杀案
970,泰国,6.9,吓死鬼
971,俄罗斯,6.9,夺命地铁
972,美国,6.9,救命解药
973,美国,6.9,五路追杀令
974,美国,6.9,欧罗巴报告
975,美国,6.9,地狱医院
976,美国,6.9,神秘村
977,美国,6.9,最高通缉犯
978,法国,6.9,高压电
979,美国,6.9,告密者
980,法国,6.9,不朽
981,美国,6.9,机器战警2
982,美国,6.9,间谍游戏
983,英国,6.9,天赐之女
984,英国,6.9,007之诺博士
985,美国,6.9,蛇眼
986,美国,6.9,套利交易
987,加拿大,6.9,X档案：征服未来
988,英国,6.9,你从未在此
989,英国,6.9,007之太空城
990,香港,6.9,超级计划
991,美国,6.9,至暴之年
992,美国,6.9,星际旅行10：复仇女神
993,法国,6.9,潜龙轰天
994,香港,6.9,江湖情
995,美国,6.9,生死之墙
996,美国,6.9,在魔鬼知道你死前
997,美国,6.9,基地疑云
998,英国,6.9,超时空来电
999,美国,6.9,一级重罪
1000,美国,6.9,公平游戏
1001,美国,6.9,真相背后
1002,美国,6.9,存身
1003,韩国,6.9,罗密欧点
1004,美国,6.9,加州杀手
1005,日本,6.9,ST 红白的搜查档案
1006,墨西哥,6.9,我呼吸的空气
1007,英国,6.9,科里奥兰纳斯
1008,印度,6.9,劫机惊魂
1009,荷兰,6.9,神秘失踪
1010,美国,6.9,堕落天使
1011,英国,6.9,夏日之恋
1012,韩国,6.9,下女
1013,美国,6.9,地狱醒龙
1014,美国,6.9,勒索风云
1015,美国,6.9,桃色机密
1016,日本,6.9,回路
1017,香港,6.9,追凶二十年
1018,意大利,6.9,为父寻仇
1019,韩国,6.9,回归
1020,美国,6.9,连锁阴谋
1021,英国,6.9,第十三个故事
1022,美国,6.9,海角擒凶
1023,美国,6.9,忍无可忍
1024,美国,6.9,盖棺了结
1025,中国大陆,6.9,党的女儿
1026,澳大利亚,6.9,最后大浪
1027,法国,6.9,密码太保
1028,意大利,6.9,纽约王
1029,加拿大,6.9,色情酒店
1030,美国,6.8,环形使者
1031,美国,6.8,无敌浩克
1032,中国大陆,6.8,伤城
1033,美国,6.8,恐怖蜡像馆
1034,法国,6.8,感官世界
1035,美国,6.8,危情谍战
1036,美国,6.8,怒火攻心2：高压电
1037,英国,6.8,道林·格雷
1038,美国,6.8,电锯惊魂8：竖锯
1039,美国,6.8,科洛弗道10号
1040,美国,6.8,异形大战铁血战士
1041,美国,6.8,决战猩球
1042,中国大陆,6.8,中邪
1043,美国,6.8,第六日
1044,泰国,6.8,厉鬼将映
1045,加拿大,6.8,神勇奶爸
1046,香港,6.8,复仇
1047,美国,6.8,藏身之所
1048,美国,6.8,太平间闹鬼事件
1049,泰国,6.8,13骇人游戏
1050,美国,6.8,星际传奇2
1051,美国,6.8,完美逃亡
1052,日本,6.8,切肤之爱
1053,中国大陆,6.8,守望者：罪恶迷途
1054,美国,6.8,藏品
1055,美国,6.8,金钱怪兽
1056,西班牙,6.8,茱莉娅的眼睛
1057,美国,6.8,德州电锯杀人狂前传
1058,美国,6.8,身后事
1059,美国,6.8,最终幻想：灵魂深处
1060,美国,6.8,鬼娃回魂
1061,美国,6.8,老师不是人
1062,英国,6.8,觉醒
1063,日本,6.8,鬼水怪谈
1064,美国,6.8,黑暗边缘
1065,美国,6.8,卧底肥妈2
1066,香港,6.8,龙在边缘
1067,法国,6.8,血溅13号警署
1068,法国,6.8,殉难者
1069,加拿大,6.8,欲望号快车
1070,美国,6.8,迪亚特洛夫事件
1071,韩国,6.8,时间脱离者
1072,英国,6.8,黑海夺金
1073,美国,6.8,惊天核网
1074,英国,6.8,穿越西伯利亚
1075,泰国,6.8,鬼肢解
1076,美国,6.8,躲藏
1077,香港,6.8,侠盗高飞
1078,美国,6.8,致命玩笑
1079,美国,6.8,小镇怪客托马斯
1080,英国,6.8,007之杀人执照
1081,英国,6.8,007之霹雳弹
1082,英国,6.8,007之八爪女
1083,英国,6.8,007之雷霆谷
1084,美国,6.8,满洲候选人
1085,香港,6.8,富贵开心鬼
1086,美国,6.8,猛龙怪客
1087,美国,6.8,暗夜列车
1088,香港,6.8,无味神探
1089,美国,6.8,限时追捕
1090,美国,6.8,致命录像带2
1091,美国,6.8,我为钱狂
1092,西班牙,6.8,控制的极限
1093,法国,6.8,夺面解码
1094,美国,6.8,猛鬼街3
1095,美国,6.8,变线人生
1096,法国,6.8,猎物
1097,美国,6.8,好医生
1098,美国,6.8,潜龙轰天2
1099,美国,6.8,芳心谋杀案
1100,美国,6.8,迷失太空
1101,美国,6.8,亨利之书
1102,韩国,6.8,六月日记
1103,匈牙利,6.8,逃离循环
1104,美国,6.8,冒名顶替
1105,日本,6.8,凶恶
1106,日本,6.8,犬神家族
1107,美国,6.8,好邻居
1108,英国,6.8,塞巴斯蒂安
1109,法国,6.8,蛇蝎美人
1110,美国,6.8,生存回圈
1111,法国,6.8,无知无觉
1112,美国,6.8,穿梭阴阳界
1113,阿根廷,6.8,缺席
1114,日本,6.8,狗神
1115,美国,6.8,燃烧的棕榈
1116,加拿大,6.8,路易·德拉克斯的第九条命
1117,英国,6.8,血色侦程：1974
1118,美国,6.8,千钧一刻
1119,美国,6.8,非常时期
1120,韩国,6.8,手机
1121,美国,6.8,活魔人
1122,美国,6.8,比佛利山超级警探
1123,日本,6.8,混沌凶机
1124,美国,6.8,冲破铁幕
1125,美国,6.8,绝对权力
1126,美国,6.8,终极尖兵
1127,美国,6.8,替天行道
1128,英国,6.8,时光大盗
1129,美国,6.8,斗牛士
1130,西班牙,6.8,愿上帝宽恕我们
1131,美国,6.8,惊狂记
1132,韩国,6.8,暴饮暴食
1133,美国,6.8,杀了我吧
1134,美国,6.8,至尊神探
1135,美国,6.8,狩猎聚会
1136,美国,6.7,敢死队
1137,美国,6.7,谍影重重4
1138,美国,6.7,敢死队3
1139,美国,6.7,终结者2018
1140,美国,6.7,霹雳娇娃
1141,加拿大,6.7,心慌方2：超立方体
1142,美国,6.7,蝴蝶效应3：启示
1143,美国,6.7,尖峰时刻2
1144,美国,6.7,罪恶之城2
1145,美国,6.7,黑夜传说前传：狼族再起
1146,法国,6.7,不可撤销
1147,美国,6.7,通勤营救
1148,美国,6.7,人皮客栈
1149,英国,6.7,惊变28周
1150,美国,6.7,未来战警
1151,韩国,6.7,老师的恩惠
1152,英国,6.7,黑暗侵袭2
1153,美国,6.7,幽灵船
1154,香港,6.7,黑侠
1155,韩国,6.7,我的见鬼女友
1156,西班牙,6.7,深度谜案
1157,香港,6.7,全职杀手
1158,韩国,6.7,捉迷藏
1159,美国,6.7,第39号案件
1160,美国,6.7,怪形前传
1161,英国,6.7,圣鹿之死
1162,美国,6.7,红眼航班
1163,美国,6.7,第四类接触
1164,日本,6.7,蛇舌
1165,美国,6.7,暗夜逐仇
1166,美国,6.7,你是下一个
1167,美国,6.7,不死劫
1168,美国,6.7,所有美好的东西
1169,美国,6.7,仪式
1170,法国,6.7,双面情人
1171,日本,6.7,恋之罪
1172,美国,6.7,丛林奇兵
1173,美国,6.7,地下墓穴
1174,美国,6.7,预言
1175,台湾,6.7,尸忆
1176,美国,6.7,鬼娃新娘
1177,美国,6.7,碧海追踪
1178,法国,6.7,暗流2：末日天使
1179,美国,6.7,机器战警3
1180,美国,6.7,小心为上
1181,瑞典,6.7,国家利益
1182,瑞典,6.7,玩火的女孩
1183,日本,6.7,稻草之盾
1184,美国,6.7,狙击职业杀手
1185,美国,6.7,火线对峙
1186,香港,6.7,机动部队—警例
1187,英国,6.7,007之金刚钻
1188,美国,6.7,五月魔女
1189,香港,6.7,关人七事
1190,美国,6.7,网络杀机
1191,法国,6.7,单刀直入
1192,英国,6.7,007之金枪人
1193,西班牙,6.7,思维空间
1194,美国,6.7,阁楼
1195,英国,6.7,007之你死我活
1196,美国,6.7,星际旅行5：终极先锋
1197,香港,6.7,老虎出更
1198,法国,6.7,多米诺
1199,香港,6.7,五虎将之决裂
1200,法国,6.7,富兰克林
1201,香港,6.7,新人皮灯笼
1202,挪威,6.7,西尔玛
1203,韩国,6.7,侦探：开端
1204,韩国,6.7,手机
1205,加拿大,6.7,何处寻真相
1206,加拿大,6.7,折磨
1207,美国,6.7,利欲两心
1208,美国,6.7,刀走偏锋
1209,香港,6.7,杀手蝴蝶梦
1210,德国,6.7,蛛丝马迹
1211,澳大利亚,6.7,丛林
1212,英国,6.7,007外传之巡弋飞弹
1213,美国,6.7,烈血天空
1214,加拿大,6.7,行骗天下
1215,荷兰,6.7,悍女
1216,美国,6.7,终极人鱼岛
1217,美国,6.7,致命武器3
1218,英国,6.7,调味的房子
1219,英国,6.7,布克和海尔
1220,美国,6.7,詹尼弗
1221,韩国,6.7,消失的夜晚
1222,西班牙,6.7,异魔禁区
1199,香港,6.7,五虎将之决裂
1200,法国,6.7,富兰克林
1201,香港,6.7,新人皮灯笼
1202,挪威,6.7,西尔玛
1203,韩国,6.7,侦探：开端
1204,韩国,6.7,手机
1205,加拿大,6.7,何处寻真相
1206,加拿大,6.7,折磨
1207,美国,6.7,利欲两心
1208,美国,6.7,刀走偏锋
1209,香港,6.7,杀手蝴蝶梦
1210,德国,6.7,蛛丝马迹
1211,澳大利亚,6.7,丛林
1212,英国,6.7,007外传之巡弋飞弹
1213,美国,6.7,烈血天空
1214,加拿大,6.7,行骗天下
1215,荷兰,6.7,悍女
1216,美国,6.7,终极人鱼岛
1217,美国,6.7,致命武器3
1218,英国,6.7,调味的房子
1219,英国,6.7,布克和海尔
1220,美国,6.7,詹尼弗
1221,韩国,6.7,消失的夜晚
1222,西班牙,6.7,异魔禁区
1223,美国,6.7,监视
1224,韩国,6.7,野兽
1225,韩国,6.7,鬼镜
1226,美国,6.7,凶手就在门外
1227,美国,6.7,终极悍将
1228,美国,6.7,网络上身
1229,意大利,6.7,双重时间
1230,美国,6.7,观光路线
1231,美国,6.7,全面追捕令
1232,美国,6.7,独自夜归的女孩
1233,美国,6.7,血腥拼图
1234,美国,6.7,蜻蜓
1235,法国,6.7,末路狂澜
1236,美国,6.7,山路惊魂
1237,德国,6.7,不准忘了我
1238,美国,6.7,祖鲁
1239,美国,6.7,沉默
1240,波兰,6.7,必要的杀戮
1241,美国,6.7,诺贝尔赎金
1242,美国,6.7,警察帝国
1243,法国,6.7,法国缉毒风云
1244,美国,6.6,致命伴旅
1245,香港,6.6,枪王之王
1246,美国,6.6,神秘代码
1247,美国,6.6,暮光之城4：破晓(下)
1248,美国,6.6,透明人
1249,美国,6.6,黑夜传说4：觉醒
1250,香港,6.6,饺子
1251,韩国,6.6,铁线虫入侵
1252,美国,6.6,玩命直播
1253,巴西,6.6,狂蟒之灾
1254,美国,6.6,隔山有眼
1255,香港,6.6,Office有鬼
1256,捷克,6.6,格林兄弟
1257,美国,6.6,乘客
1258,美国,6.6,人皮客栈2
1259,美国,6.6,母亲！
1260,香港,6.6,救命
1261,西班牙,6.6,死亡录像2
1262,中国大陆,6.6,绑架
1263,西班牙,6.6,极限空间
1264,美国,6.6,翻译风波
1265,美国,6.6,趣味游戏美国版
1266,美国,6.6,完美陌生人
1267,美国,6.6,反恐特警组
1268,澳大利亚,6.6,致命礼物
1269,美国,6.6,乌鸦
1270,英国,6.6,危险方法
1271,美国,6.6,魔屋
1272,美国,6.6,年鉴计划
1273,美国,6.6,杀手乔
1274,中国大陆,6.6,疯狂的兔子
1275,美国,6.6,灵动：鬼影实录3
1276,韩国,6.6,鬼铃
1277,日本,6.6,所罗门的伪证前篇：事件
1278,日本,6.6,赌博默示录2
1279,加拿大,6.6,附身
1280,英国,6.6,007之女王密使
1281,美国,6.6,神探南茜
1282,美国,6.6,44号孩子
1283,美国,6.6,鬼娃回魂2
1284,韩国,6.6,等着你
1285,美国,6.6,与魔鬼同行
1286,印度,6.6,脑残粉
1287,韩国,6.6,罪恶的编年史
1288,加拿大,6.6,持枪流浪汉
1289,美国,6.6,爱国者游戏
1290,美国,6.6,王牌特派员
1291,意大利,6.6,黑天使
1292,美国,6.6,红色星球
1293,美国,6.6,终极密码战
1294,英国,6.6,清道夫
1295,英国,6.6,神秘群岛
1296,美国,6.6,过关斩将
1297,泰国,6.6,变鬼
1298,英国,6.6,布朗森
1299,香港,6.6,鬼新娘
1300,美国,6.6,惊魂眼
1301,美国,6.6,千尸屋2
1302,英国,6.6,吸血情圣
1303,韩国,6.6,客人
1304,美国,6.6,桃色追捕令
1305,日本,6.6,鬼女魔咒
1306,法国,6.6,边域之城
1307,美国,6.6,如何抢银行
1308,香港,6.6,鬼干部
1309,英国,6.6,莱姆豪斯的杀人魔
1310,美国,6.6,危机四伏
1311,美国,6.6,夜色
1312,美国,6.6,沉默生机
1313,日本,6.6,邻人13号
1314,美国,6.6,猛鬼街7
1315,美国,6.6,邻家女孩
1316,日本,6.6,彷徨之刃
1317,美国,6.6,幼儿园警探
1318,英国,6.6,洞
1319,韩国,6.6,一定要抓住
1320,香港,6.6,灭门惨案2：借种
1321,美国,6.6,德国好人
1322,日本,6.6,以藏
1323,美国,6.6,独行铁金刚
1324,美国,6.6,初始者
1325,美国,6.6,豹人
1326,美国,6.6,骗局
1327,美国,6.6,零号嫌疑犯
1328,英国,6.6,幸存者
1329,中国大陆,6.6,银蛇谋杀案
1330,日本,6.6,胶片之恋
1331,加拿大,6.6,异形终结
1332,中国,6.6,神秘的大佛
1333,英国,6.6,遥远的北方
1334,美国,6.6,最终剪接
1335,中国大陆,6.5,画皮
1336,美国,6.5,暮光之城2：新月
1337,美国,6.5,异星觉醒
1338,美国,6.5,死神来了5
1339,美国,6.5,世界之战
1340,美国,6.5,心灵传输者
1341,加拿大,6.5,无处可逃
1342,美国,6.5,弯刀
1343,美国,6.5,刀锋战士3
1344,美国,6.5,黑色大丽花
1345,美国,6.5,极限特工2
1346,美国,6.5,人狼大战
1347,德国,6.5,蝎子王
1348,美国,6.5,铁血精英
1349,香港,6.5,黑白森林
1350,日本,6.5,要听神明的话
1351,美国,6.5,后窗惊魂
1352,中国大陆,6.5,女蛹
1353,德国,6.5,隔绝
1354,德国,6.5,88分钟
1355,美国,6.5,别惹小孩
1356,美国,6.5,伦敦大道
1357,美国,6.5,灵数23
1358,美国,6.5,天兆
1359,美国,6.5,险恶
1360,美国,6.5,匪帮传奇
1361,日本,6.5,拜访者Q
1362,法国,6.5,龙之吻
1363,美国,6.5,美国人
1364,美国,6.5,致命拜访
1365,法国,6.5,巴黎谍影
1366,美国,6.5,禁运品
1367,美国,6.5,鬼玩人
1368,美国,6.5,危险性游戏
1369,美国,6.5,惩罚者2：战争特区
1370,加拿大 Canada,6.5,入侵华尔街
1371,韩国,6.5,密探
1372,美国,6.5,蠢蛋进化论
1373,美国,6.5,13骇人游戏
1374,美国,6.5,街头之王
1375,韩国,6.5,共犯
1376,韩国,6.5,梨泰院杀人事件
1377,美国,6.5,黑暗乡村
1378,美国,6.5,解除好友
1379,日本,6.5,恶魔蛙男
1380,台湾,6.5,红衣小女孩2
1381,美国,6.5,的士飚花
1382,美国,6.5,特警判官
1383,法国,6.5,身在其中
1384,韩国,6.5,嚎叫
1385,香港,6.5,阴阳路2：我在你左右
1386,美国,6.5,隐形人
1387,美国,6.5,临时特工
1388,香港,6.5,烈火战车2：极速传说
1389,韩国,6.5,没有秘密
1390,美国,6.5,东方
1391,美国,6.5,高个夜魔
1392,日本,6.5,东瀛鬼咒
1393,美国,6.5,凤凰劫
1394,美国,6.5,末日戒备
1395,美国,6.5,驱魔人前传
1396,英国,6.5,杀死汝伴
1397,美国,6.5,困斗99号囚室
1398,法国,6.5,决战帝国
1399,美国,6.5,瘦到死
1400,美国,6.5,同步
1401,美国,6.5,服从
1402,美国,6.5,替身
1403,美国,6.5,我们拥有夜晚
1404,美国,6.5,终极标靶
1405,韩国,6.5,台风
1406,美国,6.5,猛鬼屋
1407,日本,6.5,日本沉没
1408,韩国,6.5,秘密
1409,美国,6.5,扑克之夜
1410,韩国,6.5,落跑老爸
1411,美国,6.5,分秒间离
1412,美国,6.5,猛鬼街4：梦幻主宰
1413,美国,6.5,好莱坞庄园
1414,美国,6.5,千钧一发
1415,美国,6.5,驯鹿游戏
1416,美国,6.5,法国贩毒网2
1417,澳大利亚,6.5,虚拟实惊
1418,英国,6.5,影子舞者
1419,韩国,6.5,时间上的家
1420,中国大陆,6.5,警察日记
1421,美国,6.5,98惊魂记
1422,韩国,6.5,爱未知
1423,美国,6.5,洛杉矶大逃亡
1424,韩国,6.5,我们的社区
1425,英国,6.5,农家小屋
1426,加拿大,6.5,七日复仇
1427,英国,6.5,布赖顿硬糖
1428,香港,6.5,山狗
1429,法国,6.5,日烦夜烦
1430,美国,6.5,福尔摩斯：丝缠奇案
1431,美国,6.5,孽迷宫
1432,法国,6.5,伊斯梅尔的幽魂
1433,美国,6.5,突然死亡
1434,韩国,6.5,以牙还牙
1435,美国,6.5,激情沸点
1436,美国,6.4,暮光之城3：月食
1437,美国,6.4,寂静之地
1438,英国,6.4,007：大破量子危机
1439,美国,6.4,灵魂战车
1440,香港,6.4,逆战
1441,法国,6.4,飓风营救3
1442,香港,6.4,大块头有大智慧
1443,英国,6.4,超脑48小时
1444,美国,6.4,电梯里的恶魔
1445,美国,6.4,传染病
1446,香港,6.4,双雄
1447,美国,6.4,超级八
1448,美国,6.4,我唾弃你的坟墓
1449,美国,6.4,幻体：续命游戏
1450,美国,6.4,安娜贝尔2：诞生
1451,英国,6.4,在我入睡前
1452,香港,6.4,特务迷城
1453,美国,6.4,恐怖废墟
1454,美国,6.4,火车上的女孩
1455,香港,6.4,见鬼十法
1456,美国,6.4,超级英雄
1457,美国,6.4,致命弯道2
1458,美国,6.4,新丧尸出笼
1459,美国,6.4,惩罚者
1460,泰国,6.4,连体阴
1461,香港,6.4,鬼域
1462,美国,6.4,鬼哭神嚎
1463,美国,6.4,跨国银行
1464,日本,6.4,花与蛇
1441,法国,6.4,飓风营救3
1442,香港,6.4,大块头有大智慧
1443,英国,6.4,超脑48小时
1444,美国,6.4,电梯里的恶魔
1445,美国,6.4,传染病
1446,香港,6.4,双雄
1447,美国,6.4,超级八
1448,美国,6.4,我唾弃你的坟墓
1449,美国,6.4,幻体：续命游戏
1450,美国,6.4,安娜贝尔2：诞生
1451,英国,6.4,在我入睡前
1452,香港,6.4,特务迷城
1453,美国,6.4,恐怖废墟
1454,美国,6.4,火车上的女孩
1455,香港,6.4,见鬼十法
1456,美国,6.4,超级英雄
1457,美国,6.4,致命弯道2
1458,美国,6.4,新丧尸出笼
1459,美国,6.4,惩罚者
1460,泰国,6.4,连体阴
1461,香港,6.4,鬼域
1462,美国,6.4,鬼哭神嚎
1463,美国,6.4,跨国银行
1464,日本,6.4,花与蛇
1465,美国,6.4,绝命反击
1466,美国,6.4,十三
1467,香港,6.4,玉蒲团之玉女心经
1468,美国,6.4,玩叛游戏
1469,美国,6.4,铁血战士2
1470,美国,6.4,探访惊魂
1471,美国,6.4,十三猛鬼
1472,瑞士,6.4,太空运输
1473,日本,6.4,少女杀手阿墨
1474,美国,6.4,鬼影人
1475,澳大利亚,6.4,疯狂的麦克斯3
1476,美国,6.4,庇护所
1477,美国,6.4,黄铜茶壶
1478,香港,6.4,弹．道
1479,日本,6.4,毒气风暴
1480,美国,6.4,稻草狗
1481,香港,6.4,机动部队—绝路
1482,韩国,6.4,解冻
1483,韩国,6.4,平行理论
1484,英国,6.4,撒哈拉
1485,香港,6.4,亲爱的
1486,美国,6.4,毛骨悚然
1487,美国,6.4,冰人
1488,澳大利亚,6.4,狼溪2
1489,韩国,6.4,标靶
1490,美国,6.4,双面劫匪
1491,美国,6.4,炮弹专家
1492,美国,6.4,失真的画
1493,美国,6.4,致命武器4
1494,美国,6.4,恐怖旅馆
1495,韩国,6.4,荆棘
1496,英国,6.4,燃烧弹
1497,西班牙,6.4,脆弱
1498,美国,6.4,大白鲨2
1499,美国,6.4,鬼讯号2：灵异透视
1500,美国,6.4,国家保安
1501,日本,6.4,人狼游戏2：野兽阵营
1502,日本,6.4,恶梦侦探
1503,美国,6.4,猛鬼街5：猛鬼怪胎
1504,台湾,6.4,人蛇大战
1505,香港,6.4,极度重犯
1506,美国,6.4,时空悍将
1507,中国大陆,6.4,灵魂纸扎店
1508,韩国,6.4,来看我吧
1509,韩国,6.4,影子杀人
1510,韩国,6.4,隔凶杀人
1511,法国,6.4,秘密防御
1512,美国,6.4,双狙人3
1513,美国,6.4,别闯阴阳界
1514,日本,6.4,天空之蜂
1515,法国,6.4,至尊对决
1516,英国,6.4,血浓于罪
1517,台湾,6.4,青田街一号
1518,美国,6.4,巴拿马裁缝
1519,美国,6.4,樱桃汁
1520,德国,6.4,颤栗汪洋2
1521,美国,6.4,无限密室
1522,美国,6.4,骑弹飞行
1523,韩国,6.4,二楼的恶人
1524,香港,6.4,精灵变
1525,美国,6.3,暮光之城4：破晓(上)
1526,美国,6.3,死神来了4
1527,香港,6.3,赤裸特工
1528,美国,6.3,吸血鬼猎人林肯
1529,中国大陆,6.3,好奇害死猫
1530,美国,6.3,人类清除计划2：无政府状态
1531,美国,6.3,帕克
1532,英国,6.3,特警判官
1533,美国,6.3,通灵神探
1534,韩国,6.3,考死：血之期中考试
1535,美国,6.3,游侠
1536,香港,6.3,特警新人类
1537,法国,6.3,不要回头
1538,法国,6.3,索多玛120天
1539,美国,6.3,星际传奇3
1540,美国,6.3,狂蟒之灾2
1541,美国,6.3,隔山有眼2
1542,美国,6.3,无人生还
1543,美国,6.3,三十极夜
1544,美国,6.3,谍影特工
1545,美国,6.3,冰封之地
1546,台湾,6.3,楼下的房客
1547,美国,6.3,老男孩
1548,美国,6.3,口是心非
1549,美国,6.3,不速之客
1550,英国,6.3,百夫长
1551,美国,6.3,末日病毒
1552,澳大利亚,6.3,鬼书
1553,西班牙,6.3,酒吧
1554,美国,6.3,逃出熔炉
1555,美国,6.3,恐怖解剖室
1556,美国,6.3,寻求正义
1557,香港,6.3,心魔
1558,俄罗斯,6.3,黑色闪电
1559,香港,6.3,盲女72小时
1560,美国,6.3,谜一样的双眼
1561,美国,6.3,太空异种
1562,美国,6.3,偷窥
1563,美国,6.3,生存游戏
1564,美国,6.3,致命录像带
1565,美国,6.3,心中的杀手
1566,美国,6.3,隔离区
1567,韩国,6.3,深夜调频
1568,美国,6.3,整十码
1569,美国,6.3,双面玛莎
1570,日本,6.3,感染列岛
1571,美国,6.3,战略高手
1572,美国,6.3,刺杀游戏
1573,美国,6.3,魔鬼末日
1574,美国,6.3,下一个就是你
1575,日本,6.3,自杀俱乐部
1576,美国,6.3,惊心食人族2
1577,美国,6.3,间接伤害
1578,美国,6.3,13号星期五
1579,英国,6.3,孤独的死亡之所
1580,罗马尼亚,6.3,鬼娃孽种
1581,美国,6.3,鬼水怪谈
1582,美国,6.3,杀了我三次
1583,加拿大,6.3,死亡半径
1584,英国,6.3,断头气
1585,香港,6.3,阳光警察
1586,美国,6.3,幻影计划
1587,香港,6.3,死开啲啦
1588,韩国,6.3,十亿韩元
1589,韩国,6.3,11时
1590,美国,6.3,恐怖母亲节
1591,美国,6.3,人质
1592,法国,6.3,弹窗惊魂
1593,英国,6.3,意外杀手
1594,美国,6.3,善意杀戮
1595,西班牙,6.3,炸掉银行经理
1596,美国,6.3,证据
1597,加拿大,6.3,狂暴
1598,美国,6.3,红色警探
1599,英国,6.3,我们这种叛徒
1600,日本,6.3,死魂曲
1601,美国,6.3,天使之眼
1602,美国,6.3,刹车
1603,美国,6.3,玩命警车
1604,美国,6.3,蓝色废墟
1605,美国,6.3,复制人
1606,香港,6.3,灭门惨案之孽杀
1607,美国,6.3,天袭
1608,韩国,6.3,基因危机：天才科学家的五日
1609,美国,6.3,枪长莫及
1610,印度,6.3,雨季将至
1611,美国,6.3,邮政恐怖份子
1612,西班牙,6.3,敌对区域
1613,英国,6.2,007：幽灵党
1614,香港,6.2,窃听风云3
1615,美国,6.2,但丁密码
1616,美国,6.2,虎胆龙威5
1617,中国大陆,6.2,一个人的武林
1618,美国,6.2,整编特工
1619,美国,6.2,家园防线
1620,英国,6.2,蜂鸟特攻
1621,美国,6.2,猩红山峰
1622,美国,6.2,新铁血战士
1623,美国,6.2,红雀
1624,西班牙,6.2,机器纪元
1625,美国,6.2,午夜食人列车
1626,法国,6.2,霓虹恶魔
1627,美国,6.2,暂告安全
1628,韩国,6.2,夏日时光
1629,美国,6.2,我知道你去年夏天干了什么
1630,美国,6.2,夺命手机
1631,美国,6.2,杰罗德游戏
1632,美国,6.2,冷冻
1633,美国,6.2,梦宅诡影
1634,韩国,6.2,灰姑娘
1635,美国,6.2,九死
1636,美国,6.2,佛莱迪大战杰森
1637,美国,6.2,送报男孩
1638,香港,6.2,见鬼2
1639,美国,6.2,威震八方
1640,美国,6.2,龙潭虎穴
1641,香港,6.2,妄想
1642,美国,6.2,异度见鬼
1643,美国,6.2,最后一次驱魔
1644,美国,6.2,鬼影
1645,美国,6.2,一级戒备
1646,美国,6.2,兽餐
1647,美国,6.2,病院惊魂
1648,日本,6.2,人鬼情未了
1649,美国,6.2,凶案清理员
1650,美国,6.2,六颗子弹
1651,法国,6.2,暴风雪中的白鸟
1652,美国,6.2,致命报应
1653,美国,6.2,凶兆
1654,美国,6.2,恐怖杀人医院
1655,香港,6.2,短暂的生命
1656,加拿大,6.2,鬼讯号
1657,法国,6.2,真事改编
1658,美国,6.2,异形魔怪2
1659,美国,6.2,诱惑法则
1660,日本,6.2,鬼影实录：东京之夜
1661,西班牙,6.2,冰肤传说
1662,美国,6.2,鬼入侵
1663,美国,6.2,猛鬼街6
1664,泰国,6.2,人头蛊
1665,香港,6.2,杀杀人、跳跳舞
1666,美国,6.2,好莱坞重案组
1667,美国,6.2,盒装美人
1668,德国,6.2,鬼磨坊
1669,美国,6.2,战栗汪洋
1670,美国,6.2,鬼恋
1671,香港,6.2,危情少女
1672,英国,6.2,六天
1673,美国,6.2,偷来的人生
1674,德国,6.2,淹没
1675,英国,6.2,无情
1676,香港,6.2,卫斯理之老猫
1677,法国,6.2,巴黎五区的女人
1678,美国,6.2,步步危机
1679,英国,6.2,恐惧
1680,德国,6.2,匿名者
1681,日本,6.2,壁男
1682,美国,6.2,雪崩行动
1683,英国,6.1,伦敦陷落
1684,美国,6.1,关键第四号
1685,美国,6.1,侠探杰克
1686,美国,6.1,美少女特攻队
1687,香港,6.1,狼牙
1688,美国,6.1,太空一号
1689,英国,6.1,玩命追踪
1690,美国,6.1,汉娜
1691,美国,6.1,天地逃生
1692,韩国,6.1,粉红色高跟鞋
1693,香港,6.1,火龙对决
1694,美国,6.1,针孔旅馆
1695,美国,6.1,航班蛇患
1696,美国,6.1,忍者刺客
1697,美国,6.1,我唾弃你的坟墓2
1698,美国,6.1,杀出狂人镇
1699,日本,6.1,鬼娃娃花子
1700,南非,6.1,死亡飞车2
1701,美国,6.1,幻影追凶
1702,韩国,6.1,猫：看见死亡的双眼
1703,美国,6.1,贝尔科实验
1704,美国,6.1,复制娇妻
1705,澳大利亚,6.1,疯狂的麦克斯
1706,英国,6.1,杀人锦标赛
1683,英国,6.1,伦敦陷落
1684,美国,6.1,关键第四号
1685,美国,6.1,侠探杰克
1686,美国,6.1,美少女特攻队
1687,香港,6.1,狼牙
1688,美国,6.1,太空一号
1689,英国,6.1,玩命追踪
1690,美国,6.1,汉娜
1691,美国,6.1,天地逃生
1692,韩国,6.1,粉红色高跟鞋
1693,香港,6.1,火龙对决
1694,美国,6.1,针孔旅馆
1695,美国,6.1,航班蛇患
1696,美国,6.1,忍者刺客
1697,美国,6.1,我唾弃你的坟墓2
1698,美国,6.1,杀出狂人镇
1699,日本,6.1,鬼娃娃花子
1700,南非,6.1,死亡飞车2
1701,美国,6.1,幻影追凶
1702,韩国,6.1,猫：看见死亡的双眼
1703,美国,6.1,贝尔科实验
1704,美国,6.1,复制娇妻
1705,澳大利亚,6.1,疯狂的麦克斯
1706,英国,6.1,杀人锦标赛
1707,美国,6.1,奇趣马戏团：吸血鬼的助手
1708,美国,6.1,魔窟
1709,美国,6.1,解冻
1710,美国,6.1,死囚大逃杀
1711,美国,6.1,野蛮人
1712,美国,6.1,摩根
1713,日本,6.1,所罗门的伪证后篇：审判
1714,美国,6.1,致命对决
1715,美国,6.1,无声夜
1716,美国,6.1,鬼使神差
1717,香港,6.1,机动部队—人性
1718,美国,6.1,灵异拼图
1719,英国,6.1,美国怪谈
1720,韩国,6.1,办公室
1721,美国,6.1,中毒(美版)
1722,泰国,6.1,凶间疑影
1723,美国,6.1,脱衣舞娘
1724,美国,6.1,合法入侵
1725,法国,6.1,决战豪门
1726,美国,6.1,撕裂记忆体
1727,英国,6.1,樱桃炸弹
1728,韩国,6.1,极乐岛杀人事件
1729,美国,6.1,地狱骑士
1730,加拿大,6.1,少年特工科迪
1731,韩国,6.1,陷阱
1732,美国,6.1,伪造者
1733,英国,6.1,危险辩护
1734,美国,6.1,陷阱
1735,英国,6.1,邻家秘事
1736,台湾,6.1,失魂
1737,俄罗斯,6.1,尤伦卡
1738,美国,6.1,追债大乱斗
1739,Tanzania,6.1,活鬼胎
1740,美国,6.1,鬼屋
1741,美国,6.1,我是间谍
1742,美国,6.1,置之死地而后生
1743,澳大利亚,6.1,回溯
1744,英国,6.1,死亡挑战行动
1745,美国,6.1,七月寒潮
1746,美国,6.1,毛绒
1747,加拿大,6.1,时空特警
1748,英国,6.1,聊天室
1749,美国,6.1,魔界妖姬
1750,法国,6.1,罪爱
1751,香港,6.1,羔羊医生
1752,法国,6.1,突击
1753,俄罗斯,6.1,莫斯科大事件
1754,法国,6.1,换屋惊魂
1755,美国,6.0,神奇燕尾服
1756,美国,6.0,劫案迷云
1757,美国,6.0,人类清除计划3
1758,美国,6.0,我唾弃你的坟墓
1759,美国,6.0,潜伏3
1760,美国,6.0,灭顶之灾
1761,中国大陆,6.0,卧虎
1762,美国,6.0,新猛鬼街
1763,美国,6.0,温柔杀戮
1764,英国,6.0,末日侵袭
1765,美国,6.0,来电惊魂
1766,英国,6.0,毁灭战士
1767,美国,6.0,叛谍追击
1768,法国,6.0,私人采购员
1769,美国,6.0,非礼勿视
1770,美国,6.0,亲密如贼
1771,美国,6.0,告密者
1772,美国,6.0,防火墙
1773,美国,6.0,阿波罗18号
1774,美国,6.0,信号
1775,美国,6.0,一路向南
1776,英国,6.0,危情24小时
1777,美国,6.0,刺
1778,德国,6.0,好友请求
1779,美国,6.0,车库惊魂
1780,英国,6.0,拜占庭
1781,韩国,6.0,读心术
1782,法国,6.0,暗黑之地
1783,美国,6.0,五路追杀令2：刺客舞会
1784,英国,6.0,四三二一
1785,香港,6.0,A-1头条
1786,法国,6.0,复仇
1787,英国,6.0,骚乱俱乐部
1788,香港,6.0,机动部队—伙伴
1789,美国,6.0,死亡契约
1790,日本,6.0,甜蜜皮鞭
1791,香港,6.0,阴阳路6：凶周刊
1792,美国,6.0,猛鬼街2
1793,美国,6.0,战争公司
1794,韩国,6.0,杀人依赖
1795,英国,6.0,军情五处：利益之争
1796,英国,6.0,鬼娃回魂3
1797,印度 Indian,6.0,无相劫
1798,加拿大,6.0,美国玛丽
1799,英国,6.0,黑森灵
1800,挪威,6.0,雪山惊魂2
1801,韩国,6.0,失踪
1802,美国,6.0,绝对统治
1803,美国,6.0,夺命回声
1804,美国,6.0,死亡约定
1805,美国,6.0,兽餐2
1806,法国,6.0,破坏欲
1807,美国,6.0,折磨
1808,美国,6.0,失魂记忆
1809,美国,6.0,犯罪活动
1810,英国,6.0,海岸大捕怪
1811,香港,6.0,黑猫
1812,西班牙,6.0,恐怖货轮
1813,英国,6.0,血域燃烧
1814,美国,6.0,十三号星期五2
1815,中国大陆,5.9,画皮2
1816,中国大陆,5.9,锦衣卫
1817,香港,5.9,魔警
1818,美国,5.9,蝴蝶效应2
1819,中国大陆,5.9,暴疯语
1820,法国,5.9,玩命速递：重启之战
1821,加拿大,5.9,异能
1822,美国,5.9,曼谷杀手
1823,美国,5.9,宇宙追缉令
1824,香港,5.9,大搜查之女
1825,美国,5.9,驱魔者
1826,美国,5.9,代号47
1827,法国,5.9,强我
1828,英国,5.9,鲨海
1829,美国,5.9,宿主
1830,德国,5.9,特工的特别任务
1831,韩国,5.9,莫比乌斯
1832,香港,5.9,同门
1833,美国,5.9,室友
1834,英国,5.9,九人禁闭室
1835,美国,5.9,夺命追踪
1836,美国,5.9,致命弯道3
1837,美国,5.9,灵动：鬼影实录2
1838,美国,5.9,致命罗密欧
1839,香港,5.9,撕票风云
1840,美国,5.9,潜伏4：锁命亡灵
1841,日本,5.9,毛骨悚然
1842,美国,5.9,我仍然知道你去年夏天干了什么
1843,美国,5.9,街尾之宅
1844,英国,5.9,亡命地中海
1845,香港,5.9,安娜与安娜
1846,美国,5.9,黑暗天际
1847,美国,5.9,尸骨无存
1848,美国,5.9,十二
1849,美国,5.9,绝命时钟2:22
1850,香港,5.9,犀照
1851,美国,5.9,绿色房间
1852,挪威,5.9,雪山惊魂
1853,韩国,5.9,捉奸侦探
1854,美国,5.9,隔离区2：终点站
1855,美国,5.9,最后一班
1856,韩国,5.9,一对一
1857,韩国,5.9,怪物
1858,德国,5.9,极速漂移
1859,美国,5.9,玩尽杀绝2
1860,德国,5.9,恶灵空间
1861,日本,5.9,女虐
1862,美国,5.9,迷恋
1863,美国,5.9,深入敌后3：哥伦比亚
1864,法国,5.9,夺命枪火
1865,挪威,5.9,海浪
1866,德国,5.9,赤裸惊情
1867,荷兰,5.9,杀人电梯
1868,美国,5.9,哥伦布怪圈
1869,美国,5.9,连锁反应
1870,澳大利亚,5.9,柏林综合症
1871,美国,5.9,另一个人
1872,香港,5.9,惊天大贼王
1873,美国,5.9,红色之州
1874,爱尔兰,5.9,运河迷踪
1875,美国,5.9,挑逗性游戏
1876,美国,5.9,恶灵空间2
1877,美国,5.8,食人鱼3D
1878,中国大陆,5.8,深海寻人
1879,香港,5.8,神枪手
1880,美国,5.8,阴齿
1881,美国,5.8,异形大战铁血战士2
1882,美国,5.8,谍海风云
1883,英国,5.8,黑衣女人
1884,香港,5.8,飞龙再生
1885,香港,5.8,那夜凌晨，我坐上了旺角开往大埔的红VAN
1886,西班牙,5.8,死亡录像3：创世纪
1887,韩国,5.8,布拉芙夫人
1888,美国,5.8,科洛弗悖论
1889,中国大陆,5.8,秋喜
1890,英国,5.8,幸存者
1891,香港,5.8,迷途追凶
1892,美国,5.8,死魂盒
1893,美国,5.8,X档案：我要相信
1894,美国,5.8,赤警威龙
1895,美国,5.8,神秘感染
1896,美国,5.8,危狱惊情
1897,韩国,5.8,解剖学教室
1898,英国,5.8,双雄
1899,美国,5.8,生死时速2：海上惊情
1900,英国,5.8,真心话大冒险
1901,美国,5.8,继父
1902,香港,5.8,幻影特攻
1903,英国,5.8,地铁惊魂
1904,美国,5.8,搭车人
1905,美国,5.8,雪盲
1906,美国,5.8,裸体切割
1907,美国,5.8,我的血腥情人节
1908,美国,5.8,淘金俏冤家
1909,德国,5.8,风暴突击者
1910,英国,5.8,惊天解密
1911,美国,5.8,美国刺客
1912,美国,5.8,暗杀名单
1913,泰国,5.8,人肉米粉
1914,香港,5.8,猛鬼爱情故事
1915,加拿大,5.8,女孩闺房
1916,韩国,5.8,寄生灵
1917,南非,5.8,绝命盗窃
1918,美国,5.8,荒岛惊魂
1919,韩国,5.8,宫女
1920,美国,5.8,史前巨鳄
1921,美国,5.8,我知道谁杀了我
1922,法国,5.8,吾父吾血
1923,韩国,5.8,狩猎
1924,美国,5.8,开拓者
1925,美国,5.8,饥饿难耐
1926,加拿大,5.8,变色龙
1927,德国,5.8,合理怀疑
1928,美国,5.8,恐怖海湾
1929,韩国,5.8,沉默
1930,美国,5.8,致命邻居
1931,美国,5.8,诡魔童
1932,美国,5.8,绑架
1933,澳大利亚,5.8,舞室培欲
1934,美国,5.8,撒迦利亚
1935,中国大陆,5.8,阴阳先生
1936,法国,5.8,决战豪门2
1937,美国,5.8,许愿
1938,美国,5.8,遗弃
1939,中国大陆,5.8,鬼话怪谈·祥云寺
1940,美国,5.8,阿提克斯研究所
1941,美国,5.8,兽餐3
1942,加拿大,5.8,甜心的报复
1943,美国,5.8,杀戮战警
1944,美国,5.8,红色之山
1945,爱尔兰,5.8,我不是连环杀手
1946,美国,5.8,复仇天使
1947,英国,5.8,隐居
1948,美国,5.8,大白鲨3
1925,美国,5.8,饥饿难耐
1926,加拿大,5.8,变色龙
1927,德国,5.8,合理怀疑
1928,美国,5.8,恐怖海湾
1929,韩国,5.8,沉默
1930,美国,5.8,致命邻居
1931,美国,5.8,诡魔童
1932,美国,5.8,绑架
1933,澳大利亚,5.8,舞室培欲
1934,美国,5.8,撒迦利亚
1935,中国大陆,5.8,阴阳先生
1936,法国,5.8,决战豪门2
1937,美国,5.8,许愿
1938,美国,5.8,遗弃
1939,中国大陆,5.8,鬼话怪谈·祥云寺
1940,美国,5.8,阿提克斯研究所
1941,美国,5.8,兽餐3
1942,加拿大,5.8,甜心的报复
1943,美国,5.8,杀戮战警
1944,美国,5.8,红色之山
1945,爱尔兰,5.8,我不是连环杀手
1946,美国,5.8,复仇天使
1947,英国,5.8,隐居
1948,美国,5.8,大白鲨3
1949,中国香港,5.8,一楼一鬼
1950,英国,5.8,碍事者
1951,美国,5.8,从地心窜出4
1952,美国,5.8,情人劫
1953,美国,5.7,小红帽
1954,美国,5.7,人类清除计划
1955,美国,5.7,一触即发
1956,香港,5.7,B+侦探
1957,美国,5.7,狂暴飞车
1958,香港,5.7,花花型警
1959,美国,5.7,超胆侠
1960,中国大陆,5.7,密室之不可告人
1961,美国,5.7,黑夜传说5：血战
1962,美国,5.7,在劫难逃
1963,美国,5.7,牛仔和外星人
1964,美国,5.7,弯刀杀戮
1965,美国,5.7,非法入侵
1966,法国,5.7,唯神能恕
1967,澳大利亚,5.7,逃亡鳄鱼岛
1968,美国,5.7,红色警戒999
1969,台湾,5.7,红衣小女孩
1970,美国,5.7,替身杀手
1971,美国,5.7,鬼来电
1972,英国,5.7,机械危情
1973,美国,5.7,恶魔
1974,美国,5.7,魔屋
1975,日本,5.7,异常
1976,美国,5.7,太平间闹鬼事件2：佐治亚鬼屋事件
1977,美国,5.7,鬼迷心窍
1978,美国,5.7,丛林噩梦
1979,香港,5.7,人肉叉烧包2之天诛地灭
1980,英国,5.7,伊恩·斯通之死
1981,泰国,5.7,灵虐
1982,美国,5.7,心中的恶魔
1983,美国,5.7,无人之子
1984,香港,5.7,偷窥无罪
1985,韩国,5.7,恶魔在身后
1986,韩国,5.7,夏娃的诱惑：她的技巧
1987,美国,5.7,亡命雷区
1988,澳大利亚,5.7,诊所惊魂
1989,日本,5.7,人狼游戏
1990,美国,5.7,玩尽杀绝3：钻石计划
1991,泰国,5.7,泳队惊魂
1992,日本,5.7,通往死刑台的电梯
1993,美国,5.7,致命录像带3：病毒
1994,韩国,5.7,少女
1995,法国,5.7,原始轮回
1996,英国,5.7,泄密的心
1997,美国,5.7,玩尽杀绝4：四人组
1998,韩国,5.7,第四课时推理领域
1999,香港,5.7,血恋
2000,印尼,5.7,杀手们
2001,美国,5.7,地狱：亡灵栖所
2002,爱尔兰,5.7,醒木
2003,日本,5.7,涉谷怪谈
2004,香港,5.7,七月又十四之信不信由你
2005,美国,5.7,由内而外
2006,英国,5.7,恐怖的爸妈
2007,美国,5.7,送葬人
2008,美国,5.7,恐怖异形入侵
2009,美国,5.7,从地心窜出3
2010,美国,5.7,变种DNA 2
2011,英国,5.7,别挂电话
2012,美国,5.7,午夜电影
2013,美国,5.7,死亡女孩
2014,日本,5.6,真实魔鬼游戏
2015,韩国,5.6,下女
2016,美国,5.6,本能2
2017,美国,5.6,安娜贝尔
2018,美国,5.6,迈阿密风云
2019,美国,5.6,破坏者
2020,英国,5.6,狼人
2021,日本,5.6,算计：七天的死亡游戏
2022,美国,5.6,异教徒
2023,美国,5.6,魔鬼山历险记
2024,美国,5.6,透明人2
2025,美国,5.6,激战运钞车
2026,美国,5.6,格蕾丝
2027,美国,5.6,失落的大陆
2028,美国,5.6,水中女妖
2029,泰国,5.6,婴尸
2030,美国,5.6,驱魔警探
2031,美国,5.6,破碎之城
2032,韩国,5.6,女教师
2033,韩国,5.6,四人餐桌
2034,美国,5.6,海军陆战队员
2035,美国,5.6,神秘洞穴
2036,美国,5.6,杰莎贝尔
2037,美国,5.6,囚禁
2038,美国,5.6,失事
2039,台湾,5.6,魔鬼天使
2040,西班牙,5.6,末日浩劫
2041,美国,5.6,外壳
2042,美国,5.6,空难余波
2043,美国,5.6,尸体解剖
2044,法国,5.6,钻石13
2045,美国,5.6,偏执
2046,泰国,5.6,送死
2047,德国,5.6,一声惊雷
2048,日本,5.6,富江
2049,美国,5.6,外来者
2050,香港,5.6,变脸迷情
2051,法国,5.6,眩晕
2052,美国,5.6,深入敌后2：邪恶轴心
2053,美国,5.6,劫后余生
2054,美国,5.6,致命玩笑2
2055,日本,5.6,死亡拼图
2056,泰国,5.6,忍者2：撕裂的暗影
2057,韩国,5.6,孤立者
2058,泰国,5.6,九寺赎魂
2059,意大利,5.6,死亡照相术
2060,瑞典,5.6,汉密尔顿2：绑票危机
2061,澳大利亚,5.6,黑水
2062,法国,5.6,阴兽
2063,美国,5.6,复仇者
2064,美国,5.6,期限人生
2065,加拿大,5.5,人兽杂交
2066,法国,5.5,寂静岭2
2067,中国大陆,5.5,谜城
2068,中国大陆,5.5,捉迷藏
2069,美国,5.5,马克思·佩恩
2070,中国大陆,5.5,心中有鬼
2071,香港,5.5,盂兰神功
2072,美国,5.5,德州电锯杀人狂3D
2073,美国,5.5,婴灵恶泣
2074,美国,5.5,姐妹联谊会惊魂
2075,美国,5.5,鬼镜2
2076,香港,5.5,瘦身
2077,美国,5.5,神秘感染：第二阶段
2078,印度尼西亚,5.5,爆头
2079,美国,5.5,丧家之女
2080,美国,5.5,我杀死了巨人
2081,英国,5.5,绝命密码站
2082,美国,5.5,黑夜勿怕
2083,美国,5.5,残虐你，娱乐我
2084,美国,5.5,鬼雾
2085,英国,5.5,驴子潘趣
2086,泰国,5.5,惨死
2087,美国,5.5,致命追踪
2088,香港,5.5,命运派对
2089,美国,5.5,重装上阵
2090,美国,5.5,入侵者
2091,美国,5.5,致命围困
2092,美国,5.5,诅咒
2093,中国大陆,5.5,末世人间道
2094,美国,5.5,不眠夜
2095,美国,5.5,侦探马龙
2096,美国,5.5,疗养怨
2097,美国,5.5,班纳路
2098,美国,5.5,七秒钟
2099,美国,5.5,神秘的地洞
2100,韩国,5.5,屠夫小姐
2101,美国,5.4,木乃伊3
2102,美国,5.4,灵魂战车2：复仇时刻
2103,澳大利亚,5.4,大海啸之鲨口逃生
2104,美国,5.4,至暗之时
2105,美国,5.4,闪灵侠
2106,泰国,5.4,棺木
2107,美国,5.4,消失在第七街
2108,西班牙,5.4,死亡录像4：启示录
2109,美国,5.4,异种 3
2110,中国大陆,5.4,第三个人
2111,美国,5.4,恐怖极限游戏
2112,美国,5.4,复仇之角
2113,加拿大,5.4,末世殖民地
2114,美国,5.4,人类削减计划
2115,美国,5.4,女子大乱斗
2116,美国,5.4,诚聘保姆
2117,美国,5.4,死亡幻觉2
2118,美国,5.4,起死回生
2119,美国,5.4,人皮脸
2120,美国,5.4,狮口惊魂
2121,香港,5.4,公元2000 AD
2122,西班牙,5.4,安娜·弗里茨的尸体
2123,美国,5.4,鬼娃的诅咒
2124,法国,5.4,伴雨行
2125,美国,5.4,人皮交易
2126,美国,5.4,购物惊魂记
2127,美国,5.4,信任
2128,加拿大,5.4,荒野
2129,美国,5.4,赎命
2130,美国,5.4,恶灵入侵
2131,美国,5.4,致命邀请
2132,美国,5.4,王牌保安
2133,英国,5.4,罪恶赎金
2134,美国,5.4,致命玩笑3
2135,西班牙,5.4,食人恋
2136,韩国,5.4,那家伙
2137,美国,5.4,截稿日期
2138,美国,5.4,灵异医院
2139,美国,5.4,蝙蝠
2140,美国,5.4,对垒特工
2141,美国,5.4,夜色行动
2142,美国,5.4,宇宙大爆炸
2143,中国大陆,5.3,倩女幽魂
2144,日本,5.3,大逃杀2：镇魂歌
2145,日本,5.3,秘密
2146,美国,5.3,魔界契约
2147,美国,5.3,无人查收
2148,英国,5.3,极速之巅
2149,美国,5.3,我唾弃你的坟墓3：复仇在我
2150,美国,5.3,鬼驱人
2151,美国,5.3,恐怖列车
2152,美国,5.3,疯狂父母
2153,韩国,5.3,下水井
2154,香港,5.3,有客到
2155,韩国,5.3,为了皇帝
2156,美国,5.3,灵异空间
2157,美国,5.3,尸骨无存2
2158,美国,5.3,墙里的声音
2159,爱尔兰,5.3,死神蘑菇
2160,美国,5.3,赏金杀手
2161,英国,5.3,入侵隐私
2162,美国,5.3,杀人房间
2163,泰国,5.3,9路冥婚
2164,美国,5.3,死不瞑目
2165,日本,5.3,寒蝉鸣泣之时
2166,中国大陆,5.3,寄生人
2167,美国,5.3,字母杀手
2168,美国,5.3,狙击精英：巅峰对决
2169,日本,5.3,真实魔鬼游戏
2170,美国,5.3,海军陆战队员2
2171,美国,5.3,首杀
2172,英国,5.3,奇机少年
2173,法国,5.3,超速驾驶
2174,美国,5.3,竞技场
2175,美国,5.3,恐惧有限公司
2176,丹麦,5.3,迷魂陷阱
2177,德国,5.3,铁门
2178,荷兰,5.3,七号少年
2179,美国,5.2,屠魔战士
2180,中国大陆,5.2,密室之不可靠岸
2181,加拿大,5.2,天启四骑士
2182,韩国,5.2,深海之战
2183,美国,5.2,逆转王牌
2184,阿联酋,5.2,圆圈
2185,美国,5.2,24小时：末路重生
2186,美国,5.2,西部英雄约拿·哈克斯
2187,美国,5.2,死亡占卜
2188,美国,5.2,再造战士4：清算之日
2189,美国,5.2,再造战士3：重生
2190,美国,5.2,线人
2167,美国,5.3,字母杀手
2168,美国,5.3,狙击精英：巅峰对决
2169,日本,5.3,真实魔鬼游戏
2170,美国,5.3,海军陆战队员2
2171,美国,5.3,首杀
2172,英国,5.3,奇机少年
2173,法国,5.3,超速驾驶
2174,美国,5.3,竞技场
2175,美国,5.3,恐惧有限公司
2176,丹麦,5.3,迷魂陷阱
2177,德国,5.3,铁门
2178,荷兰,5.3,七号少年
2179,美国,5.2,屠魔战士
2180,中国大陆,5.2,密室之不可靠岸
2181,加拿大,5.2,天启四骑士
2182,韩国,5.2,深海之战
2183,美国,5.2,逆转王牌
2184,阿联酋,5.2,圆圈
2185,美国,5.2,24小时：末路重生
2186,美国,5.2,西部英雄约拿·哈克斯
2187,美国,5.2,死亡占卜
2188,美国,5.2,再造战士4：清算之日
2189,美国,5.2,再造战士3：重生
2190,美国,5.2,线人
2191,美国,5.2,海军陆战队员4
2192,澳大利亚,5.2,原始恐惧
2193,美国,5.2,金钱第一
2194,美国,5.2,复仇之溪
2195,香港,5.2,人头豆腐汤
2196,美国,5.2,射杀
2197,澳大利亚,5.2,陌生之地
2198,中国大陆,5.1,古宅心慌慌
2199,美国,5.1,基督再临
2200,台湾,5.1,绝命派对
2201,美国,5.1,黑金杀机
2202,英国,5.1,雪人
2203,美国,5.1,制胜一击
2204,中国大陆,5.1,夺命心跳
2205,日本,5.1,黑执事
2206,巴西,5.1,荡寇
2207,中国大陆,5.1,猫脸老太太
2208,美国,5.1,隔壁的男孩
2209,中国大陆,5.1,代号美洲豹
2210,美国,5.1,我一直知道你去年夏天干了什么
2211,中国大陆,5.1,敏感事件
2212,美国,5.1,绝命休息站
2213,美国,5.1,末日深眠
2214,美国,5.1,街头霸王
2215,英国,5.1,火星上的最后时日
2216,墨西哥,5.1,国境边界
2217,美国,5.1,针孔旅社2：前传
2218,美国,5.1,恐怖休息站2：别回头
2219,美国,5.1,艾芙莉
2220,美国,5.1,德州杀场
2221,香港,5.1,碟仙碟仙
2222,美国,5.1,包裹男人
2223,韩国,5.1,苌山虎
2224,韩国,5.1,致命恋爱
2225,日本,5.0,进击的巨人真人版：前篇
2226,中国大陆,5.0,门
2227,香港,5.0,最后的吸血鬼
2228,日本,5.0,机关枪少女
2229,中国大陆,5.0,七夜
2230,美国,5.0,托卡列夫
2231,香港,5.0,梦游
2232,美国,5.0,异种4
2233,加拿大,5.0,高空飞行
2234,美国,5.0,魔盒
2235,日本,5.0,怪物
2236,美国,5.0,白象
2237,美国,5.0,一百英尺
2238,中国大陆,5.0,诡爱
2239,中国大陆,5.0,魔镜
2240,美国,5.0,渎职
2241,美国,5.0,温彻斯特
2242,中国大陆,5.0,绝录求生
2243,英国,5.0,英雄时代
2244,中国大陆,4.9,百万巨鳄
2245,美国,4.9,白昼冷光
2246,美国,4.9,陌生人
2247,美国,4.9,夜之亡灵
2248,美国,4.9,生长
2249,美国,4.9,黑暗崛起
2250,泰国,4.9,灵触
2251,美国,4.8,致命弯道5：血族
2252,智利,4.8,敲敲门
2253,美国,4.8,狂蟒之灾3
2254,英国,4.8,缄默
2255,香港,4.8,午夜43路
2256,美国,4.8,光逝
2257,香港,4.8,魔鬼天使
2258,英国,4.8,黑衣女人2：死亡天使
2259,泰国,4.8,端岛计划
2260,香港,4.8,三不管
2261,法国,4.8,禁闭
2262,香港,4.8,吓死你
2263,美国,4.7,致命弯道6：终极审判
2264,美国,4.7,护士3D
2265,中国大陆,4.7,怪谈
2266,中国大陆,4.7,囧探佳人
2267,日本,4.7,7500航班
2268,美国,4.7,灯红酒绿杀人夜
2269,美国,4.7,黑暗来临
2270,美国,4.7,最后一次驱魔2
2271,中国大陆,4.7,封门诡影
2272,美国,4.7,布莱尔女巫
2273,香港,4.7,原始武器
2274,美国,4.7,短柄斧2
2275,韩国,4.7,90分钟
2276,美国,4.7,幻影
2277,美国,4.7,死亡阴影
2278,韩国,4.7,惩戒者
2279,日本,4.7,流浪者年代记
2280,香港,4.7,四非
2281,日本,4.7,58天
2282,美国,4.7,19车
2283,美国,4.6,第五波
2284,中国大陆,4.6,魔宫魅影
2285,美国,4.6,恋物
2286,香港,4.6,童眼
2287,中国大陆,4.6,诡拼车
2288,美国,4.6,取款机杀人夜
2289,香港,4.6,有只僵尸暗恋你
2290,中国大陆,4.6,咒·丝
2291,美国,4.6,终极囚禁
2292,美国,4.6,鬼娃回魂7
2293,美国,4.6,华氏247
2294,香港,4.6,男人胸女人Home
2295,加拿大,4.5,街头霸王: 春丽传奇
2296,美国,4.5,第44条军规
2297,美国,4.5,幻世追踪
2298,香港,4.5,森冤
2299,韩国,4.5,医生
2300,美国,4.5,夺命来电
2301,中国大陆,4.5,魔轮
2302,韩国,4.5,提线木偶
2303,美国,4.5,恐怖神棍节
2304,香港,4.4,全城戒备
2305,美国,4.4,食人鱼3DD
2306,罗马尼亚,4.4,狂蟒之灾4
2307,中国大陆,4.4,魅妆
2308,日本,4.4,奴隶区：我和我的23个奴隶
2309,英国,4.4,怪兽：黑暗大陆
2310,美国,4.4,病毒入侵
2311,美国,4.4,最后的女孩
2312,美国,4.4,费城实验：再生
2313,美国,4.4,王子
2314,美国,4.4,安息
2315,香港,4.3,追凶
2316,香港,4.3,心战
2317,美国,4.3,纽约行动
2318,英国,4.3,双重身份
2319,香港,4.3,花街柳巷
2320,美国,4.3,蜜月
2321,中国大陆,4.2,九层妖塔
2322,中国大陆,4.2,猎仇者
2323,美国,4.2,末日迷踪
2324,中国大陆,4.2,笔仙3
2325,香港,4.2,灭门
2326,中国大陆,4.2,通灵之六世古宅
2327,美国,4.2,峡谷
2328,美国,4.2,惊心食人族3
2329,美国,4.2,鬼店另有主
2330,美国,4.2,水底惊魂
2331,香港,4.1,第十九层空间
2332,美国,4.1,死亡笔记
2333,泰国,4.1,尸油 3D
2334,中国大陆,4.1,探灵档案
2335,韩国,4.1,奶酪陷阱
2336,韩国,4.0,龙之战
2337,美国,4.0,骇客交锋
2338,香港,4.0,凶手还未睡
2339,印度,4.0,欲蛇
2340,中国大陆,4.0,异空危情
2341,香港,4.0,心惊胆战
2342,中国大陆,4.0,古镇凶灵之巫咒缠身
2343,中国大陆,4.0,迷魂之密室逃脱
2344,中国大陆,3.9,荒村公寓
2345,中国大陆,3.9,笔仙Ⅱ
2346,中国大陆,3.9,荒村客栈
2347,中国大陆,3.9,女生宿舍
2348,中国大陆,3.9,少女灵异日记
2349,中国大陆,3.9,枕边有张脸
2350,中国大陆,3.9,笔仙大战贞子
2351,法国,3.9,普罗旺斯惊魂记
2352,中国大陆,3.8,京城81号2
2353,俄罗斯,3.8,暗杀游戏
2354,中国大陆,3.8,怨灵
2355,中国大陆,3.8,张震讲故事之合租屋
2356,美国,3.8,终极救援
2357,泰国,3.8,灰姑娘
2358,美国,3.7,七龙珠
2359,中国大陆,3.7,凶间雪山
2360,美国,3.7,入侵脑细胞2
2361,中国大陆,3.7,惊魂游戏
2362,中国大陆,3.6,诡镇
2363,中国大陆,3.6,诡婴吉咪
2364,中国大陆,3.6,花咒
2365,美国,3.6,巨型蜘蛛
2366,中国大陆,3.5,半夜不要照镜子
2367,中国大陆,3.5,电梯惊魂
2368,中国大陆,3.4,绝命航班
2369,中国大陆,3.4,笔仙惊魂
2370,中国大陆,3.4,铁血娇娃
2371,中国大陆,3.4,午夜微博
2372,中国大陆,3.4,午夜凶梦
2373,中国大陆,3.4,夜半梳头
2374,中国大陆,3.4,密道追踪之阴兵虎符
2375,中国大陆,3.4,异种
2376,中国大陆,3.3,紫宅
2377,中国大陆,3.3,夜店诡谈
2378,中国大陆,3.3,嘿店
2379,中国大陆,3.3,三更车库
2380,中国大陆,3.3,七月半之恐怖宿舍
2381,中国大陆,3.3,地下室惊魂
2382,中国大陆,3.2,孤岛惊魂
2383,中国大陆,3.2,非狐外传
2384,中国大陆,3.2,张震讲故事之鬼迷心窍
2385,中国大陆,3.2,诡替身
2386,中国大陆,3.2,笔仙惊魂3
2387,中国大陆,3.2,化妆师
2388,中国大陆,3.2,城市游戏
2389,中国大陆,3.2,午夜火车
2390,中国大陆,3.1,十二星座离奇事件
2391,中国大陆,3.1,校花诡异事件
2392,中国大陆,3.1,食人虫
2393,中国大陆,3.1,诡影迷情
2394,英国,3.0,史前怪兽
2395,中国大陆,3.0,碟仙诡谭
2396,中国大陆,2.8,床下有人
2397,中国大陆,2.8,怖偶
2398,中国大陆,2.8,人间蒸发
2399,中国大陆,2.8,模特魅影
2400,中国大陆,2.8,封门村
2401,中国大陆,2.8,怨灵人偶
2402,中国大陆,2.8,惊魂电影院
2403,中国大陆,2.8,笔仙魔咒
2404,中国大陆,2.7,异度公寓
2405,中国大陆,2.7,孤岛惊魂2
2406,中国大陆,2.7,闪魂
2407,中国大陆,2.7,楼
2408,中国大陆,2.7,床下有人2
2409,中国大陆,2.7,地域无门
2410,中国大陆,2.6,恐怖游泳馆
2411,中国大陆,2.6,恐怖电影院
2412,中国大陆,2.6,半夜叫你别回头
2413,中国大陆,2.5,秘术
2414,中国大陆,2.5,致命请柬
2415,中国大陆,2.5,筷仙
2416,中国大陆,2.5,蝙蝠别墅
2417,中国大陆,2.4,笔仙撞碟仙
2418,中国大陆,2.3,B区32号
2419,中国大陆,2.3,夜闯寡妇村
