1,USA,9.4,拽妹黛薇儿要上大学了没
2,日本,9.3,千与千寻
3,美国,9.3,机器人总动员
4,中国大陆,9.3,大闹天宫
5,俄罗斯,9.3,苏联动画大师作品精选集
6,美国,9.2,疯狂动物城
7,美国,9.2,欢乐树的朋友们：赶尽杀绝
8,美国,9.2,欢乐树的朋友们：第二发球
9,美国,9.2,欢乐树的朋友们：第三击
10,美国,9.1,寻梦环游记
11,日本,9.1,龙猫
12,美国,9.1,欢乐树的朋友们
13,日本,9.1,攻壳机动队SAC：笑面男
14,日本,9.1,蜂蜜与四叶草 LF特别篇
15,美国,9.1,欢乐树的朋友们：滑雪巡逻救生队
16,日本,9.0,天空之城
17,中国大陆,9.0,天书奇谭
18,日本,9.0,攻壳机动队2：无罪
19,美国,9.0,欢乐树的朋友们：第一滴血
20,日本,9.0,熊猫的故事
21,日本,9.0,三国志：英雄的黎明
22,美国,9.0,辛普森一家：家庭治疗
23,日本,9.0,三国志：长江的燃烧
24,美国,8.9,飞屋环游记
25,日本,8.9,哈尔的移动城堡
26,美国,8.9,狮子王
27,澳大利亚,8.9,玛丽和马克思
28,日本,8.9,红辣椒
29,中国大陆,8.9,哪吒闹海
30,日本,8.9,攻壳机动队
31,日本,8.9,心理游戏
32,日本,8.9,佛兰德斯的狗
33,中国大陆,8.9,金猴降妖
34,日本,8.9,可玛猫
35,中国大陆,8.9,秦时明月之一舞倾城
36,英国,8.9,阿德曼动画精选：超级无敌掌门狗
37,中国大陆,8.9,西岳奇童
38,日本,8.9,反叛的鲁路修特别篇：暗黑的背叛
39,日本,8.9,三国志：辽阔的大地
40,日本,8.8,幽灵公主
41,美国,8.8,玩具总动员3
42,日本,8.8,风之谷
43,日本,8.8,侧耳倾听
44,日本,8.8,你看起来好像很好吃
45,日本,8.8,未麻的部屋
46,日本,8.8,东京教父
47,美国,8.8,黑客帝国动画版
48,法国,8.8,艾特熊和赛娜鼠
49,日本,8.8,回忆三部曲
50,日本,8.8,攻壳机动队SSS
51,美国,8.8,幻想曲
52,美国,8.8,幻想曲2000
53,英国,8.8,黄色潜水艇
54,台湾,8.8,魔法阿妈
55,日本,8.8,天鹅湖
56,英国,8.8,阿曼动画之超级无敌掌门狗系列1
57,英国,8.8,小羊肖恩：美好时光
58,日本,8.8,贤治之春
59,日本,8.8,苍穹之法芙娜：逝者的权利
60,美国,8.8,你是个好人，查理·布朗
61,美国,8.7,疯狂原始人
62,美国,8.7,驯龙高手
63,美国,8.7,头脑特工队
64,日本,8.7,借东西的小人阿莉埃蒂
65,日本,8.7,萤火虫之墓
66,日本,8.7,萤火之森
67,爱尔兰,8.7,海洋之歌
68,法国,8.7,我在伊朗长大
69,法国,8.7,疯狂约会美丽都
70,法国,8.7,魔术师
71,日本,8.7,河童之夏
72,日本,8.7,我的邻居山田君
73,英国,8.7,迷墙
74,美国,8.7,蝙蝠侠：黑暗骑士归来(下)
75,英国,8.7,伦敦一家人
76,巴西,8.7,男孩与世界
77,日本,8.7,冬之蝉
78,日本,8.7,天才嘉年华
79,日本,8.7,她的回忆
80,美国,8.7,指环王
81,日本,8.7,龙子太郎
82,USA,8.7,两头笨狗
83,法国,8.7,丁丁历险记之太阳神的囚徒
84,日本,8.7,神奇独角马
85,日本,8.7,我的妹妹小桃子
86,美国,8.7,麻辣女孩：时间危机
87,日本,8.7,乱马1/2合集
88,法国,8.7,通烟囱工人与牧羊女
89,美国,8.7,守望先锋：英雄
90,美国,8.6,超能陆战队
91,美国,8.6,怪兽电力公司
92,日本,8.6,穿越时空的少女
93,美国,8.6,无敌破坏王
94,日本,8.6,千年女优
95,日本,8.6,恶童
87,日本,8.7,乱马1/2合集
88,法国,8.7,通烟囱工人与牧羊女
89,美国,8.7,守望先锋：英雄
90,美国,8.6,超能陆战队
91,美国,8.6,怪兽电力公司
92,日本,8.6,穿越时空的少女
93,美国,8.6,无敌破坏王
94,日本,8.6,千年女优
95,日本,8.6,恶童
96,法国,8.6,王子与公主
97,日本,8.6,人狼
98,法国,8.6,国王与小鸟
99,法国,8.6,原始星球
100,中国大陆,8.6,小蛋壳
101,西班牙,8.6,皱纹
102,日本,8.6,落叶
103,美国,8.6,飞出个未来大电影1：班德大行动
104,日本,8.6,悲伤的贝拉多娜
105,中国大陆,8.6,铁扇公主
106,美国,8.6,猫和老鼠：魔法戒指
107,日本,8.6,人生Best Ten
108,日本,8.6,怪医黑杰克
109,德国,8.6,阿赫迈德王子历险记
110,Czechoslovakia,8.6,吹笛子的男人
111,Japan,8.6,足球风云
112,美国,8.5,神偷奶爸
113,日本,8.5,魔女宅急便
114,香港,8.5,麦兜故事
115,英国,8.5,至爱梵高·星空之谜
116,日本,8.5,岁月的童话
117,日本,8.5,狼的孩子雨和雪
118,美国,8.5,南方公园
119,美国,8.5,海绵宝宝历险记
120,美国,8.5,小马王
121,美国,8.5,钢铁巨人
122,英国,8.5,反叛的童谣
123,日本,8.5,兽兵卫忍风帖
124,日本,8.5,银河铁道之夜
125,台湾,8.5,追风
126,日本,8.5,天才嘉年华2
127,捷克,8.5,极乐同盟
128,中国大陆,8.5,狐狸列那
129,美国,8.5,麻辣女孩：超级任务
130,美国,8.5,黄鼠狼威索
131,日本,8.4,你的名字。
132,美国,8.4,冰川时代
133,美国,8.4,了不起的狐狸爸爸
134,日本,8.4,红猪
135,中国大陆,8.4,麦兜·当当伴我心
136,美国,8.4,犬之岛
137,美国,8.4,辛普森一家
138,英国,8.4,小羊肖恩
139,日本,8.4,百变狸猫
140,爱尔兰,8.4,凯尔经的秘密
141,日本,8.4,阿基拉
142,瑞士,8.4,西葫芦的生活
143,美国,8.4,爱丽丝梦游仙境
144,法国,8.4,画之国
145,澳大利亚,8.4,牙刷家族
146,捷克斯洛伐克,8.4,爱丽丝
147,日本,8.4,红线
148,丹麦,8.4,想做熊的孩子
149,中国大陆,8.4,连升三级
150,英国,8.4,当风吹起的时候
151,中国大陆,8.4,夏虫国
152,美国,8.4,猫和老鼠：火星之旅
153,美国,8.4,小熊维尼:寻找克里斯多夫罗宾
154,西班牙,8.4,一只名叫痛苦的狗
155,美国,8.4,如此美好的一天
156,日本,8.4,星际5555：异星梦系统秘传
157,英国,8.4,不可容忍：入侵
158,美国,8.3,冰雪奇缘
159,日本,8.3,秒速5厘米
160,美国,8.3,里约大冒险
161,日本,8.3,悬崖上的金鱼姬
162,美国,8.3,美女与野兽
163,香港,8.3,麦兜我和我妈妈
164,美国,8.3,小美人鱼
165,法国,8.3,明月守护者
166,美国,8.3,正义联盟：闪点悖论
167,日本,8.3,三眼神童
168,爱尔兰,8.3,养家之人
169,日本,8.3,爷爷的煤油灯
170,美国,8.3,最后的独角兽
171,美国,8.3,飞出个未来大电影2：万背之兽
172,捷克斯洛伐克,8.3,深坑、钟摆和希望
173,美国,8.3,跳跳虎历险记
174,美国,8.3,菲力克斯猫的扭曲故事
175,日本,8.3,青空夏季篇 前篇：山路
176,中国大陆,8.3,一只鞋
177,捷克,8.3,幸存的生命（理论与实践）
178,美国,8.3,小猪大行动
179,中国大陆,8.2,西游记之大圣归来
180,美国,8.2,僵尸新娘
181,美国,8.2,海底总动员
182,美国,8.2,美食总动员
183,美国,8.2,冰川时代3
184,美国,8.2,玩具总动员
176,中国大陆,8.3,一只鞋
177,捷克,8.3,幸存的生命（理论与实践）
178,美国,8.3,小猪大行动
179,中国大陆,8.2,西游记之大圣归来
180,美国,8.2,僵尸新娘
181,美国,8.2,海底总动员
182,美国,8.2,美食总动员
183,美国,8.2,冰川时代3
184,美国,8.2,玩具总动员
185,美国,8.2,欢乐好声音
186,日本,8.2,言叶之庭
187,美国,8.2,马达加斯加3
188,英国,8.2,帕丁顿熊2
189,美国,8.2,圣诞夜惊魂
190,日本,8.2,最终幻想7：圣子降临
191,法国,8.2,大坏狐狸的故事
192,英国,8.2,超级无敌掌门狗：人兔的诅咒
193,日本,8.2,翡翠森林：狼与羊
194,美国,8.2,小飞侠
195,日本,8.2,大都会
196,美国,8.2,小鹿斑比
197,美国,8.2,小姐与流浪汉
198,日本,8.2,电锯女仆
199,美国,8.2,小熊维尼历险记
200,美国,8.2,蝙蝠侠：红影迷踪
201,美国,8.2,半梦半醒的人生
202,法国,8.2,夜幕下的故事
203,日本,8.2,老人Z
204,日本,8.2,机动警察剧场版1
205,美国,8.2,幸福是一条温暖的毛毯
206,西班牙,8.2,夜曲
207,英国,8.2,动物农场
208,卢森堡,8.2,奇特的故事
209,日本,8.2,机器人嘉年华
210,美国,8.2,狐狸与猎狗
211,美国,8.2,夏洛的网
212,美国,8.2,猫儿历险记
213,英国,8.2,沃特希普高地
214,日本,8.2,足球小将 欧洲大决战
215,香港,8.2,七彩卡通老夫子：水虎传
216,日本,8.2,最臭兵器
217,韩国,8.2,啪嗒啪嗒
218,台湾,8.2,老夫子
219,中国大陆,8.2,小狐狸
220,美国,8.1,魔发奇缘
221,美国,8.1,鬼妈妈
222,日本,8.1,听到涛声
223,美国,8.1,白雪公主和七个小矮人
224,日本,8.1,给桃子的信
225,美国,8.1,仙履奇缘
226,美国,8.1,木偶奇遇记
227,中国大陆,8.1,魁拔Ⅲ战神崛起
228,法国,8.1,昆虫总动员
229,香港,8.1,小倩
230,美国,8.1,小飞象
231,日本,8.1,鲁邦三世：卡里奥斯特罗城
232,中国大陆,8.1,人参果
233,中国大陆,8.1,邋遢大王奇遇记
234,美国,8.1,我嫁了个怪蜀黍！
235,美国,8.1,蝙蝠侠：元年
236,法国,8.1,青蛙的预言
237,日本,8.1,迷宫物语
238,美国,8.1,马达加斯加企鹅：行动
239,法国,8.1,阿祖尔和阿斯马尔
240,美国,8.1,变形金刚大电影
241,日本,8.1,死亡笔记特别篇2：L的继承者
242,美国,8.1,星际宝贝史迪奇
243,日本,8.1,好色一代男
244,美国,8.1,是的，弗吉尼亚
245,美国,8.1,蓝调之歌
246,捷克,8.1,捷克惊魂夜
247,美国,8.1,变种外星人
248,美国,8.1,飞出个未来大电影4：绿色狂想
249,美国,8.1,马达加斯加的企鹅：僵尸企鹅就是我
250,美国,8.1,小鹿斑比2
251,捷克,8.1,浮士德
252,美国,8.1,蝙蝠侠超人大电影-最佳搭档
253,芬兰 Finland,8.1,姆明：漫游蓝湾
254,美国,8.1,小熊维尼之长鼻怪大冒险
255,美国,8.1,飞哥与小佛的时空大冒险
256,中国大陆,8.1,三毛流浪记
257,保加利亚,8.1,劳拉的星星
258,香港,8.1,山T老夫子
259,美国,8.1,牧羊犬郁金香
260,美国,8.0,功夫熊猫2
261,美国,8.0,神偷奶爸2
262,美国,8.0,怪兽大学
263,法国,8.0,小王子
264,美国,8.0,冰川时代4
265,美国,8.0,冰川时代2：融冰之灾
266,美国,8.0,玩具总动员2
267,美国,8.0,守护者联盟
268,香港,8.0,麦兜，菠萝油王子
269,美国,8.0,阿拉丁
270,美国,8.0,乐高蝙蝠侠大电影
271,美国,8.0,埃及王子
272,美国,8.0,101忠狗
273,美国,8.0,飞天小女警 剧场版
274,法国,8.0,暗夜恐惧
266,美国,8.0,玩具总动员2
267,美国,8.0,守护者联盟
268,香港,8.0,麦兜，菠萝油王子
269,美国,8.0,阿拉丁
270,美国,8.0,乐高蝙蝠侠大电影
271,美国,8.0,埃及王子
272,美国,8.0,101忠狗
273,美国,8.0,飞天小女警 剧场版
274,法国,8.0,暗夜恐惧
275,美国,8.0,蝙蝠侠：黑暗骑士归来(上)
276,比利时,8.0,惊恐小镇
277,日本,8.0,小飞龙
278,法国,8.0,叽哩咕历险记
279,中国大陆,8.0,等明天
280,日本,8.0,天使之卵
281,美国,8.0,飞出个未来大电影3：班德的游戏
282,意大利,8.0,寻找隐世快乐
283,日本,8.0,鹤屋和熏干酪
284,法国,8.0,孤独的国王
285,中国大陆,8.0,秦时明月特别篇之帝子降兮
286,中国大陆,8.0,火焰山
287,美国,8.0,二维世界
288,美国,8.0,罗宾汉
289,美国,8.0,星际宝贝：终极任务
290,美国,8.0,美国鼠谭
291,韩国,8.0,阿阿奇与西西帕克
292,法国,8.0,巧舌如父
293,中国大陆,8.0,八仙与跳蚤
294,澳大利亚,8.0,凡高的生与死
295,法国,8.0,月球人
296,日本,8.0,动画未来2011
297,美国,8.0,三骑士
298,美国,7.9,功夫熊猫
299,日本,7.9,哆啦A梦：伴我同行
300,美国,7.9,驯龙高手2
301,美国,7.9,超人总动员
302,美国,7.9,怪物史瑞克
303,日本,7.9,猫的报恩
304,美国,7.9,乐高大电影
305,日本,7.9,花与爱丽丝杀人事件
306,美国,7.9,星际宝贝
307,美国,7.9,睡美人
308,法国,7.9,机械心
309,美国,7.9,蝙蝠侠：突袭阿卡姆
310,美国,7.9,变身国王
311,中国大陆,7.9,女娲补天
312,美国,7.9,小叮当与失去的宝藏
313,日本,7.9,最游记：给落选者的镇魂歌
314,美国,7.9,小叮当：永无兽传奇
315,法国,7.9,克里蒂，童话的小屋
316,韩国,7.9,五岁庵
317,加拿大,7.9,爱心熊宝宝：新一代
318,美国,7.9,小叮当：拯救精灵大作战
319,加拿大,7.9,美女与野兽之贝儿的心愿
320,法国,7.9,漫漫北寻路
321,美国,7.9,芭比之天鹅湖
322,中国大陆,7.9,没牙的老虎
323,日本,7.9,川之光
324,美国,7.9,血茶与红绳
325,韩国,7.9,猪猡之王
326,美国,7.9,金花鼠
327,日本,7.9,一千零一夜
328,中国大陆,7.9,狐狸分饼
329,西班牙,7.9,自深渊中
330,中国大陆,7.9,老猪选猫
331,中国大陆,7.9,木头姑娘
332,法国,7.9,甘达星人
333,新加坡,7.9,辰巳
334,中国大陆,7.8,大护法
335,美国,7.8,精灵旅社
336,日本,7.8,起风了
337,美国,7.8,超级大坏蛋
338,美国,7.8,兰戈
339,美国,7.8,虫虫危机
340,日本,7.8,云的彼端，约定的地方
341,中国大陆,7.8,魁拔之十万火急
342,美国,7.8,霍顿与无名氏
343,澳大利亚,7.8,狮子王3
344,法国,7.8,猫在巴黎
345,中国大陆,7.8,半夜鸡叫
346,中国,7.8,葫芦兄弟
347,法国,7.8,阿薇尔与虚构世界
348,美国,7.8,乐高蝙蝠侠大电影：DC英雄集结
349,美国,7.8,小叮当
350,美国,7.8,大力士
351,美国,7.8,小叮当：羽翼之谜
352,美国,7.8,终极细胞战
353,澳大利亚,7.8,9.99澳元
354,美国,7.8,芭比之十二个跳舞的公主
355,美国,7.8,芭比之真假公主
356,美国,7.8,乐高DC超级英雄：正义联盟之末日军团的进攻
357,中国大陆,7.8,猴子钓鱼
358,中国大陆,7.8,老虎学艺
359,法国,7.8,犹太长老的灵猫
360,美国,7.8,先知
361,中国大陆,7.8,海力布
362,美国,7.8,傻瓜与天使
363,中国大陆,7.8,夹子救鹿
355,美国,7.8,芭比之真假公主
356,美国,7.8,乐高DC超级英雄：正义联盟之末日军团的进攻
357,中国大陆,7.8,猴子钓鱼
358,中国大陆,7.8,老虎学艺
359,法国,7.8,犹太长老的灵猫
360,美国,7.8,先知
361,中国大陆,7.8,海力布
362,美国,7.8,傻瓜与天使
363,中国大陆,7.8,夹子救鹿
364,美国,7.8,猫和老鼠-海盗寻宝
365,美国,7.8,Lloyd's Lunchbox
366,美国,7.7,马达加斯加
367,美国,7.7,赛车总动员
368,中国大陆,7.7,宝莲灯
369,美国,7.7,狮子王2：辛巴的荣耀
370,美国,7.7,盒子怪
371,美国,7.7,风中奇缘
372,日本,7.7,蒸汽男孩
373,美国,7.7,生命之书
374,美国,7.7,美国战队：世界警察
375,中国大陆,7.7,刺痛我
376,美国,7.7,星银岛
377,美国,7.7,星球大战：克隆战争
378,日本,7.7,地下幻灯剧画 少女椿
379,中国大陆,7.7,星游记之风暴法米拉
380,美国,7.7,正义联盟：战争
381,美国,7.7,熊的传说
382,以色列,7.7,未来学大会
383,美国,7.7,正义联盟：神魔之战
384,美国,7.7,星际宝贝2：史迪奇有问题
385,美国,7.7,好奇的乔治
386,美国,7.7,森林王子
387,美国,7.7,芭比之长发公主
388,美国,7.7,石中剑
389,美国,7.7,芭比与魔幻飞马之旅
390,法国,7.7,米芽米咕人
391,美国,7.7,芭比梦幻仙境之彩虹仙子
392,美国,7.7,芭比梦幻仙境之人鱼公主
393,美国,7.7,阿拉丁和大盗之王
394,英国,7.7,电锯女仆 2
395,中国大陆,7.7,摔香炉
396,美国,7.7,芭比梦幻仙境之魔法彩虹
397,西班牙,7.7,被遗忘的孩子
398,中国大陆,7.7,奇怪的病号
399,美国,7.7,芭比之圣诞颂歌
400,日本,7.7,游乐场之吻
401,美国,7.7,不忠
402,德国,7.7,小鱼历险记
403,美国,7.7,米奇节日嘉年华
404,日本,7.7,绵之国星
405,美国,7.7,阿拉丁神灯
406,美国,7.7,天鹅公主
407,美国,7.6,功夫熊猫3
408,英国,7.6,帕丁顿熊
409,美国,7.6,花木兰
410,美国,7.6,丁丁历险记
411,美国,7.6,穿靴子的猫
412,美国,7.6,里约大冒险2
413,美国,7.6,马达加斯加2：逃往非洲
414,美国,7.6,泰山
415,美国,7.6,赛车总动员2
416,美国,7.6,极地特快
417,日本,7.6,怪物之子
418,日本,7.6,生化危机：诅咒
419,日本,7.6,记忆中的玛妮
420,法国,7.6,怪兽在巴黎
421,美国,7.6,谁陷害了兔子罗杰
422,美国,7.6,拜见罗宾逊一家
423,法国,7.6,红海龟
424,美国,7.6,小熊维尼
425,美国,7.6,钟楼怪人
426,日本,7.6,大提琴手
427,英国,7.6,飞天巨桃历险记
428,英国,7.6,身体里有只猫的狗狗
429,美国,7.6,芭比之胡桃夹子
430,德国,7.6,公主追杀令
431,美国,7.6,猫和老鼠：胡桃夹子的传奇
432,美国,7.6,芭比之森林公主
433,美国,7.6,瘪四与大头蛋
434,美国,7.6,芭比之蝴蝶仙子
435,瑞典,7.6,羽国之旅
436,美国,7.6,乐高星球大战：学徒危机
437,摩尔多瓦,7.6,死神之帆
438,法国,7.6,叽哩咕与野兽
439,美国,7.6,蝙蝠侠大战幻影人
440,日本,7.6,死者之书
441,中国大陆,7.6,女孩，你的一分钟有多长
442,美国,7.5,爱宠大机密
443,美国,7.5,海洋奇缘
444,英国,7.5,小鸡快跑
445,美国,7.5,怪物史瑞克2
446,美国,7.5,精灵旅社2
447,美国,7.5,怪物史瑞克4
448,美国,7.5,逗鸟外传：萌宝满天飞
449,美国,7.5,机器人历险记
450,美国,7.5,小红帽
451,日本,7.5,苹果核战记
452,英国,7.5,亚瑟·圣诞
453,日本,7.5,苹果核战记2
445,美国,7.5,怪物史瑞克2
446,美国,7.5,精灵旅社2
447,美国,7.5,怪物史瑞克4
448,美国,7.5,逗鸟外传：萌宝满天飞
449,美国,7.5,机器人历险记
450,美国,7.5,小红帽
451,日本,7.5,苹果核战记
452,英国,7.5,亚瑟·圣诞
453,日本,7.5,苹果核战记2
454,美国,7.5,正义联盟：毁灭
455,中国大陆,7.5,精灵王座
456,中国大陆,7.5,草原英雄小姐妹
457,美国,7.5,权力的游戏：征服与反抗
458,西班牙,7.5,奇可和丽塔
459,比利时,7.5,侯爵
460,美国,7.5,武士阿非:复活
461,美国,7.5,芭比公主之钻石城堡
462,法国,7.5,无手的少女
463,美国,7.5,乐高DC超级英雄：闪电侠
464,美国,7.5,101忠狗续集：伦敦大冒险
465,日本,7.5,夫妻成长日记
466,加拿大,7.5,宇宙奇趣录
467,日本,7.5,立食师列传
468,日本,7.5,克娄巴特拉计划
469,中国大陆,7.5,西岳奇童
470,巴西,7.5,黑眼圈
471,美国,7.4,勇敢传说
472,美国,7.4,天降美食
473,中国大陆,7.4,麦兜响当当
474,美国,7.4,马达加斯加的企鹅
475,美国,7.4,机器人9号
476,美国,7.4,海底总动员2：多莉去哪儿
477,美国,7.4,魔弦传说
478,中国大陆,7.4,十万个冷笑话2
479,美国,7.4,天才眼镜狗
480,美国,7.4,科学怪狗
481,美国,7.4,篱笆墙外
482,中国大陆,7.4,龙之谷：破晓奇兵
483,美国,7.4,失常
484,美国,7.4,亚特兰蒂斯：失落的帝国
485,美国,7.4,蝙蝠侠：哥谭骑士
486,德国,7.4,诺亚方舟漂流记
487,美国,7.4,小美人鱼3：爱丽儿的起源
488,日本,7.4,妖兽都市
489,美国,7.4,勇闯黄金城
490,法国,7.4,乌鸦之日
491,法国,7.4,阿斯特里克斯历险记：诸神之宫殿
492,美国,7.4,乐高DC超级英雄：正义联盟之宇宙冲击
493,美国,7.4,芭比之时尚童话
494,台湾,7.4,小百无禁忌
495,中国大陆,7.4,红军桥
496,美国,7.4,伊老师与小蟾蜍大历险
497,美国,7.3,小黄人大眼萌
498,美国,7.3,闪电狗
499,澳大利亚,7.3,快乐的大脚
500,美国,7.3,疯狂外星人
501,美国,7.3,公主与青蛙
502,美国,7.3,宝贝老板
503,美国,7.3,猫头鹰王国：守卫者传奇
504,日本,7.3,最终幻想15：王者之剑
505,美国,7.3,公牛历险记
506,美国,7.3,海绵宝宝
507,美国,7.3,森林战士
508,美国,7.3,圣诞颂歌
509,美国,7.3,恐龙
510,美国,7.3,史努比：花生大电影
511,中国大陆,7.3,熊出没之雪岭熊风
512,美国,7.3,仲夏夜魔法
513,美国,7.3,正义联盟：两个地球的危机
514,美国,7.3,辛巴达七海传奇
515,美国,7.3,黑暗正义联盟
516,美国,7.3,小叮当与海盗仙子
517,美国,7.3,自杀小队：严厉惩罚
518,中国大陆,7.3,开心超人
519,美国,7.3,猫和老鼠: 飆风天王
520,美国,7.3,贾方复仇记
521,美国,7.3,熊的传说2
522,韩国,7.3,倒霉熊的杯子之旅
523,美国,7.3,芭比之奇幻日记
524,美国,7.3,三个火枪手
525,美国,7.3,芭比之美人鱼历险记
526,加拿大,7.3,芭比之拇指姑娘
527,美国,7.3,芭比与三剑客
528,美国,7.3,鬼界超级混蛋
529,美国,7.3,小姐与流浪汉2：狗儿逃家记
530,美国,7.2,蓝精灵
531,美国,7.2,怪物史瑞克3
532,美国,7.2,通灵男孩诺曼
533,日本,7.2,追逐繁星的孩子
534,美国,7.2,比得兔
535,美国,7.2,极速蜗牛
536,澳大利亚,7.2,快乐的大脚2
537,美国,7.2,冲浪企鹅
538,美国,7.2,黑暗扫描仪
539,韩国,7.2,千年狐
540,中国大陆,7.2,阿唐奇遇
541,巴西,7.2,变焦
542,美国,7.2,乐高DC超级英雄：正义联盟大战异魔联盟
543,美国,7.2,安娜斯塔西娅
535,美国,7.2,极速蜗牛
536,澳大利亚,7.2,快乐的大脚2
537,美国,7.2,冲浪企鹅
538,美国,7.2,黑暗扫描仪
539,韩国,7.2,千年狐
540,中国大陆,7.2,阿唐奇遇
541,巴西,7.2,变焦
542,美国,7.2,乐高DC超级英雄：正义联盟大战异魔联盟
543,美国,7.2,安娜斯塔西娅
544,美国,7.2,未来蝙蝠侠：小丑归来
545,韩国,7.2,美丽密语
546,法国,7.2,复活
547,美国,7.2,光晕：传奇
548,中国大陆,7.2,熊出没之过年
549,中国大陆,7.2,夏花
550,日本,7.2,黑血兄弟
551,韩国,7.2,青葱岁月
552,美国,7.2,芭比之魅力公主学院
553,美国,7.1,香肠派对
554,美国,7.1,魔法奇缘
555,美国,7.1,鲨鱼黑帮
556,美国,7.1,恐龙当家
557,美国,7.1,怪兽屋
558,美国,7.1,天降美食2
559,美国,7.1,丛林大反攻
560,美国,7.1,赛车总动员3：极速挑战
561,日本,7.1,生化危机：恶化
562,台湾,7.1,蝴蝶梦：梁山伯与祝英台
563,美国,7.1,魔发精灵
564,日本,7.1,2077日本锁国
565,英国,7.1,鼠国流浪记
566,中国大陆,7.1,妈妈咪鸭
567,瑞典,7.1,地下理想国
568,美国,7.1,超人与蝙蝠侠：公众之敌
569,法国,7.1,龙战
570,法国,7.1,丑小鸭和小老鼠
571,美国,7.1,仙履奇缘3： 时间魔法
572,美国,7.1,超人大战极英盟
573,美国,7.1,全明星超人
574,美国,7.1,泰山2
575,韩国,7.1,鸡妈鸭仔
576,美国,7.1,黑色电影
577,新西兰 New Zealand,7.1,法式蜗牛料理
578,日本,7.1,GAMBO
579,日本,7.1,五段奇迹
580,美国,7.1,神秘的女蝙蝠侠
581,美国,7.1,太空堡垒—暗影编年
582,芬兰,7.0,愤怒的小鸟
583,法国,7.0,自杀专卖店
584,中国大陆,7.0,大世界
585,美国,7.0,别惹蚂蚁
586,丹麦,7.0,野蛮人罗纳尔
587,德国,7.0,疯狂农庄
588,日本,7.0,忍者蝙蝠侠
589,美国,7.0,泰若星球
590,美国,7.0,蚁哥正传
591,美国,7.0,小美人鱼2：重返大海
592,日本,7.0,黑猫鲁道夫
593,美国,7.0,梦工厂动画明星惊魂夜特辑
594,中国大陆,7.0,神秘世界历险记
595,法国,7.0,长颈鹿扎拉法
596,法国,7.0,高卢英雄大战维京海盗
597,中国大陆,7.0,中国惊奇先生2015
598,美国,6.9,神偷奶爸3
599,美国,6.9,豚鼠特攻队
600,美国,6.9,空中大灌篮
601,美国,6.9,大战外星人
602,英国,6.9,吉诺密欧与朱丽叶
603,英国,6.9,神奇海盗团
604,西班牙,6.9,挑战者联盟
605,美国,6.9,冰河世纪：巨蛋恶作剧
606,美国,6.9,加菲猫：现实世界历险记
607,美国,6.9,无敌雷诺
608,捷克,6.9,昆虫物语
609,中国大陆,6.9,小胖妞前传（上）
610,美国,6.9,芭比之仙子的秘密
611,美国,6.9,蝙蝠侠大战急冻人
612,香港,6.8,阿童木
613,中国大陆,6.8,小门神
614,中国大陆,6.8,秦时明月之龙腾万里
615,美国,6.8,老雷斯的故事
616,美国,6.8,蜜蜂总动员
617,美国,6.8,鼠来宝：明星俱乐部
618,中国大陆,6.8,喜羊羊与灰太狼之虎虎生威
619,香港,6.8,恋之风景
620,美国,6.8,最终幻想：灵魂深处
621,西班牙,6.8,51号星球
622,中国大陆,6.8,摇滚藏獒
623,中国大陆,6.8,熊出没·变形记
624,中国大陆,6.8,大闹天宫
625,日本,6.8,漂亮爸爸
626,比利时,6.8,萨米大冒险
627,美国,6.8,蝙蝠侠：血脉恩仇
628,美国,6.8,精灵鼠小弟3
629,美国,6.8,神奇女侠
630,美国,6.8,小马宝莉大电影
631,美国,6.8,鬼作秀3
632,美国,6.8,高地人：复仇之旅
624,中国大陆,6.8,大闹天宫
625,日本,6.8,漂亮爸爸
626,比利时,6.8,萨米大冒险
627,美国,6.8,蝙蝠侠：血脉恩仇
628,美国,6.8,精灵鼠小弟3
629,美国,6.8,神奇女侠
630,美国,6.8,小马宝莉大电影
631,美国,6.8,鬼作秀3
632,美国,6.8,高地人：复仇之旅
633,美国,6.8,马可波罗回香都
634,日本,6.8,美由里之森
635,比利时,6.8,太阳公主
636,美国,6.8,森林王子2
637,美国,6.7,冰川时代5：星际碰撞
638,美国,6.7,四眼天鸡
639,英国,6.7,浪漫鼠德佩罗
640,美国,6.7,鼠来宝4：萌在囧途
641,美国,6.7,星河战队：入侵
642,美国,6.7,丛林大反攻2
643,日本,6.7,铁拳：血之复仇
644,美国,6.7,死亡空间：坍塌
645,美国,6.7,飞机总动员2：火线救援
646,美国,6.7,绿灯侠：首次飞行
647,美国,6.7,蝙蝠侠：煤气灯下的哥谭
648,美国,6.7,仙履奇缘2：美梦成真
649,美国,6.7,汤姆与杰瑞遇见福尔摩斯
650,美国,6.7,乐高DC超级英雄：哥谭大越狱
651,韩国,6.7,晴空战士
652,日本,6.7,宫本武藏：双剑驰骋之梦
653,美国,6.7,冰冻星球
654,美国,6.7,蝙蝠侠大战德古拉
655,美国,6.7,母牛总动员
656,法国,6.7,幽灵男孩
657,加拿大,6.7,棒球小英雄
658,中国大陆,6.6,大鱼海棠
659,美国,6.6,贝奥武夫
660,英国,6.6,战鸽总动员
661,美国,6.6,拯救小兔
662,美国,6.6,逃离地球
663,南非,6.6,赞鸟历险记
664,美国,6.6,科学小怪蛋
665,加拿大,6.6,狂野大自然
666,美国,6.6,地狱归来
667,比利时,6.6,魔法总动员
668,美国,6.6,超人与蝙蝠侠：启示录
669,美国,6.6,绿灯侠：翡翠骑士
670,美国,6.6,蝙蝠侠大战罗宾
671,美国,6.6,猫和老鼠：绿野仙踪
672,台湾,6.6,红孩儿大话火焰山
673,芬兰,6.6,极地大冒险
674,泰国,6.6,小战象
675,中国大陆,6.6,青蛙王国
676,比利时,6.6,萨米大冒险2
677,美国,6.6,变身国王2:高刚外传
678,英国,6.6,托马斯和朋友们：多多岛之迷失宝藏
679,挪威,6.6,库尔特是残酷的
680,法国,6.5,了不起的菲丽西
681,德国,6.5,动物总动员
682,日本,6.5,生化危机：复仇
683,美国,6.5,鼠来宝3
684,法国,6.5,亚瑟3：终极对决
685,日本,6.5,但丁的地狱之旅
686,美国,6.5,丛林大反攻3
687,美国,6.5,正义联盟大战少年泰坦
688,美国,6.5,超人之死
689,美国,6.5,少年泰坦：犹大契约
690,加拿大,6.5,抢劫坚果店2
691,中国大陆,6.5,闪闪的红星
692,美国,6.5,猥琐传说：大电影
693,日本,6.5,黑之栖 CHRONUS
694,美国,6.4,蓝精灵2
695,中国大陆,6.4,熊出没之夺宝熊兵
696,中国大陆,6.4,11度青春之《泡芙小姐的金鱼缸》
697,中国大陆,6.4,熊出没·奇幻空间
698,美国,6.4,飞机总动员
699,美国,6.4,蝙蝠侠：致命玩笑
700,西班牙,6.4,秘鲁大冒险
701,美国,6.4,蝙蝠侠之子
702,美国,6.4,火星需要妈妈
703,美国,6.4,死亡空间：余波
704,英国,6.4,与恐龙同行
705,日本,6.4,太阳王子霍尔斯的大冒险
706,美国,6.4,钢铁侠与美国队长：英雄集结
707,美国,6.4,巨星总动员
708,美国,6.4,蝙蝠侠与哈莉·奎恩
709,美国,6.4,正义联盟：新的边际
710,韩国,6.4,波鲁鲁冰雪大冒险
711,美国,6.4,星球绿巨人
712,美国,6.4,猫和老鼠：罗宾汉和他的机灵鼠
713,中国大陆,6.3,十万个冷笑话
714,香港,6.3,忍者神龟
715,中国大陆,6.3,喜羊羊与灰太狼之牛气冲天
716,美国,6.3,丛林有情狼
717,美国,6.3,蓝精灵：寻找神秘村
718,美国,6.3,花木兰2
719,加拿大,6.3,抢劫坚果店
720,法国,6.3,我的爸爸是森林之王
721,德国,6.3,呆呆精灵
722,美国,6.3,风中奇缘2
714,香港,6.3,忍者神龟
715,中国大陆,6.3,喜羊羊与灰太狼之牛气冲天
716,美国,6.3,丛林有情狼
717,美国,6.3,蓝精灵：寻找神秘村
718,美国,6.3,花木兰2
719,加拿大,6.3,抢劫坚果店
720,法国,6.3,我的爸爸是森林之王
721,德国,6.3,呆呆精灵
722,美国,6.3,风中奇缘2
723,韩国,6.3,追逐时间
724,美国,6.3,蝙蝠侠：披风斗士归来
725,美国,6.3,终极复仇者
726,英国,6.3,怀特霍尔街上的长筒靴
727,中国大陆,6.3,熊出没之年货
728,美国,6.3,地狱男爵动画版：风暴之剑
729,英国,6.3,托马斯大电影之了不起的比赛
730,香港,6.2,春田花花同学会
731,法国,6.2,亚瑟和他的迷你王国2
732,中国大陆,6.2,喜羊羊与灰太狼之兔年顶呱呱
733,中国大陆,6.2,麦兜·饭宝奇兵
734,中国大陆,6.2,熊出没之熊心归来
735,美国,6.2,瑜伽熊
736,美国,6.2,乐高幻影忍者大电影
737,中国大陆,6.2,猫与桃花源
738,美国,6.2,超人：解放
739,俄罗斯,6.2,第一小队
740,美国,6.2,太空黑猩猩
741,美国,6.2,少年雷神
742,西班牙,6.2,消失的天猫座
743,美国,6.2,奇异博士
744,中国大陆,6.2,神秘世界历险记2
745,日本,6.1,地海传说
746,中国,6.1,风云决
747,法国,6.1,神童
748,加拿大,6.1,冰雪大作战
749,法国,6.1,虎皮萌企鹅
750,中国大陆,6.1,昆塔：盒子总动员
751,美国,6.1,小猪妈仔
752,中国大陆,6.1,虹猫蓝兔火凤凰
753,英国,6.1,早期人类
754,中国大陆,6.1,绿林大冒险
755,西班牙,6.1,狗狗的疯狂假期
756,美国,6.0,火鸡总动员
757,美国,6.0,猫和老鼠之巨人大冒险
758,比利时,6.0,月球大冒险
759,美国,6.0,绿巨人大战
760,美国,6.0,邪恶新世界
761,中国大陆,6.0,神秘世界历险记3
762,美国,6.0,终极复仇者2：黑豹的崛起
763,芬兰,5.9,极地大冒险2
764,英国,5.9,拯救大明星
765,中国大陆,5.9,长江7号爱地球
766,美国,5.9,正义联盟：亚特兰蒂斯的宝座
767,法国,5.9,诸神混乱之女神陷阱
768,西班牙,5.9,堂吉诃德外传
769,中国大陆,5.9,大耳朵图图之美食狂想曲
770,中国大陆,5.9,昆塔：反转星球
771,美国,5.9,龟兔赛跑：世纪复赛
772,俄罗斯,5.9,绿野仙踪之奥兹国奇幻之旅
773,英国,5.9,战锤40000:极限战士
774,印度,5.9,动物也疯狂
775,美国,5.9,无所事事的海盗
776,香港,5.8,老夫子2001
777,西班牙,5.8,驯龙骑士
778,中国大陆,5.8,兔侠传奇
779,中国大陆,5.8,豆福传
780,美国,5.8,星河战队：火星叛国者
781,日本,5.8,钢铁侠：噬甲危机
782,德国,5.8,丛林之王
783,美国,5.8,加菲猫的狂欢节
784,韩国,5.8,多细胞少女
785,美国,5.8,蝙蝠侠无极限：动物本能
786,美国,5.8,蝙蝠侠无极限：怪兽来袭
787,美国,5.8,史莱克圣诞特辑：驴子的圣诞歌舞秀
788,中国大陆,5.8,刺猬小子之天生我刺
789,中国大陆,5.7,洛克王国2：圣龙的心愿
790,比利时,5.7,鲁滨逊漂流记
791,中国大陆,5.7,年兽大作战
792,南非,5.7,斑马总动员
793,美国,5.7,正义联盟：时间困境
794,美国,5.7,小红帽2
795,中国大陆,5.7,开心超人2：启源星之战
796,美国,5.7,机密复仇者：黑寡妇与惩罚者
797,美国,5.7,猫和老鼠：间谍使命
798,中国大陆,5.7,海鲜陆战队
799,美国,5.7,猫和老鼠：迷失之龙
800,法国,5.7,飞鸟历险记
801,中国大陆,5.6,龙在哪里？
802,美国,5.6,内裤队长
803,美国,5.6,钢铁侠与浩克：联合战记
804,俄罗斯,5.6,冰雪女王
805,中国大陆,5.6,玩偶奇兵
806,韩国,5.5,首尔站
807,中国大陆,5.5,神笔马良
808,中国大陆,5.5,三小强
809,中国大陆,5.5,黑猫警长电影版
810,中国大陆,5.5,长江7号：超萌特攻队
811,中国大陆,5.5,摩尔庄园冰世纪
803,美国,5.6,钢铁侠与浩克：联合战记
804,俄罗斯,5.6,冰雪女王
805,中国大陆,5.6,玩偶奇兵
806,韩国,5.5,首尔站
807,中国大陆,5.5,神笔马良
808,中国大陆,5.5,三小强
809,中国大陆,5.5,黑猫警长电影版
810,中国大陆,5.5,长江7号：超萌特攻队
811,中国大陆,5.5,摩尔庄园冰世纪
812,中国大陆,5.5,金箍棒传奇2：沙僧的逆袭
813,中国大陆,5.5,钟馗传奇之岁寒三友
814,香港,5.5,银河守卫队
815,美国,5.5,奥兹国的桃乐西
816,美国,5.4,表情奇幻冒险
817,中国大陆,5.4,聪明的一休之反斗公主
818,法国,5.4,王子与108煞
819,韩国,5.4,考拉大冒险
820,法国,5.4,穿长筒靴的猫
821,中国大陆,5.4,神兵小将
822,墨西哥,5.4,怪物岛
823,中国大陆,5.4,兔子镇的火狐狸
824,中国大陆,5.3,一万年以后
825,中国大陆,5.3,喜羊羊与灰太狼之开心闯龙年
826,中国大陆,5.3,洛克王国之圣龙骑士
827,美国,5.3,丛林大反攻4：吓傻了
828,中国大陆,5.3,萤火奇兵
829,中国大陆,5.2,喜羊羊与灰太狼之喜气羊羊过蛇年
830,美国,5.2,蜡笔总动员
831,中国大陆,5.1,黑猫警长之翡翠之星
832,中国大陆,5.1,重返大海
833,中国大陆,5.1,桂宝之爆笑闯宇宙
834,俄罗斯,5.1,冰雪女皇之冬日魔咒
835,中国大陆,5.1,青蛙王国之冰冻大冒险
836,中国大陆,5.0,洛克王国3：圣龙的守护
837,美国,5.0,无敌钢铁侠
838,中国大陆,4.9,肩上蝶
839,俄罗斯,4.9,超能太阳鸭
840,中国,4.9,马兰花
841,中国大陆,4.8,喜羊羊与灰太狼之羊年喜羊羊
842,中国大陆,4.8,老夫子之小水虎传奇
843,中国大陆,4.7,赛尔号大电影4：圣魔之战
844,中国大陆,4.7,金箍棒传奇
845,中国大陆,4.7,终极大冒险
846,中国大陆,4.7,赛尔号大电影6：圣者无敌
847,中国大陆,4.7,洛克王国4：出发！巨人谷
848,中国大陆,4.6,大卫贝肯之倒霉特工熊
849,中国大陆,4.6,魔比斯环
850,中国大陆,4.6,梦回金沙城
851,中国大陆,4.5,赛尔号大电影3之战神联盟
852,俄罗斯,4.5,冰雪女王3：火与冰
853,中国大陆,4.5,猪猪侠之英雄猪少年
854,中国大陆,4.4,魔幻仙踪
855,中国大陆,4.4,咕噜咕噜美人鱼
856,中国大陆,4.4,龙骑侠
857,中国大陆,4.3,喜羊羊与灰太狼之飞马奇遇记
858,中国大陆,4.3,新大头儿子和小头爸爸之秘密计划
859,中国大陆,4.2,新大头儿子和小头爸爸2一日成才
860,中国大陆,4.2,潜艇总动员3：彩虹宝藏
861,中国,4.1,超蛙战士之初露锋芒
862,中国大陆,4.0,猪猪侠之终极决战
863,中国大陆,4.0,潜艇总动员4：章鱼奇遇记
864,中国大陆,4.0,赛尔号大电影2之雷伊与迈尔斯
865,中国大陆,3.9,爵迹
866,中国大陆,3.8,赛尔号大电影5：雷神崛起
867,中国大陆,3.7,猪猪侠之勇闯巨人岛
868,中国大陆,3.7,神兽金刚之青龙再现
869,中国大陆,3.6,铠甲勇士捕王
870,中国大陆,3.6,我是哪吒
871,中国大陆,3.4,白雪公主之矮人力量
872,中国大陆,3.4,熊猫总动员
873,中国大陆,3.4,青蛙总动员
874,英国,3.3,梦幻飞琴
875,中国大陆,3.2,赛尔号大电影之寻找凤凰神兽
876,中国大陆,3.2,火焰山历险记
877,中国大陆,3.2,新年来啦之大闹除夕
878,中国大陆,3.1,我爱灰太狼
879,中国大陆,2.9,四渡赤水
880,中国大陆,2.7,我爱灰太狼2
881,中国大陆,2.7,摩登森林之美食总动员
882,中国大陆,2.7,美人鱼之海盗来袭
883,中国大陆,2.6,太空熊猫英雄归来
884,中国大陆,2.5,钢铁飞龙之再见奥特曼
885,中国大陆,2.5,太空熊猫总动员
886,中国大陆,2.5,白雪公主和三只小猪
887,中国大陆,2.4,少年毛泽东
888,中国大陆,2.4,泰迪熊之玩具大战
889,中国大陆,2.4,悟空大战二郎神
890,中国大陆,2.3,汽车人总动员
891,中国大陆,2.3,冲锋号
892,中国大陆,2.3,热血雷锋侠之激情营救
893,中国大陆,2.3,高铁英雄
894,中国大陆,2.3,超能兔战队
895,中国大陆,2.2,戚继光英雄传
896,中国大陆,2.2,莫日根
