1,美国,9.6,肖申克的救赎
2,美国,9.6,控方证人
3,法国,9.4,这个杀手不太冷
4,美国,9.4,十二怒汉
5,美国,9.4,控方证人
6,美国,9.2,教父
7,法国,9.2,洞
8,香港,9.1,无间道
9,美国,9.1,蝙蝠侠：黑暗骑士
10,英国,9.1,两杆大烟枪
11,美国,9.1,教父2
12,意大利,9.1,美国往事
13,英国,9.1,帷幕：波洛的最后一案
14,美国,9.0,完美的世界
15,日本,9.0,古畑任三郎完结篇 重生之死
16,意大利,9.0,流浪者之歌
17,巴西,8.9,上帝之城
18,英国,8.9,追随
19,意大利,8.9,偷自行车的人
20,西班牙,8.8,看不见的客人
21,美国,8.8,低俗小说
22,美国,8.8,猫鼠游戏
23,阿根廷,8.8,荒蛮故事
24,美国,8.8,教父3
25,香港,8.8,无间道(正序版)
26,日本,8.8,用心棒
27,英国,8.8,神探夏洛克：最后的誓言
28,美国,8.8,十二怒汉
29,美国,8.7,七宗罪
30,美国,8.7,消失的爱人
31,美国,8.7,沉默的羔羊
32,英国,8.7,三块广告牌
33,韩国,8.7,恐怖直播
34,韩国,8.7,杀人回忆
35,香港,8.7,英雄本色
36,香港,8.7,纵横四海
37,中国大陆,8.7,可可西里
38,日本,8.7,罗生门
39,台湾,8.7,牯岭街少年杀人事件
40,美国,8.7,绿里奇迹
41,美国,8.7,末路狂花
42,美国,8.7,洛城机密
43,中国大陆,8.7,盲井
44,法国,8.7,四百击
45,巴西,8.7,精英部队2：大敌当前
46,美国,8.7,骗中骗
47,美国,8.7,虎豹小霸王
48,德国,8.7,卡里加里博士的小屋
49,日本,8.7,古畑任三郎 VS SMAP
50,美国,8.7,巴比龙
51,法国,8.7,圣女贞德蒙难记
52,美国,8.7,凡尔杜先生
53,美国,8.7,纸月亮
54,美国,8.7,千面佳人
55,德国,8.7,玩家马布斯博士
56,美国,8.7,断魂枪声
57,英国,8.7,伯特伦旅馆之谜
58,美国,8.6,蝙蝠侠：黑暗骑士崛起
59,中国大陆,8.6,心迷宫
60,美国,8.6,撞车
61,德国,8.6,非常嫌疑犯
62,日本,8.6,燕尾蝶
63,香港,8.6,枪火
64,美国,8.6,大卫·戈尔的一生
65,美国,8.6,芝加哥
66,日本,8.6,恶童
67,美国,8.6,热天午后
68,美国,8.6,电话谋杀案
69,日本,8.6,青之炎
70,美国,8.6,情枭的黎明
71,德国,8.6,敲开天堂的门
72,美国,8.6,杀手
73,美国,8.6,布朗克斯的故事
74,法国,8.6,男人的争斗
75,英国,8.6,巴斯克维尔的猎犬
76,美国,8.5,记忆碎片
77,英国,8.5,猜火车
78,香港,8.5,阿飞正传
79,美国,8.5,战争之王
80,英国,8.5,偷拐抢骗
81,韩国,8.5,新世界
82,美国,8.5,美国X档案
83,日本,8.5,花火
84,美国,8.5,杀死一只知更鸟
85,美国,8.5,迫在眉梢
86,韩国,8.5,回家的路
87,美国,8.5,水牛城66
88,意大利,8.5,西部往事
89,美国,8.5,迷恋荷尔蒙
90,美国,8.5,双重赔偿
91,美国,8.5,自由作家
92,阿根廷,8.5,烈焰焚币
93,美国,8.5,午夜狂奔
94,法国,8.5,恶魔
95,波兰,8.5,杀人短片
96,法国,8.5,法外之徒
97,日本,8.5,盗信情缘
98,日本,8.5,天国与地狱
99,伊朗,8.5,特写
100,英国,8.5,啤酒谋杀案
101,法国,8.5,洛可兄弟
102,法国,8.5,审判
103,西德,8.5,世界旦夕之间
104,波兰,8.5,审问
105,美国,8.5,战火遗孤
106,美国,8.5,不设限通缉
107,英国,8.5,谋杀启事
108,加拿大,8.5,一级谋杀
109,英国,8.5,赫尔克里的丰功伟绩
110,德国,8.4,香水
111,美国,8.4,无耻混蛋
112,美国,8.4,变脸
113,美国,8.4,速度与激情5
114,英国,8.4,发条橙
115,美国,8.4,罪恶之城
116,香港,8.4,暗战
117,香港,8.4,神探
118,美国,8.4,出租车司机
119,韩国,8.4,追击者
120,美国,8.4,一级恐惧
121,韩国,8.4,黄海
122,韩国,8.4,金福南杀人事件始末
123,中国大陆,8.4,盲山
124,美国,8.4,王牌对王牌
125,美国,8.4,盗火线
126,英国,8.4,尼罗河上的惨案
127,瑞典,8.4,处女泉
128,法国,8.4,独行杀手
129,美国,8.4,杀死比尔整个血腥事件
130,英国,8.4,仁心与冠冕
131,美国,8.4,福禄双霸天
132,日本,8.4,饥饿海峡
133,英国,8.4,埃奇威尔爵士之死
134,德国,8.4,马布斯博士的遗嘱
135,美国,8.4,歼匪喋血战
136,美国,8.4,私枭血
137,法国,8.4,无人生还
138,美国,8.4,霹雳游侠2000电影版
139,中国大陆,8.3,疯狂的石头
140,美国,8.3,速度与激情7
141,香港,8.3,无间道2
142,美国,8.3,蝙蝠侠：侠影之谜
143,日本,8.3,嫌疑人X的献身
144,中国大陆,8.3,暴裂无声
145,美国,8.3,八恶人
146,美国,8.3,落水狗
147,美国,8.3,黑洞频率
148,美国,8.3,好家伙
149,香港,8.3,暗花
150,英国,8.3,东方快车谋杀案
151,香港,8.3,喋血双雄
152,香港,8.3,一个字头的诞生
153,美国,8.3,危情十日
154,美国,8.3,唐人街
155,印度,8.3,误杀瞒天记
156,德国,8.3,M就是凶手
157,日本,8.3,大佬
158,英国,8.3,缺席的人
159,法国,8.3,黑道快餐店
160,英国,8.3,尼罗河上的惨案
161,美国,8.3,子弹横飞百老汇
162,法国,8.3,扒手
163,法国,8.3,红圈
164,美国,8.3,骗徒臭事多
165,美国,8.3,小上校
166,法国,8.3,通往绞刑架的电梯
167,日本,8.3,复仇在我
168,日本,8.3,秘密花园
169,意大利,8.3,有你我不怕
170,法国,8.3,驴子巴特萨
171,英国,8.3,德伯维尔家的苔丝
172,英国,8.3,四海本色
173,日本,8.3,恶汉甜梦
174,阿尔及利亚,8.3,焦点新闻
175,墨西哥,8.3,被遗忘的人们
176,法国,8.3,第二口气
177,匈牙利,8.3,诅咒
178,英国,8.3,命案目睹记
179,泰国,8.2,天才枪手
180,法国,8.2,飓风营救
181,美国,8.2,夜行者
182,香港,8.2,买凶拍人
183,美国,8.2,天才瑞普利
184,香港,8.2,英雄本色2
185,美国,8.2,西北偏北
186,英国,8.2,微不足道
187,美国,8.2,疤面煞星
188,美国,8.2,美国田园下的罪恶
189,美国,8.2,雌雄大盗
190,西班牙,8.2,不良教育
191,英国,8.2,男孩A
192,美国,8.2,赌城风云
193,香港,8.2,猛龙过江
194,日本,8.2,追捕
195,美国,8.2,惊世狂花
196,英国,8.2,阳光下的罪恶
197,法国,8.2,怒火青春
198,法国,8.2,狂人皮埃罗
199,美国,8.2,怪宴
200,美国,8.2,蝙蝠侠：红影迷踪
201,日本,8.2,奏鸣曲
202,美国,8.2,不法之徒
203,瑞典,8.2,永远的莉莉亚
204,日本,8.2,神秘列车
205,美国,8.2,喜剧之王
206,日本,8.2,机动警察剧场版1
207,美国,8.2,桃色血案
208,日本,8.2,野良犬
209,英国,8.2,阳光下的罪恶
210,意大利,8.2,猎艳狂魔
211,英国,8.2,哈姆雷特
212,美国,8.2,天堂里的烦恼
213,丹麦,8.2,亚当的苹果
214,美国,8.2,疤面人
215,美国,8.2,伸张正义
216,英国,8.2,葬礼之后
217,德国,8.2,潘多拉的魔盒
218,英国,8.2,悬崖山庄奇案
219,英国,8.2,古宅迷踪
220,UK,8.2,高尔夫球场的疑云
221,英国,8.2,牙医之死
222,美国,8.2,人生
223,英国,8.2,藏书室女尸之谜
224,意大利,8.2,圣母街上的大人物
225,美国,8.2,逍遥法外
226,日本,8.2,绞死刑
227,中国大陆,8.1,风声
228,中国大陆,8.1,无人区
229,美国,8.1,杀死比尔
230,德国,8.1,罗拉快跑
231,美国,8.1,老无所依
232,韩国,8.1,孤胆特工
233,美国,8.1,空中监狱
234,英国,8.1,汉尼拔
235,美国,8.1,火柴人
236,英国,8.1,杀手没有假期
237,香港,8.1,堕落天使
238,台湾,8.1,目击者之追凶
239,美国,8.1,菲利普船长
240,美国,8.1,虎胆龙威
218,英国,8.2,悬崖山庄奇案
219,英国,8.2,古宅迷踪
220,UK,8.2,高尔夫球场的疑云
221,英国,8.2,牙医之死
222,美国,8.2,人生
223,英国,8.2,藏书室女尸之谜
224,意大利,8.2,圣母街上的大人物
225,美国,8.2,逍遥法外
226,日本,8.2,绞死刑
227,中国大陆,8.1,风声
228,中国大陆,8.1,无人区
229,美国,8.1,杀死比尔
230,德国,8.1,罗拉快跑
231,美国,8.1,老无所依
232,韩国,8.1,孤胆特工
233,美国,8.1,空中监狱
234,英国,8.1,汉尼拔
235,美国,8.1,火柴人
236,英国,8.1,杀手没有假期
237,香港,8.1,堕落天使
238,台湾,8.1,目击者之追凶
239,美国,8.1,菲利普船长
240,美国,8.1,虎胆龙威
241,香港,8.1,监狱风云
242,美国,8.1,华尔街
243,香港,8.1,枪王
244,加拿大,8.1,处刑人
245,美国,8.1,忠奸人
246,美国,8.1,男孩别哭
247,香港,8.1,跛豪
248,西班牙,8.1,回归
249,香港,8.1,香港制造
250,法国,8.1,尽情游戏
251,香港,8.1,喋血街头
252,美国,8.1,龙争虎斗
253,日本,8.1,鲁邦三世：卡里奥斯特罗城
254,美国,8.1,造雨人
255,韩国,8.1,绿头苍蝇
256,美国,8.1,真实罗曼史
257,美国,8.1,偷龙转凤
258,美国,8.1,足球流氓
259,日本,8.1,人证
260,美国,8.1,历劫佳人
261,美国,8.1,蝙蝠侠：元年
262,美国,8.1,神鬼奇谋
263,法国,8.1,钱
264,日本,8.1,砂之器
265,法国,8.1,坏血
266,美国,8.1,铁窗喋血
267,法国,8.1,怒海沉尸
268,美国,8.1,煤气灯下
269,日本,8.1,死亡笔记特别篇2：L的继承者
270,英国,8.1,ABC谋杀案
271,日本,8.1,泥醉天使
272,日本,8.1,跳跃大搜查线：湾岸署史上最恶的3日间
273,澳大利亚,8.1,坏小子巴比
274,法国,8.1,乌鸦
275,英国,8.1,雾都孤儿
276,英国,8.1,雾都孤儿
277,美国,8.1,被投石处死的索拉雅·M
278,法国,8.1,火车上的男人
279,芬兰,8.1,升空号
280,美国,8.1,蝙蝠侠超人大电影-最佳搭档
281,美国,8.1,不夜城
282,英国,8.1,旧罪的阴影
283,英国,8.1,毫无线索
284,日本,8.1,盗日者
285,美国,8.1,亡命大煞星
286,西班牙,8.1,骑车人之死
287,UK,8.1,波洛圣诞探案记
288,美国,8.1,细说从头
289,德国,8.1,奥拉克之手
290,墨西哥,8.1,深深的腥红
291,中国大陆,8.0,湄公河行动
292,中国大陆,8.0,功夫
293,美国,8.0,龙纹身的女孩
294,香港,8.0,树大招风
295,韩国,8.0,暗杀
296,法国,8.0,你丫闭嘴！
297,韩国,8.0,空房间
298,法国,8.0,暴力街区
299,美国,8.0,天生杀人狂
300,德国,8.0,我是谁：没有绝对安全的系统
301,美国,8.0,生死时速
302,美国,8.0,修女也疯狂
303,香港,8.0,黑社会
304,美国,8.0,囚徒
305,英国,8.0,猜火车2
306,香港,8.0,狗咬狗
307,日本,8.0,座头市
308,美国,8.0,亡命天涯
309,香港,8.0,非常突然
310,英国,8.0,这就是英格兰
311,美国,8.0,边缘日记
312,美国,8.0,夺魂索
313,俄罗斯,8.0,无声言证
314,法国,8.0,不准掉头
315,美国,8.0,米勒的十字路口
316,德国,8.0,疾走天堂
317,英国,8.0,死囚漫步
318,比利时,8.0,人咬狗
319,美国,8.0,猎人之夜
320,美国,8.0,城市英雄
321,印度,8.0,痛击
322,美国,8.0,上海小姐
323,德国,8.0,希望与反抗
324,美国,8.0,川流熙攘
325,美国,8.0,傻瓜入狱记
326,法国,8.0,射杀钢琴师
327,法国,8.0,冷酷祭典
328,中国大陆,8.0,血色清晨
329,法国,8.0,维拉·德雷克
330,德国,8.0,替天行道三人行
331,英国,8.0,三幕悲剧
332,日本,8.0,猪与军舰
333,法国,8.0,眼线
334,印度,8.0,纽约
335,美国,8.0,烈血大风暴
336,英国,8.0,无言的证人
337,西德,8.0,狐及其友
338,日本,8.0,陷阱
339,美国,8.0,一世之雄
340,日本,8.0,干花
341,日本,8.0,新干线爆炸案
342,英国,8.0,无妄之灾
343,英国,8.0,复仇女神
344,中国大陆,7.9,老炮儿
345,中国大陆,7.9,烈日灼心
346,美国,7.9,十一罗汉
347,中国大陆,7.9,天注定
348,美国,7.9,守法公民
349,美国,7.9,危情三日
350,香港,7.9,放·逐
351,美国,7.9,训练日
352,美国,7.9,冰血暴
353,香港,7.9,机动部队
354,韩国,7.9,我要复仇
355,美国,7.9,赴汤蹈火
356,英国,7.9,逃狱三王
357,巴西,7.9,精英部队
358,韩国,7.9,抓住那个家伙
359,美国,7.9,决战犹马镇
360,英国,7.9,东方快车谋杀案
361,德国,7.9,伯纳德行动
362,美国,7.9,警戒结束
363,美国,7.9,第25小时
364,美国,7.9,大毒枭
365,加拿大,7.9,卡波特
366,美国,7.9,底特律
367,美国,7.9,码头风云
368,美国,7.9,好人寥寥
369,台湾,7.9,南国再见，南国
370,日本,7.9,鳗鱼
371,美国,7.9,蝙蝠侠：突袭阿卡姆
372,法国,7.9,地下铁
373,瑞典,7.9,噪反城市
374,比利时,7.9,孩子
375,日本,7.9,暗金丑岛君2
376,美国,7.9,警察学校
377,意大利,7.9,玫瑰之名
378,美国,7.9,十一罗汉
379,日本,7.9,X圣治
380,苏联,7.9,十个小黑人
381,香港,7.9,省港旗兵4：地下通道
382,德国,7.9,甜蜜十六岁
383,美国,7.9,我的表兄维尼
384,英国,7.9,死于独特
385,香港,7.9,第一类型危险
386,中国,7.9,千钧。一发
387,日本,7.9,无仁义之战
388,法国,7.9,丽拉说
389,英国,7.9,H庄园的一次午餐
390,意大利,7.9,幽国车站
391,美国,7.9,冷血
392,英国,7.9,斯泰尔斯庄园奇案
393,英国,7.9,巧克力盒谜案
394,俄罗斯,7.9,兄弟
395,法国,7.9,阿卡丁先生
396,香港,7.9,边缘人
397,美国,7.9,谋杀地下老板
398,英国,7.9,虎胆忠魂
399,美国,7.9,你只活一次
400,英国,7.9,黄色蝴蝶花
401,英国,7.9,“大都市”酒店珠宝失窃案
402,美国,7.9,合约谋杀案
403,中国大陆,7.8,解救吾先生
404,中国大陆,7.8,李米的猜想
405,中国大陆,7.8,无间道3：终极无间
406,美国,7.8,杀死比尔2
407,香港,7.8,古惑仔之人在江湖
408,香港,7.8,黑社会2：以和为贵
409,美国,7.8,大象
410,法国,7.8,的士速递
411,韩国,7.8,卑劣的街头
412,美国,7.8,21克
413,韩国,7.8,走到尽头
414,美国,7.8,神秘河
415,美国,7.8,虎胆龙威3
416,印度尼西亚,7.8,突袭2：暴徒
417,美国,7.8,上帝保佑美国
418,美国,7.8,捕蝇纸
419,美国,7.8,美国黑帮
420,法国,7.8,的士速递2
421,日本,7.8,极恶非道
422,英国,7.8,污垢
423,香港,7.8,辣手神探
424,法国,7.8,93航班
425,美国,7.8,血迷宫
426,泰国,7.8,拳霸
427,美国,7.8,失踪宝贝
428,法国,7.8,猫在巴黎
429,美国,7.8,火车怪客
430,英国,7.8,三十九级台阶
431,美国,7.8,判我有罪
432,香港,7.8,冲锋队之怒火街头
433,美国,7.8,沉睡者
434,香港,7.8,岁月风云之上海皇帝
435,法国,7.8,美味毒妇
436,爱尔兰,7.8,少年犯
437,美国,7.8,重振球风
438,美国,7.8,终极细胞战
439,香港,7.8,人民英雄
440,日本,7.8,黑暗中的孩子们
441,加拿大,7.8,暴劫梨花
442,日本,7.8,圈套剧场版2
443,美国,7.8,无人生还
444,法国,7.8,杀人的夏天
445,加拿大,7.8,野蛮入侵
446,美国,7.8,艾斯卡达的三次葬礼
447,芬兰,7.8,薄暮之光
448,德国,7.8,巴德尔和迈因霍夫集团
449,哥伦比亚,7.8,万福玛丽亚
450,意大利,7.8,夜深血红
451,美国,7.8,盲女惊魂记
452,日本,7.8,跳跃大搜查线最终篇：新的希望
453,美国,7.8,穷山恶水
454,法国,7.8,难兄难弟
455,美国,7.8,忏情记
456,意大利,7.8,对一个不容怀疑的公民的调查
457,台湾,7.8,美丽时光
458,英国,7.8,午夜快车
459,美国,7.8,逃出亚卡拉
460,英国,7.8,意大利任务
461,法国,7.8,警察与女兵
462,美国,7.8,死亡计中计
463,意大利,7.8,圣特鲁佩斯的警察
464,美国,7.8,豪情四海
465,匈牙利,7.8,地铁风情画
466,意大利,7.8,爱情的结果
467,美国,7.8,夜阑人未静
446,美国,7.8,艾斯卡达的三次葬礼
447,芬兰,7.8,薄暮之光
448,德国,7.8,巴德尔和迈因霍夫集团
449,哥伦比亚,7.8,万福玛丽亚
450,意大利,7.8,夜深血红
451,美国,7.8,盲女惊魂记
452,日本,7.8,跳跃大搜查线最终篇：新的希望
453,美国,7.8,穷山恶水
454,法国,7.8,难兄难弟
455,美国,7.8,忏情记
456,意大利,7.8,对一个不容怀疑的公民的调查
457,台湾,7.8,美丽时光
458,英国,7.8,午夜快车
459,美国,7.8,逃出亚卡拉
460,英国,7.8,意大利任务
461,法国,7.8,警察与女兵
462,美国,7.8,死亡计中计
463,意大利,7.8,圣特鲁佩斯的警察
464,美国,7.8,豪情四海
465,匈牙利,7.8,地铁风情画
466,意大利,7.8,爱情的结果
467,美国,7.8,夜阑人未静
468,法国,7.8,远行他方
469,美国,7.8,决斗尤玛镇
470,美国,7.8,瘦子
471,法国,7.8,雾码头
472,英国,7.8,死亡约会
473,英国,7.8,四重人格
474,美国,7.8,大内幕
475,美国,7.8,枪疯
476,美国,7.8,血溅虎头门
477,美国,7.8,英俊的哈里
478,美国,7.8,恐怖平衡
479,美国,7.8,大侦探故事
480,英国,7.8,蜂窝谜案
481,中国大陆,7.7,天下无贼
482,美国,7.7,速度与激情6
483,美国,7.7,华尔街之狼
484,日本,7.7,死亡笔记
485,美国,7.7,生死狙击
486,美国,7.7,少数派报告
487,美国,7.7,偷天陷阱
488,中国大陆,7.7,边境风云
489,日本,7.7,死亡笔记：最后的名字
490,美国,7.7,红龙
491,香港,7.7,警察故事
492,美国,7.7,局内人
493,美国,7.7,美国精神病人
494,英国,7.7,福尔摩斯先生
495,美国,7.7,虎胆龙威2
496,美国,7.7,林肯律师
497,美国,7.7,谋杀绿脚趾
498,韩国,7.7,与犯罪的战争：坏家伙的全盛时代
499,英国,7.7,猎凶风河谷
500,美国,7.7,毁灭之路
501,英国,7.7,保持缄默
502,美国,7.7,女魔头
503,美国,7.7,一条叫旺达的鱼
504,中国大陆,7.7,喊·山
505,韩国,7.7,朋友
506,美国,7.7,夺命枪火
507,日本,7.7,愚行录
508,香港,7.7,奇迹
509,香港,7.7,两个只能活一个
510,美国,7.7,终极斗士3：赎罪
511,法国,7.7,预言者
512,美国,7.7,白头神探
513,美国,7.7,监狱生活
514,香港,7.7,真心英雄
515,美国,7.7,铁面无私
516,德国,7.7,告密者
517,英国,7.7,浅坟
518,香港,7.7,省港旗兵
519,美国,7.7,决战以拉谷
520,美国,7.7,法国贩毒网
521,日本,7.7,凶暴的男人
522,英国,7.7,无夜不漫长
523,香港,7.7,上海皇帝之雄霸天下
524,香港,7.7,学校风云
525,德国,7.7,天王流氓
526,法国,7.7,女神们
527,巴勒斯坦被占领区,7.7,天堂此时
528,英国,7.7,偷窥狂
529,德国,7.7,特工插班生
530,南非,7.7,耶路撒冷
531,美国,7.7,凶线
532,英国,7.7,狂凶记
533,美国,7.7,大玩家
534,日本,7.7,跳跃大搜查线2：封锁彩虹桥
535,英国,7.7,贼博士
536,美国,7.7,炎热的夜晚
537,法国,7.7,警察智斗外星人
538,德国,7.7,自由意志
539,英国,7.7,怪钟疑案
540,德国,7.7,冒牌人生
541,英国,7.7,欲海惊魂
542,英国,7.7,三十九级台阶
543,加拿大,7.7,人口贩卖
544,美国,7.7,勾魂游戏
545,美国,7.7,淑女伊芙
546,美国,7.7,利蓝的美国
547,美国,7.7,意外事件
548,美国,7.7,布利特
549,美国,7.7,五星级杀人夜
550,英国,7.7,外国学生宿舍谋杀案
551,法国,7.7,暗度陈仓
552,英国,7.7,鸽群中的猫
553,英国,7.7,空幻之屋
554,香港,7.7,四大家族之龙虎兄弟
555,日本,7.7,驾驶
556,日本,7.7,疯狂星期一
557,法国,7.7,伞中情
558,英国,7.7,失踪的遗嘱
559,美国,7.7,赌场
560,哥伦比亚,7.7,魔鬼：杀手档案
561,美国,7.7,绿窗艳影
562,中国大陆,7.6,全民目击
563,中国大陆,7.6,追凶者也
564,美国,7.6,速度与激情
565,香港,7.6,旺角卡门
566,美国,7.6,速度与激情4
567,韩国,7.6,亲切的金子
568,英国,7.6,七个神经病
569,美国,7.6,虎胆龙威4
570,韩国,7.6,绝密跟踪
571,中国,7.6,寻枪
572,中国大陆,7.6,闯入者
573,印度尼西亚,7.6,突袭
574,韩国,7.6,看见恶魔
575,美国,7.6,三个老枪手
576,挪威,7.6,猎头游戏
577,香港,7.6,黑金
578,美国,7.6,金刚不坏
579,韩国,7.6,局内人
580,加拿大,7.6,11:14
581,美国,7.6,机器战警
582,香港,7.6,江湖告急
583,美国,7.6,布鲁克斯先生
584,香港,7.6,五亿探长雷洛传1：雷老虎
585,日本,7.6,极恶非道2
586,英国,7.6,哈里·布朗
587,西班牙,7.6,捆着我，绑着我
588,香港,7.6,奇谋妙计五福星
589,香港,7.6,爆裂刑警
590,美国,7.6,完美盗贼
591,香港,7.6,野兽刑警
592,越南,7.6,三轮车夫
593,美国,7.6,毒品网络
594,香港,7.6,顺流逆流
595,爱尔兰,7.6,国民警卫队
596,香港,7.6,死亡游戏
597,美国,7.6,白头神探2½：恐怖的气味
598,美国,7.6,西区故事
599,美国,7.6,穷街陋巷
600,法国,7.6,我心遗忘的节奏
601,美国,7.6,燃烧的平原
602,日本,7.6,金田一少年事件簿之上海人鱼传说
603,美国,7.6,圣安娜奇迹
604,韩国,7.6,假日
605,美国,7.6,冰冻之河
606,德国,7.6,玉蝎子的魔咒
607,香港,7.6,省港旗兵2：兵分两路
608,美国,7.6,肮脏的哈里
609,法国,7.6,头号公敌续集
610,美国,7.6,体热
611,法国,7.6,芳名卡门
612,美国,7.6,再无可失
613,意大利,7.6,冲突
614,波兰,7.6,与安娜的四个夜晚
615,英国,7.6,房客
616,美国,7.6,瘪四与大头蛋
617,美国,7.6,毒药与老妇
618,英国,7.6,福尔摩斯秘史
619,英国,7.6,古墓之谜
620,匈牙利,7.6,田园风光
621,香港,7.6,3个受伤的警察
622,英国,7.6,将军之夜
623,法国,7.6,大黎明
624,美国,7.6,女煞葛洛莉
625,法国,7.6,女仆日记
626,美国,7.6,女人的烦恼
627,英国,7.6,克拉珀姆厨师奇遇记
628,美国,7.6,两男一女三逃犯
629,希腊,7.6,重建
630,英国,7.6,清洁女工之死
631,美国,7.6,绣巾蒙面盗
632,美国,7.6,刺杀尼克松
633,法国,7.6,美女如我
634,美国,7.6,蝙蝠侠大战幻影人
635,英国,7.6,遗产风波
636,英国,7.6,讹诈
637,法国,7.6,方托马斯大战苏格兰场
638,英国,7.6,拉凡德山的暴徒
639,加拿大,7.6,大西洋城
640,英国,7.6,死人之镜
641,意大利,7.6,沉沦
642,美国,7.6,刑警大队
643,美国,7.5,惊天魔盗团
644,美国,7.5,大侦探福尔摩斯
645,美国,7.5,海扁王
646,香港,7.5,窃听风云2
647,美国,7.5,大侦探福尔摩斯2：诡影游戏
648,香港,7.5,门徒
649,美国,7.5,女间谍
650,美国,7.5,偷天换日
651,美国,7.5,八面埋伏
652,美国,7.5,边境杀手
653,美国,7.5,城中大盗
654,英国,7.5,银行大劫案
655,美国,7.5,杀出个黎明
656,瑞典,7.5,龙纹身的女孩
657,美国,7.5,摇滚黑帮
658,香港,7.5,新上海滩
659,韩国,7.5,王者
660,英国,7.5,狂野目标
661,韩国,7.5,七天
662,日本,7.5,冰冷热带鱼
663,美国,7.5,改编剧本
664,韩国,7.5,假面
665,美国,7.5,神枪手之死
666,韩国,7.5,好朋友们
667,法国,7.5,女囚尼基塔
668,英国,7.5,东方的承诺
669,美国,7.5,幸运数字斯莱文
670,美国,7.5,草叶
671,美国,7.5,驱魔
672,美国,7.5,杀人三步曲
673,泰国,7.5,致命切割
674,波兰,7.5,盗走达芬奇
675,英国,7.5,完美无瑕
676,美国,7.5,浪人
677,美国,7.5,笨贼妙探
678,香港,7.5,龙虎风云
679,美国,7.5,马耳他之鹰
680,美国,7.5,杀掉那个爱尔兰人
681,加拿大,7.5,保卫者
682,法国,7.5,里昂黑帮
683,美国,7.5,辣手摧花
684,法国,7.5,头号公敌
685,英国,7.5,垃圾男孩
686,奥地利,7.5,复仇
687,法国,7.5,鬼狗杀手
688,英国,7.5,孤星泪
689,波兰,7.5,我是杀人犯
690,美国,7.5,杀戮时刻
691,法国,7.5,警界争雄
692,英国,7.5,美丽坏东西
693,美国,7.5,伸冤记
694,美国,7.5,希德姐妹帮
695,美国,7.5,毒家新闻
673,泰国,7.5,致命切割
674,波兰,7.5,盗走达芬奇
675,英国,7.5,完美无瑕
676,美国,7.5,浪人
677,美国,7.5,笨贼妙探
678,香港,7.5,龙虎风云
679,美国,7.5,马耳他之鹰
680,美国,7.5,杀掉那个爱尔兰人
681,加拿大,7.5,保卫者
682,法国,7.5,里昂黑帮
683,美国,7.5,辣手摧花
684,法国,7.5,头号公敌
685,英国,7.5,垃圾男孩
686,奥地利,7.5,复仇
687,法国,7.5,鬼狗杀手
688,英国,7.5,孤星泪
689,波兰,7.5,我是杀人犯
690,美国,7.5,杀戮时刻
691,法国,7.5,警界争雄
692,英国,7.5,美丽坏东西
693,美国,7.5,伸冤记
694,美国,7.5,希德姐妹帮
695,美国,7.5,毒家新闻
696,德国,7.5,交易
697,英国,7.5,万圣节前夜的谋杀案
698,阿根廷,7.5,九个皇后
699,比利时,7.5,尚格·云顿
700,美国,7.5,狂野之河
701,墨西哥,7.5,无名
702,阿鲁巴岛,7.5,控制
703,丹麦,7.5,弗莱蒙与希特伦
704,美国,7.5,男孩的战争
705,日本,7.5,相棒剧场版
706,美国,7.5,声名狼藉
707,印度,7.5,丑恶
708,法国,7.5,方托马斯的反击
709,德国,7.5,爱得太辛苦
710,波兰,7.5,黑暗之家
711,英国,7.5,蓝色特快上的秘密
712,印度,7.5,亲密有罪
713,法国,7.5,来自伦敦的男人
714,法国,7.5,方托马斯
715,美国,7.5,三号嫌疑犯
716,法国,7.5,悔过的女人
717,美国,7.5,我们不是天使
718,英国,7.5,花园疑案
719,英国,7.5,罗德兹三角
720,日本,7.5,太空游侠
721,英国,7.5,马斯顿庄园的悲剧
722,英国,7.5,双重罪恶
723,法国,7.5,骗婚记
724,美国,7.5,再续前世情
725,英国,7.5,蒙面女人
726,英国,7.5,第三层套间中的疑案
727,香港,7.5,赌王大骗局
728,英国,7.5,男演员
729,英国,7.5,低价租房奇遇记
730,美国,7.5,小偷
731,美国,7.5,绕道
732,香港,7.4,寒战
733,美国,7.4,水果硬糖
734,香港,7.4,追龙
735,美国,7.4,通缉令
736,香港,7.4,踏血寻梅
737,美国,7.4,007：大战皇家赌场
738,美国,7.4,公众之敌
739,美国,7.4,剑鱼行动
740,美国,7.4,纽约黑帮
741,美国,7.4,借刀杀人
742,美国,7.4,会计刺客
743,美国,7.4,副作用
744,美国,7.4,伸冤人
745,美国,7.4,赶尽杀绝
746,韩国,7.4,盲证
747,香港,7.4,老笠
748,韩国,7.4,嫌疑人X的献身
749,香港,7.4,A计划续集
750,美国,7.4,蓝丝绒
751,香港,7.4,警察故事3：超级警察
752,美国,7.4,失眠症
753,美国,7.4,绝地战警
754,韩国,7.4,我是杀人犯
755,日本,7.4,杀手阿一
756,美国,7.4,美国行动
757,美国,7.4,绝地战警2
758,美国,7.4,我心狂野
759,美国,7.4,赌王之王
760,韩国,7.4,老千
761,韩国,7.4,孩子们
762,美国,7.4,暴力史
763,法国,7.4,暗流
764,香港,7.4,少年黄飞鸿之铁马骝
765,美国,7.4,危险关系
766,美国,7.4,抓住外国佬
767,美国,7.4,业余小偷
768,美国,7.4,一锤定音
769,美国,7.4,抚养亚利桑纳
770,墨西哥,7.4,杀手悲歌
771,意大利,7.4,格莫拉
772,美国,7.4,布鲁克林警察
773,法国,7.4,泳池情杀案
774,奥地利,7.4,趣味游戏
775,香港,7.4,恐怖鸡
776,美国,7.4,白头神探3
777,美国,7.4,抢钱大作战
778,德国,7.4,凭空而来
779,美国,7.4,惊爆点
780,美国,7.4,蝙蝠侠：哥谭骑士
781,法国,7.4,为了她
782,美国,7.4,夜长梦多
783,新加坡,7.4,茶舞
784,美国,7.4,忍者神龟
785,韩国,7.4,爱的肢解
786,美国,7.4,亡命徒与天使
787,英国,7.4,梅格雷的十字路口之夜
788,法国,7.4,百万杀人游戏
789,英国,7.4,逃狱
790,中国大陆,7.4,圣·保罗医院之谜
791,意大利,7.4,罪恶天使
792,丹麦,7.4,亲爱的温迪
793,日本,7.4,刑法第三十九条
794,法国,7.4,当男人看上男人
795,英国,7.4,百万小宝贝
796,韩国,7.4,没教养的家伙
797,美国,7.4,妙探寻凶
798,美国,7.4,回火
799,美国,7.4,毒海鸳鸯
800,美国,7.4,漫长的告别
801,加拿大,7.4,理工学院
802,美国,7.4,散弹露露
803,英国,7.4,底牌
804,巴西,7.4,巴士惊魂
805,法国,7.4,赌徒鲍伯
806,英国,7.4,罗杰疑案
807,法国,7.4,金钱不要碰
808,美国,7.4,杀手的肖像
809,比利时,7.4,角色
810,德国,7.4,汪洋大盗
811,法国,7.4,复核调查
812,香港,7.4,公仆
813,日本,7.4,无水之池
814,台湾,7.4,小百无禁忌
815,意大利,7.4,某种爱的纪录
816,西班牙,7.4,向日葵之夜
817,美国,7.4,护士贝蒂
818,英国,7.4,埃及古墓历险记
819,美国,7.4,我真的爱死你
820,美国,7.4,与毒共舞
821,美国,7.4,高度怀疑
822,西德,7.4,美国朋友
823,美国,7.4,夜困摩天岭
824,英国,7.4,海上谜案
825,英国,7.4,矿藏之谜
826,美国,7.4,说谎游戏
827,日本,7.4,子弹死跳舞
828,美国,7.4,步步惊魂
829,法国,7.4,江湖龙虎
830,英国,7.4,百万美元证券失窃案
831,香港,7.4,三条窄路
832,英国,7.4,红宝石之玉失窃案
833,中国大陆,7.3,新警察故事
834,中国大陆,7.3,扫毒
835,美国,7.3,十二宫
836,香港,7.3,杀破狼2
837,香港,7.3,新宿事件
838,美国,7.3,王牌保镖
839,美国,7.3,101真狗
840,中国大陆,7.3,东京审判
841,美国,7.3,十三罗汉
842,美国,7.3,怒火攻心
843,美国,7.3,亡命驾驶
844,美国,7.3,罗密欧与朱丽叶
845,香港,7.3,红番区
846,中国大陆,7.3,我11
847,美国,7.3,疾速特攻
848,美国,7.3,神秘拼图
849,美国,7.3,极限特工
850,美国,7.3,极速60秒
851,香港,7.3,旺角黑夜
852,美国,7.3,破绽
853,美国,7.3,粉红豹
854,香港,7.3,警察故事续集
855,香港,7.3,胜者为王
856,法国,7.3,的士速递3
857,美国,7.3,豺狼计划
858,美国,7.3,重生男人
859,美国,7.3,刺杀据点
860,美国,7.3,八毫米
861,香港,7.3,警察故事4：简单任务
862,法国,7.3,迷幻公园
863,美国,7.3,墨西哥往事
864,美国,7.3,无法无天
865,香港,7.3,友情岁月山鸡故事
866,韩国,7.3,被操纵的城市
867,韩国,7.3,杀人者的记忆法
868,意大利,7.3,午夜守门人
869,韩国,7.3,犯罪都市
870,台湾,7.3,一路顺风
871,日本,7.3,22年后的自白：我是杀人犯
872,韩国,7.3,生死谍变
873,美国,7.3,勇敢的人
874,西班牙,7.3,隧道尽头
875,美国,7.3,乌鸦
876,美国,7.3,同居牢友
877,日本,7.3,极恶非道3
878,日本,7.3,初恋
879,美国,7.3,恐怖角
880,西班牙,7.3,沼泽地
881,南非,7.3,黑帮暴徒
882,日本,7.3,暗金丑岛君
883,美国,7.3,中间人
884,韩国,7.3,甜蜜的人生
885,韩国,7.3,汉城大劫案
886,美国,7.3,老大靠边闪
887,香港,7.3,法外情
888,西德,7.3,爱比死更冷
889,英国,7.3,梅格雷的亡者
890,德国,7.3,罪孽天使
891,美国,7.3,要钱不要命
892,日本,7.3,八墓村
893,澳大利亚,7.3,心智相投
894,意大利,7.3,黑手党只在夏天杀人
895,法国,7.3,爱上验尸官
896,乌克兰,7.3,聋哑部落
897,美国,7.3,邮差总按两次铃
898,美国,7.3,危险思想的自白
899,智利,7.3,追捕聂鲁达
900,日本,7.3,沸点
901,美国,7.3,警察学校2：初露锋芒
902,美国,7.3,悍将奇兵
903,挪威,7.3,失踪顺序
904,美国,7.3,复仇少年
905,挪威,7.3,极度失眠
906,香港,7.3,最后胜利
907,法国,7.3,逃犯贝贝
908,美国,7.3,午夜惊情
909,巴西,7.3,人类之城
910,香港,7.3,救姜刑警
911,香港,7.3,愈堕落，愈英雄
912,美国,7.3,节选修订
913,法国,7.3,法外之徒
914,香港,7.3,等候董建华发落
915,日本,7.3,凶气之樱
916,法国,7.3,局外人
917,印度,7.3,追踪再现
918,香港,7.3,马永贞
919,美国,7.3,无罪的罪人
920,美国,7.3,古惑丑拍档
921,匈牙利,7.3,调查者
922,法国,7.3,卡洛斯
923,美国,7.3,意外边缘
901,美国,7.3,警察学校2：初露锋芒
902,美国,7.3,悍将奇兵
903,挪威,7.3,失踪顺序
904,美国,7.3,复仇少年
905,挪威,7.3,极度失眠
906,香港,7.3,最后胜利
907,法国,7.3,逃犯贝贝
908,美国,7.3,午夜惊情
909,巴西,7.3,人类之城
910,香港,7.3,救姜刑警
911,香港,7.3,愈堕落，愈英雄
912,美国,7.3,节选修订
913,法国,7.3,法外之徒
914,香港,7.3,等候董建华发落
915,日本,7.3,凶气之樱
916,法国,7.3,局外人
917,印度,7.3,追踪再现
918,香港,7.3,马永贞
919,美国,7.3,无罪的罪人
920,美国,7.3,古惑丑拍档
921,匈牙利,7.3,调查者
922,法国,7.3,卡洛斯
923,美国,7.3,意外边缘
924,法国,7.3,药剂师
925,英国,7.3,第三个女郎
926,美国,7.3,日日夜夜
927,法国,7.3,衣冠禽兽
928,日本,7.3,杀手烙印
929,美国,7.3,奸情一箩筐
930,英国,7.3,幽巷谋杀案
931,英国,7.3,首相绑架案
932,英国,7.3,不可思议的窃贼
933,美国,7.3,棉花俱乐部
934,法国,7.3,黑道刺杀令
935,英国,7.3,二十四只黑画眉
936,美国,7.3,骑劫地下铁
937,英国,7.3,打击惊魂
938,英国,7.3,普利茅斯快车上的谋杀案
939,美国,7.3,蜜月杀手
940,英国,7.3,四大魔头
941,英国,7.3,漫长美好的星期五
942,中国大陆,7.2,火锅英雄
943,中国大陆,7.2,记忆大师
944,中国大陆,7.2,白日焰火
945,中国大陆,7.2,毒战
946,香港,7.2,夺命金
947,美国,7.2,无间道风云
948,法国,7.2,玩命快递
949,美国,7.2,极品飞车
950,香港,7.2,杀破狼
951,美国,7.2,分裂
952,法国,7.2,玩命快递2
953,英国,7.2,少年汉尼拔
954,香港,7.2,维多利亚一号
955,日本,7.2,L之终章·最后的23天
956,美国,7.2,断箭
957,韩国,7.2,检察官外传
958,美国,7.2,来自地狱
959,香港,7.2,跟踪
960,美国,7.2,玩命记忆
961,韩国,7.2,阿修罗
962,美国,7.2,蒸发密令
963,香港,7.2,八仙饭店之人肉叉烧包
964,美国,7.2,夺命手术
965,美国,7.2,一线声机
966,泰国,7.2,冬荫功
967,香港,7.2,五亿探长雷洛传2：父子情仇
968,美国,7.2,高度怀疑
969,韩国,7.2,骗子
970,印度,7.2,幻影车神：魔盗激情
971,香港,7.2,O记三合会档案
972,韩国,7.2,委托人
973,韩国,7.2,青年警察
974,美国,7.2,非法制裁
975,美国,7.2,将军的女儿
976,日本,7.2,纸之月
977,美国,7.2,贼巢
978,美国,7.2,血色孤语
979,美国,7.2,黑暗扫描仪
980,美国,7.2,赎金
981,英国,7.2,年轻的亚当
982,美国,7.2,伯尼
983,美国,7.2,夺命感应
984,美国,7.2,危险人物
985,美国,7.2,矮子当道
986,美国,7.2,双重危机
987,法国,7.2,MR 73左轮枪
988,美国,7.2,圣徒指南
989,美国,7.2,黑雨
990,美国,7.2,坏中尉
991,美国,7.2,末世纪暴潮
992,美国,7.2,未来蝙蝠侠：小丑归来
993,法国,7.2,唇语惊魂
994,日本,7.2,七个房间
995,印度 India,7.2,26个特殊劫匪
996,日本,7.2,牛头
997,美国,7.2,血溅十三号警署
998,美国,7.2,惊爆星期四
999,美国,7.2,紧急搜捕令
1000,美国,7.2,大麻烦
1001,英国,7.2,命案目睹记
1002,英国,7.2,总统之死
1003,葡萄牙,7.2,后备箱
1004,美国,7.2,坏东西
1005,美国,7.2,裸吻
1006,美国,7.2,惊异大奇航
1007,加拿大,7.2,系统震撼
1008,加拿大,7.2,冰蓝布鲁斯
1009,英国,7.2,从伦敦到布莱顿
1010,美国,7.2,狗男女
1011,美国,7.2,迫切的任务
1012,美国,7.2,战士帮
1013,美国,7.2,重载武器
1014,丹麦,7.2,犯罪元素
1015,西班牙,7.2,杀手的童贞
1016,丹麦,7.2,末路狂奔
1017,法国,7.2,金盔
1018,英国,7.2,梅花K之迷
1019,美国,7.2,粉红豹系列：偷香窃玉
1020,英国,7.2,我杀了安迪·沃霍尔
1021,澳大利亚,7.2,双手
1022,印度,7.2,生死竞赛
1023,美国,7.2,恐怖角
1024,捷克,7.2,铁幕阴影下
1025,法国,7.2,绝地计划
1026,美国,7.1,速度与激情8
1027,中国大陆,7.1,盲探
1028,英国,7.1,英伦对决
1029,韩国,7.1,夺宝联盟
1030,美国,7.1,速度与激情2
1031,美国,7.1,十二罗汉
1032,法国,7.1,别惹我
1033,美国,7.1,赤焰战场2
1034,法国,7.1,杀手：代号47
1035,香港,7.1,大追捕
1036,美国,7.1,疾速追杀
1037,美国,7.1,小姐好白
1038,韩国,7.1,杀人漫画
1039,美国,7.1,胡佛
1040,英国,7.1,007之择日而亡
1041,香港,7.1,出埃及记
1042,韩国,7.1,老千2：神之手
1043,香港,7.1,鼠胆龙威
1044,美国,7.1,神偷联盟
1045,美国,7.1,夜魔
1046,日本,7.1,第三度嫌疑人
1047,中国大陆,7.1,摇啊摇，摇到外婆桥
1048,美国,7.1,窗台上的男人
1049,美国,7.1,勇闯16街区
1050,日本,7.1,诈欺猎人
1051,美国,7.1,小贼、美女和妙探
1052,美国,7.1,处刑人2
1053,美国,7.1,游戏之夜
1054,香港,7.1,超时空要爱
1055,韩国,7.1,奥罗拉公主
1056,德国,7.1,维多利亚
1057,法国,7.1,转轮手枪
1058,美国,7.1,老妇杀手
1059,美国,7.1,四兄弟
1060,美国,7.1,迈克尔·克莱顿
1061,美国,7.1,卡珊德拉之梦
1062,香港,7.1,川岛芳子
1063,美国,7.1,叛国者
1064,英国,7.1,爱丽丝的失踪
1065,英国,7.1,夹心蛋糕
1066,美国,7.1,旧日噩梦
1067,美国,7.1,天罗地网
1068,英国,7.1,梅格雷的陷阱
1069,美国,7.1,瓶装火箭
1070,美国,7.1,捉贼记
1071,美国,7.1,终极斗士2
1072,美国,7.1,塘鹅暗杀令
1073,美国,7.1,酷毙了
1074,美国,7.1,无处为家
1075,法国,7.1,不可告人
1076,瑞典,7.1,捅马蜂窝的女孩
1077,香港,7.1,至尊无上之永霸天下
1078,法国,7.1,流浪的迪潘
1079,日本,7.1,再见溪谷
1080,香港,7.1,五亿探长雷洛传III（大结局）
1081,日本,7.1,昭和64年 后篇
1082,美国,7.1,房客
1083,美国,7.1,婚姻生活
1084,美国,7.1,刺客战场
1085,英国,7.1,死人的鞋子
1086,意大利,7.1,魔鬼雷普利
1087,美国,7.1,与敌共眠
1088,香港,7.1,再世追魂
1089,英国,7.1,天堂五分钟
1090,美国,7.1,杀手之吻
1091,意大利,7.1,致命信条
1092,美国,7.1,紧急44分钟
1093,美国,7.1,红色角落
1094,德国,7.1,杀人是我的职业，亲爱的
1095,香港,7.1,三狼奇案
1096,英国,7.1,王牌罪犯
1097,法国,7.1,猎豹行动
1098,美国,7.1,警察学校3：初为人师
1099,印度 India,7.1,觅迹寻踪
1100,法国,7.1,史坦顿岛
1101,法国,7.1,疑云密布
1102,美国,7.1,粉红色杀人夜
1103,美国,7.1,炸弹之城
1104,美国,7.1,放电无罪
1105,香港,7.1,溶尸奇案
1106,英国,7.1,夜总会看门人
1107,美国,7.1,警察学校5：迈阿密之旅
1108,美国,7.1,迷幻牛郎
1109,英国,7.1,九擒九纵九基佬
1110,香港,7.1,特警急先锋
1111,美国,7.1,边城小镇
1112,美国,7.1,黑色电影
1113,德国,7.1,抗体
1114,波兰,7.1,华沙谍战
1115,美国,7.1,玩尽末世纪
1116,加拿大,7.1,死亡真相
1117,香港,7.1,城寨出来者
1118,美国,7.1,摩登原始人之摔跤赛攻击波
1119,美国,7.1,杀人拼图
1120,法国,7.1,黑衣新娘
1121,泰国,7.1,无声火
1122,英国,7.1,康沃尔谜案
1123,法国,7.1,情杀案中案
1124,巴拉圭,7.1,七个盒子
1125,法国,7.1,亡情朱古力
1126,美国,7.1,小教父
1127,美国,7.1,逃亡之路
1128,罗马尼亚,7.1,警察，形容词
1129,墨西哥,7.1,惊天动地抢人头
1130,美国,7.1,爱人谋杀
1131,美国,7.0,东方快车谋杀案
1132,英国,7.0,极盗车神
1133,中国大陆,7.0,暴雪将至
1134,美国,7.0,阅后即焚
1135,日本,7.0,狼狈
1136,中国大陆,7.0,惊天大逆转
1137,美国,7.0,屏住呼吸
1138,美国,7.0,恶老板
1139,美国,7.0,惊声尖叫
1140,日本,7.0,脑男
1141,美国,7.0,金钱世界
1142,加拿大,7.0,乱战
1143,美国,7.0,机动杀人
1144,美国,7.0,菠萝快车
1145,美国,7.0,玩尽杀绝
1146,美国,7.0,大买卖
1147,英国,7.0,潜伏者
1148,美国,7.0,自豪与荣耀
1149,韩国,7.0,神汉流氓
1150,比利时,7.0,阁楼
1129,墨西哥,7.1,惊天动地抢人头
1130,美国,7.1,爱人谋杀
1131,美国,7.0,东方快车谋杀案
1132,英国,7.0,极盗车神
1133,中国大陆,7.0,暴雪将至
1134,美国,7.0,阅后即焚
1135,日本,7.0,狼狈
1136,中国大陆,7.0,惊天大逆转
1137,美国,7.0,屏住呼吸
1138,美国,7.0,恶老板
1139,美国,7.0,惊声尖叫
1140,日本,7.0,脑男
1141,美国,7.0,金钱世界
1142,加拿大,7.0,乱战
1143,美国,7.0,机动杀人
1144,美国,7.0,菠萝快车
1145,美国,7.0,玩尽杀绝
1146,美国,7.0,大买卖
1147,英国,7.0,潜伏者
1148,美国,7.0,自豪与荣耀
1149,韩国,7.0,神汉流氓
1150,比利时,7.0,阁楼
1151,韩国,7.0,共谋者
1152,美国,7.0,好时光
1153,中国大陆,7.0,罪途1之死亡列车
1154,日本,7.0,白昼之雨
1155,美国,7.0,整九码
1156,法国,7.0,企业战士
1157,日本,7.0,卖梦的两人
1158,美国,7.0,现金
1159,日本,7.0,昭和64年 前篇
1160,美国,7.0,致命武器
1161,以色列,7.0,大坏狼
1162,美国,7.0,特工狂花
1163,韩国,7.0,头师父一体
1164,韩国,7.0,不汗党
1165,美国,7.0,追凶
1166,香港,7.0,乌鼠机密档案
1167,美国,7.0,致命武器2
1168,美国,7.0,阿帕鲁萨镇
1169,美国,7.0,半熟少年
1170,法国,7.0,挑逗性谋杀
1171,德国,7.0,办砸了
1172,英国,7.0,岁月无情
1173,英国,7.0,擒凶记
1174,美国,7.0,警察学校4：全民警察
1175,韩国,7.0,一级机密
1176,美国,7.0,午夜善恶花园
1177,美国,7.0,邮差总按两次铃
1178,美国,7.0,大巧局
1179,美国,7.0,死吻
1180,印度,7.0,雄狮
1181,韩国,7.0,苏格拉底先生
1182,中国大陆,7.0,我是好人
1183,香港,7.0,三五成群
1184,美国,7.0,正当防卫
1185,美国,7.0,破茧威龙
1186,日本,7.0,剪刀男
1187,美国,7.0,天堂有难
1188,日本,7.0,东京流浪汉
1189,英国,7.0,血色侦程：1983
1190,英国,7.0,破镜谋杀案
1191,澳大利亚,7.0,关键协议
1192,美国,7.0,斯慕奇之死
1193,日本,7.0,快乐的暴力团转地球
1194,荷兰,7.0,施耐德对决巴克斯
1195,美国,7.0,如履薄冰
1196,韩国,7.0,顾客是王
1197,日本,7.0,危险因素
1198,印度,7.0,三枪隐情
1199,芬兰,7.0,罪与罚
1200,美国,7.0,危险游戏
1201,中国大陆,7.0,井盖儿
1202,英国,7.0,巴尼·汤姆森传奇
1203,法国,7.0,游泳池
1204,菲律宾,7.0,基纳瑞
1205,中国大陆,6.9,唐人街探案2
1206,英国,6.9,007：大破天幕杀机
1207,英国,6.9,神探夏洛克：可恶的新娘
1208,中国大陆,6.9,寒战2
1209,法国,6.9,暴力街区
1210,法国,6.9,玩命快递3
1211,美国,6.9,尖峰时刻
1212,法国,6.9,致命黑兰
1213,中国大陆,6.9,神探亨特张
1214,香港,6.9,江湖
1215,香港,6.9,咖喱辣椒
1216,美国,6.9,德州电锯杀人狂
1217,美国,6.9,新抢钱夫妻
1218,法国,6.9,的士速递4
1219,美国,6.9,耐撕侦探
1220,美国,6.9,坏中尉
1221,中国大陆,6.9,提着心吊着胆
1222,韩国,6.9,野蛮师姐
1223,香港,6.9,力王
1224,香港,6.9,第一诫
1225,英国,6.9,迷幻
1226,法国,6.9,逃之夭夭
1227,美国,6.9,粉红豹2
1228,美国,6.9,银行匪帮
1229,美国,6.9,超完美谋杀案
1230,美国,6.9,松林外
1231,美国,6.9,五路追杀令
1232,韩国,6.9,蚯蚓
1233,法国,6.9,不朽
1234,美国,6.9,机器战警2
1235,美国,6.9,间谍游戏
1236,美国,6.9,蛇眼
1237,香港,6.9,龙的心
1238,美国,6.9,性本恶
1239,美国,6.9,墨西哥人
1240,加拿大,6.9,X档案：征服未来
1241,香港,6.9,重案组
1242,香港,6.9,超级计划
1243,美国,6.9,至暴之年
1244,香港,6.9,导火新闻线
1245,法国,6.9,潜龙轰天
1246,香港,6.9,江湖情
1247,美国,6.9,一酷到底
1248,美国,6.9,在魔鬼知道你死前
1249,美国,6.9,基地疑云
1250,英国,6.9,超时空来电
1251,美国,6.9,一级重罪
1252,澳大利亚,6.9,动物王国
1253,美国,6.9,加州杀手
1254,墨西哥,6.9,我呼吸的空气
1255,荷兰,6.9,神秘失踪
1256,香港,6.9,黑狱断肠歌之砌生猪肉
1257,美国,6.9,圣诞坏公公
1258,韩国,6.9,下女
1259,美国,6.9,勒索风云
1260,韩国,6.9,野兽之都
1261,法国,6.9,美国制造
1262,香港,6.9,蓝江传之反飞组风云
1263,英国,6.9,魔鬼营业员
1264,意大利,6.9,为父寻仇
1265,日本,6.9,继续 电影版：美丽梦想者
1266,美国,6.9,连锁阴谋
1267,法国,6.9,密码太保
1268,意大利,6.9,纽约王
1269,韩国,6.9,没好死
1270,香港,6.9,廉政第一击
1271,澳大利亚,6.9,小鱼
1272,美国,6.9,危险人物导演剪辑版
1273,香港,6.9,标错参
1274,新西兰,6.9,猪肉馅饼
1275,德国,6.9,单程杀机
1276,香港,6.9,天有眼
1277,香港,6.9,9413
1278,美国,6.9,天才宝贝
1279,英国,6.9,年轻姑娘
1280,美国,6.9,搭车人
1281,香港,6.9,伴我纵横
1282,印度,6.9,德里囧事
1283,美国,6.9,怪胎镇
1284,美国,6.9,蝙蝠侠大战急冻人
1285,中国大陆,6.8,伤城
1286,美国,6.8,极盗者
1287,中国大陆,6.8,男儿本色
1288,美国,6.8,决胜21点
1289,美国,6.8,怒火攻心2：高压电
1290,美国,6.8,背水一战
1291,美国,6.8,嗜血破晓
1292,美国,6.8,龙虎少年队
1293,美国,6.8,特工佳丽
1294,美国,6.8,龙虎少年队2
1295,美国,6.8,高楼大劫案
1296,美国,6.8,约会之夜
1297,香港,6.8,复仇
1298,泰国,6.8,13骇人游戏
1299,香港,6.8,一个好人
1300,日本,6.8,白金数据
1301,中国大陆,6.8,守望者：罪恶迷途
1302,美国,6.8,金钱怪兽
1303,韩国,6.8,杀人优越权
1304,美国,6.8,超级妈妈
1305,香港,6.8,龙在江湖
1306,美国,6.8,黑暗边缘
1307,法国,6.8,血溅13号警署
1308,英国,6.8,穿越西伯利亚
1309,香港,6.8,霹雳先锋
1310,日本,6.8,错乱的一代
1311,韩国,6.8,极秘搜查
1312,香港,6.8,侠盗高飞
1313,美国,6.8,致命玩笑
1314,美国,6.8,少女大盗
1315,美国,6.8,阿尔法狗
1316,英国,6.8,007之雷霆杀机
1317,美国,6.8,猛龙怪客
1318,美国,6.8,暗夜列车
1319,香港,6.8,无味神探
1320,美国,6.8,限时追捕
1321,美国,6.8,我为钱狂
1322,西班牙,6.8,控制的极限
1323,美国,6.8,蝙蝠侠：血脉恩仇
1324,香港,6.8,英雄好汉
1325,法国,6.8,夺面解码
1326,法国,6.8,猎物
1327,美国,6.8,芳心谋杀案
1328,美国,6.8,杀死信使
1329,韩国,6.8,六月日记
1330,匈牙利,6.8,逃离循环
1331,韩国,6.8,独家报道：良辰杀人记
1332,印度,6.8,新年行动
1333,法国,6.8,蛇蝎美人
1334,香港,6.8,横财三千万
1335,韩国,6.8,暴力圈
1336,中国大陆,6.8,扁担·姑娘
1337,英国,6.8,血色侦程：1974
1338,美国,6.8,美国牧歌
1339,美国,6.8,千钧一刻
1340,美国,6.8,非常时期
1341,美国,6.8,比佛利山超级警探
1342,日本,6.8,混沌凶机
1343,美国,6.8,绝对权力
1344,美国,6.8,终极尖兵
1345,美国,6.8,替天行道
1346,美国,6.8,斗牛士
1347,西班牙,6.8,愿上帝宽恕我们
1348,英国,6.8,标心者
1349,德国,6.8,真相大白
1350,美国,6.8,惊狂记
1351,韩国,6.8,蚀
1352,美国,6.8,杀了我吧
1353,美国,6.8,至尊神探
1354,加拿大,6.8,车祸惊魂
1355,美国,6.8,小公寓
1356,奥地利,6.8,狂鼠
1357,美国,6.8,孽欲杀人夜
1358,法国,6.8,不留痕迹
1359,美国,6.8,美国警官
1360,英国,6.8,血色侦程：1980
1361,美国,6.8,拨云见日
1362,丹麦,6.8,笼中女人
1363,香港,6.8,千王情人
1364,美国,6.8,赌城纵横
1365,美国,6.8,死亡约会
1366,美国,6.7,全民超人汉考克
1367,中国大陆,6.7,使徒行者
1368,法国,6.7,飓风营救2
1369,美国,6.7,美国骗局
1370,美国,6.7,霹雳娇娃
1371,美国,6.7,蝴蝶效应3：启示
1372,美国,6.7,尖峰时刻2
1373,美国,6.7,罪恶之城2
1374,法国,6.7,不可撤销
1375,美国,6.7,通勤营救
1376,美国,6.7,焦点
1377,香港,6.7,黑侠
1378,西班牙,6.7,深度谜案
1356,奥地利,6.8,狂鼠
1357,美国,6.8,孽欲杀人夜
1358,法国,6.8,不留痕迹
1359,美国,6.8,美国警官
1360,英国,6.8,血色侦程：1980
1361,美国,6.8,拨云见日
1362,丹麦,6.8,笼中女人
1363,香港,6.8,千王情人
1364,美国,6.8,赌城纵横
1365,美国,6.8,死亡约会
1366,美国,6.7,全民超人汉考克
1367,中国大陆,6.7,使徒行者
1368,法国,6.7,飓风营救2
1369,美国,6.7,美国骗局
1370,美国,6.7,霹雳娇娃
1371,美国,6.7,蝴蝶效应3：启示
1372,美国,6.7,尖峰时刻2
1373,美国,6.7,罪恶之城2
1374,法国,6.7,不可撤销
1375,美国,6.7,通勤营救
1376,美国,6.7,焦点
1377,香港,6.7,黑侠
1378,西班牙,6.7,深度谜案
1379,香港,6.7,全职杀手
1380,韩国,6.7,捉迷藏
1381,美国,6.7,暗夜逐仇
1382,日本,6.7,恋之罪
1383,香港,6.7,黑白道
1384,法国,6.7,侠盗魅影
1385,德国,6.7,夺金四贱客
1386,美国,6.7,碧海追踪
1387,法国,6.7,暗流2：末日天使
1388,美国,6.7,机器战警3
1389,美国,6.7,小心为上
1390,瑞典,6.7,玩火的女孩
1391,美国,6.7,狙击职业杀手
1392,美国,6.7,火线对峙
1393,香港,6.7,机动部队—警例
1394,香港,6.7,中国龙
1395,香港,6.7,关人七事
1396,美国,6.7,网络杀机
1397,法国,6.7,单刀直入
1398,德国,6.7,3096天
1399,美国,6.7,严肃的月光
1400,中国大陆,6.7,罪途2之救赎代价
1401,美国,6.7,双面特工
1402,中国大陆,6.7,罪途3之正义规则
1403,香港,6.7,老虎出更
1404,法国,6.7,多米诺
1405,韩国,6.7,家族荣誉4：家门的受难
1406,香港,6.7,五虎将之决裂
1407,香港,6.7,新最佳拍档
1408,韩国,6.7,侦探：开端
1409,香港,6.7,惊变
1410,德国,6.7,蛛丝马迹
1411,日本,6.7,日本最坏的家伙们
1412,香港,6.7,神算
1413,美国,6.7,烈血天空
1414,美国,6.7,蝙蝠侠：煤气灯下的哥谭
1415,加拿大,6.7,行骗天下
1416,美国,6.7,致命武器3
1417,美国,6.7,贝城歹徒
1418,美国,6.7,罗曼先生，你好
1419,英国,6.7,欲望和智慧
1420,美国,6.7,老大靠边闪2
1421,英国,6.7,不惜一切
1422,英国,6.7,蓝眼睛米奇
1423,日本,6.7,不公平 电影版
1424,韩国,6.7,消失的夜晚
1425,加拿大,6.7,黑金风暴
1426,美国,6.7,监视
1427,韩国,6.7,野兽
1428,中国大陆,6.7,命运速递
1429,韩国,6.7,鬼镜
1430,美国,6.7,凶手就在门外
1431,韩国,6.7,一条龙
1432,美国,6.7,终极悍将
1433,美国,6.7,网络上身
1434,美国,6.7,全面追捕令
1435,香港,6.7,狱中龙
1436,美国,6.7,血腥拼图
1437,韩国,6.7,谋杀快乐
1438,法国,6.7,末路狂澜
1439,美国,6.7,祖鲁
1440,韩国,6.7,危险的传言
1441,韩国,6.7,下流人生
1442,德国,6.7,强盗
1443,美国,6.7,诺贝尔赎金
1444,香港,6.7,皇家师姐4：直击证人
1445,美国,6.7,警察帝国
1446,法国,6.7,法国缉毒风云
1447,捷克,6.7,我是欧嘉
1448,韩国,6.7,普通人
1449,美国,6.7,救赎之路
1450,日本,6.7,猪鹿蝶
1451,香港,6.7,古惑大律师
1452,英国,6.7,约翰尼·韦弗利历险记
1453,美国,6.7,警察学校6：解救围城
1454,瑞典,6.7,不义之财
1455,丹麦 Denmark,6.7,野鸡杀手
1456,香港,6.7,发钱寒
1457,香港,6.7,夺舍
1458,加拿大,6.7,下意识的残忍
1459,香港,6.7,法中情
1460,中国大陆,6.7,轻松+愉快
1461,美国,6.7,这个杀手将有难
1462,德国,6.7,爷们
1463,冰岛,6.7,冰岛犯罪现场
1464,澳大利亚,6.7,拿错金盆洗错手
1465,美国,6.7,黎明时分
1466,法国,6.7,幽灵男孩
1467,美国,6.6,速度与激情3：东京漂移
1468,香港,6.6,夕阳天使
1469,中国大陆,6.6,黑处有什么
1470,美国,6.6,地铁惊魂
1471,香港,6.6,冲锋车
1472,美国,6.6,完美陌生人
1473,美国,6.6,辣手警花
1474,美国,6.6,反恐特警组
1475,美国,6.6,乌鸦
1476,香港,6.6,罪与罚
1477,美国,6.6,魔屋
1478,美国,6.6,杀手乔
1479,中国大陆,6.6,人山人海
1480,美国,6.6,日落之后
1481,韩国,6.6,神之一手
1482,台湾,6.6,火烧岛
1483,美国,6.6,神探南茜
1484,美国,6.6,美眉校探 电影版
1485,美国,6.6,44号孩子
1486,美国,6.6,与魔鬼同行
1487,香港,6.6,知法犯法
1488,韩国,6.6,朝鲜名侦探：高山乌头花的秘密
1489,加拿大,6.6,持枪流浪汉
1490,美国,6.6,爱国者游戏
1491,美国,6.6,终极密码战
1492,美国,6.6,越空狂龙
1493,英国,6.6,清道夫
1494,韩国,6.6,叛狱无间
1495,英国,6.6,布朗森
1496,美国,6.6,惊魂眼
1497,美国,6.6,千尸屋2
1498,美国,6.6,桃色追捕令
1499,法国,6.6,边域之城
1500,美国,6.6,如何抢银行
1501,美国,6.6,沉默生机
1502,香港,6.6,江湖龙虎斗
1503,韩国,6.6,愤怒的律师
1504,美国,6.6,偷心俏佳人
1505,美国,6.6,邻家女孩
1506,美国,6.6,幼儿园警探
1507,韩国,6.6,一定要抓住
1508,香港,6.6,灭门惨案2：借种
1509,韩国,6.6,真相
1510,美国,6.6,独行铁金刚
1511,韩国,6.6,汉城警事
1512,香港,6.6,神探朱古力
1513,美国,6.6,零号嫌疑犯
1514,韩国,6.6,钱袋
1515,中国,6.6,神秘的大佛
1516,英国,6.6,遥远的北方
1517,香港,6.6,忠义群英
1518,美国,6.6,变形黑侠
1519,美国,6.6,美国舞男
1520,英国,6.6,牙买加旅店
1521,美国,6.6,大雨成灾
1522,西班牙,6.6,性感野兽
1523,美国,6.6,比佛利山超级警探2
1524,香港,6.6,火舞风云
1525,美国,6.6,犹太毒贩
1526,韩国,6.6,伟大的族谱
1527,加拿大,6.6,我的女儿，我的天使
1528,美国,6.6,自由国度
1529,美国,6.6,凄艳断肠花
1530,瑞典,6.6,尼罗河的希尔顿事件
1531,香港,6.6,临歧
1532,印度,6.6,生死竞赛2
1533,法国,6.6,梦回玛丽莲
1534,法国,6.6,杀手一号
1535,香港,6.6,圣诞奇遇结良缘
1536,英国,6.6,条子家族的崩溃
1537,英国,6.6,黑帮生意
1538,英国,6.6,杀人如麻
1539,美国,6.5,惊天魔盗团2
1540,中国大陆,6.5,狄仁杰之神都龙王
1541,中国大陆,6.5,三岔口
1542,中国大陆,6.5,大事件
1543,美国,6.5,弯刀
1544,美国,6.5,霹雳娇娃2
1545,美国,6.5,黑色大丽花
1546,香港,6.5,暗战2
1547,美国,6.5,极限特工2
1548,香港,6.5,Laughing Gor之变节
1549,中国大陆,6.5,引爆者
1550,香港,6.5,黑白森林
1551,美国,6.5,伦敦大道
1552,美国,6.5,匪帮传奇
1553,美国,6.5,火线特攻
1554,法国,6.5,龙之吻
1555,韩国,6.5,公司职员
1556,美国,6.5,美国人
1557,美国,6.5,双龙出手
1558,法国,6.5,巴黎谍影
1559,美国,6.5,禁运品
1560,英国,6.5,传奇
1561,美国,6.5,惩罚者2：战争特区
1562,韩国,6.5,金融决战
1563,韩国,6.5,逃学威凤
1564,美国,6.5,街头之王
1565,韩国,6.5,共犯
1566,韩国,6.5,梨泰院杀人事件
1567,美国,6.5,黑暗乡村
1568,日本,6.5,恶魔蛙男
1569,美国,6.5,亨利的罪行
1570,美国,6.5,的士飚花
1571,美国,6.5,特警判官
1572,美国,6.5,隐形人
1573,香港,6.5,青苔
1574,英国,6.5,杀死汝伴
1575,美国,6.5,困斗99号囚室
1576,美国,6.5,欺诈圣手
1577,香港,6.5,龙腾四海
1578,泰国,6.5,死党
1579,香港,6.5,濠江风云
1580,美国,6.5,替身
1581,美国,6.5,我们拥有夜晚
1582,美国,6.5,扑克之夜
1583,比利时,6.5,无名女孩
1584,韩国,6.5,家族荣誉3：家门的复活
1585,香港,6.5,龙凤智多星
1586,香港,6.5,洗黑钱
1587,美国,6.5,好莱坞庄园
1588,美国,6.5,千钧一发
1589,美国,6.5,驯鹿游戏
1590,美国,6.5,法国贩毒网2
1591,澳大利亚,6.5,虚拟实惊
1592,法国,6.5,萨德侯爵
1593,中国大陆,6.5,警察日记
1594,日本,6.5,ATARU 电影版
1595,韩国,6.5,爱未知
1596,韩国,6.5,我们的社区
1597,英国,6.5,农家小屋
1598,英国,6.5,布赖顿硬糖
1599,美国,6.5,福尔摩斯：丝缠奇案
1600,香港,6.5,四大探长
1601,韩国,6.5,以牙还牙
1602,澳大利亚,6.5,凯利党
1603,美国,6.5,激情沸点
1604,香港,6.5,行规
1605,美国,6.5,惊魂骇魄
1606,美国,6.5,警界双雄
1584,韩国,6.5,家族荣誉3：家门的复活
1585,香港,6.5,龙凤智多星
1586,香港,6.5,洗黑钱
1587,美国,6.5,好莱坞庄园
1588,美国,6.5,千钧一发
1589,美国,6.5,驯鹿游戏
1590,美国,6.5,法国贩毒网2
1591,澳大利亚,6.5,虚拟实惊
1592,法国,6.5,萨德侯爵
1593,中国大陆,6.5,警察日记
1594,日本,6.5,ATARU 电影版
1595,韩国,6.5,爱未知
1596,韩国,6.5,我们的社区
1597,英国,6.5,农家小屋
1598,英国,6.5,布赖顿硬糖
1599,美国,6.5,福尔摩斯：丝缠奇案
1600,香港,6.5,四大探长
1601,韩国,6.5,以牙还牙
1602,澳大利亚,6.5,凯利党
1603,美国,6.5,激情沸点
1604,香港,6.5,行规
1605,美国,6.5,惊魂骇魄
1606,美国,6.5,警界双雄
1607,美国,6.5,养鬼吃人5
1608,美国,6.5,致命赌局
1609,美国,6.5,怒虎狂龙
1610,中国,6.5,蔓延
1611,美国,6.5,火线警告前传：萨姆的堕落
1612,美国,6.5,好胆别走
1613,英国,6.5,风流夜合花
1614,美国,6.5,警察学校7：进军莫斯科
1615,美国,6.5,龙年
1616,美国,6.5,致命人脉
1617,意大利,6.5,双重追击
1618,美国,6.5,复仇
1619,美国,6.5,缉毒特警
1620,美国,6.5,谍魂
1621,印度 India,6.5,火之通途
1622,美国,6.5,赌彩黑名单
1623,香港,6.5,旺角的天空
1624,中国大陆,6.4,嫌疑人X的献身
1625,中国大陆,6.4,狄仁杰之通天帝国
1626,美国,6.4,攻壳机动队
1627,香港,6.4,风暴
1628,中国大陆,6.4,消失的子弹
1629,中国大陆,6.4,拆弹专家
1630,中国大陆,6.4,痞子英雄之全面开战
1631,香港,6.4,逆战
1632,法国,6.4,飓风营救3
1633,中国大陆,6.4,非凡任务
1634,美国,6.4,华尔街：金钱永不眠
1635,英国,6.4,超脑48小时
1636,美国,6.4,尖峰时刻3
1637,美国,6.4,我唾弃你的坟墓
1638,美国,6.4,惊声尖叫2
1639,美国,6.4,黑色弥撒
1640,美国,6.4,惩罚者
1641,日本,6.4,变相黑侠
1642,美国,6.4,跨国银行
1643,美国,6.4,真情假爱
1644,美国,6.4,绝命反击
1645,美国,6.4,三日刺杀
1646,美国,6.4,玩叛游戏
1647,美国,6.4,蝙蝠侠：致命玩笑
1648,美国,6.4,夜色人生
1649,香港,6.4,赤裸羔羊
1650,香港,6.4,机动部队—绝路
1651,韩国,6.4,家族荣誉
1652,韩国,6.4,解冻
1653,韩国,6.4,平行理论
1654,美国,6.4,冰人
1655,美国,6.4,双面劫匪
1656,美国,6.4,失真的画
1657,美国,6.4,致命武器4
1658,香港,6.4,我在黑社会的日子
1659,美国,6.4,终极斗士
1660,德国,6.4,孤胆保镖
1661,美国,6.4,他们非圣人
1662,美国,6.4,国家保安
1663,台湾,6.4,人蛇大战
1664,香港,6.4,极度重犯
1665,美国,6.4,时空悍将
1666,韩国,6.4,影子杀人
1667,法国,6.4,至尊对决
1668,英国,6.4,血浓于罪
1669,美国,6.4,极速酷客
1670,美国,6.4,布偶大电影之最高通缉
1671,美国,6.4,猎捕游戏
1672,法国,6.4,OSS117之开罗谍影
1673,香港,6.4,龙之家族
1674,英国,6.4,生日女郎
1675,香港,6.4,极道追踪
1676,英国,6.4,三十九级台阶
1677,韩国,6.4,特别搜查：死囚来信
1678,美国,6.4,黑客
1679,香港,6.4,猎鹰计划
1680,日本,6.4,黑吻
1681,美国,6.4,潜行者
1682,香港,6.4,皇家女将
1683,美国,6.4,魔鬼交锋
1684,香港,6.4,城市特警
1685,丹麦,6.4,信仰的阴谋
1686,美国,6.4,罪人和圣人
1687,美国,6.4,午夜听众
1688,美国,6.4,双面女蝎星
1689,日本,6.4,另一个天空
1690,韩国,6.4,人民公敌3
1691,日本,6.4,接吻
1692,英国,6.4,激情意外
1693,美国,6.3,机械战警
1694,香港,6.3,金钱帝国
1695,中国大陆,6.3,破·局
1696,美国,6.3,人类清除计划2：无政府状态
1697,美国,6.3,帕克
1698,英国,6.3,特警判官
1699,美国,6.3,通灵神探
1700,美国,6.3,游侠
1701,法国,6.3,索多玛120天
1702,香港,6.3,绝色神偷
1703,美国,6.3,付出与收获
1704,香港,6.3,飞砂风中转
1705,韩国,6.3,高手们
1706,韩国,6.3,偷心贼
1707,美国,6.3,惊魂半小时
1708,香港,6.3,机动部队—同袍
1709,美国,6.3,行过死荫之地
1710,美国,6.3,逃出熔炉
1711,美国,6.3,恐怖解剖室
1712,香港,6.3,心魔
1713,美国,6.3,王牌大贱谍
1714,香港,6.3,江湖最后一个大佬
1715,香港,6.3,新家法
1716,美国,6.3,心中的杀手
1717,中国大陆,6.3,缉枪
1718,美国,6.3,危险藏匿
1719,美国,6.3,海豹六队：突袭奥萨马本拉登
1720,美国,6.3,整十码
1721,香港,6.3,战·鼓
1722,美国,6.3,战略高手
1723,美国,6.3,王牌大贱谍2
1724,韩国,6.3,无防备都市
1725,香港,6.3,庙街十二少
1726,英国,6.3,杀回归家路
1727,美国,6.3,曼哈顿夜曲
1728,香港,6.3,阳光警察
1729,美国,6.3,小鬼神偷
1730,美国,6.3,人质
1731,法国,6.3,弹窗惊魂
1732,英国,6.3,意外杀手
1733,加拿大,6.3,狂暴
1734,美国,6.3,红色警探
1735,美国,6.3,数字谋杀案
1736,美国,6.3,刹车
1737,美国,6.3,玩命警车
1738,香港,6.3,灭门惨案之孽杀
1739,美国,6.3,浪荡子
1740,美国,6.3,亡命之计
1741,香港,6.3,我是一个贼
1742,美国,6.3,浴血擒魔
1743,美国,6.3,乌鸦 2：天使之城
1744,韩国,6.3,借尸还魂
1745,阿根廷,6.3,谋杀论文
1746,波兰,6.3,糜骨之壤
1747,美国,6.3,虎口巡航
1748,美国,6.3,狗仔队
1749,中国大陆,6.3,预审
1750,美国,6.3,飞虎狂龙
1751,印度,6.3,通缉令
1752,美国,6.3,纽约小匪战黑帮
1753,日本,6.3,野良猫
1754,美国,6.3,绝命圣诞夜
1755,阿根廷,6.3,魂断布宜诺斯艾利斯
1756,美国,6.3,过境
1757,挪威,6.3,盗案
1758,美国,6.3,大学新生
1759,美国,6.3,第27章
1760,俄罗斯,6.3,倒计时
1761,美国,6.3,斯巴达人
1762,美国,6.2,自杀小队
1763,香港,6.2,窃听风云3
1764,美国,6.2,海扁王2
1765,美国,6.2,虎胆龙威5
1766,美国,6.2,家园防线
1767,英国,6.2,蜂鸟特攻
1768,中国大陆,6.2,玉观音
1769,法国,6.2,狼犬丹尼
1770,美国,6.2,午夜食人列车
1771,美国,6.2,百货战警
1772,美国,6.2,暂告安全
1773,美国,6.2,极速复仇
1774,美国,6.2,夺命手机
1775,美国,6.2,惊声尖叫3
1776,香港,6.2,扎职
1777,美国,6.2,神偷艳贼
1778,美国,6.2,特工佳丽2：武力巾帼
1779,香港,6.2,旺角监狱
1780,美国,6.2,九死
1781,美国,6.2,光灵
1782,香港,6.2,天行者
1783,美国,6.2,侦探拍档
1784,日本,6.2,逆转裁判
1785,美国,6.2,威震八方
1786,美国,6.2,龙潭虎穴
1787,香港,6.2,冲锋陷阵
1788,美国,6.2,一级戒备
1789,美国,6.2,王牌大贱谍3
1790,美国,6.2,凶案清理员
1791,美国,6.2,六颗子弹
1792,法国,6.2,绅士大盗
1793,美国,6.2,混合宿舍
1794,英国,6.2,畸形屋
1795,香港,6.2,夜叉
1796,日本,6.2,爱与诚
1797,德国,6.2,激情
1798,美国,6.2,高中学生会长暗杀事件
1799,美国,6.2,抢钱袋鼠
1800,日本,6.2,追忆
1801,中国大陆,6.2,倾城
1802,澳大利亚,6.2,沙海漂流人
1803,意大利,6.2,假日惊情
1804,美国,6.2,好莱坞重案组
1805,韩国,6.2,朝鲜名侦探：奴隶的女儿
1806,美国,6.2,偷来的人生
1807,美国,6.2,步步危机
1808,中国大陆,6.2,白粉妹
1809,日本,6.2,壁男
1810,阿根廷,6.2,犯罪家族
1811,香港,6.2,弱杀
1812,美国,6.2,黑帮第二代
1813,香港,6.2,尸妖
1814,美国,6.2,少年特工科迪2
1815,香港,6.2,7号差馆
1816,加拿大,6.2,凶邻
1817,英国,6.2,要命法则
1818,美国,6.2,骇杀边缘
1819,韩国,6.2,我是爸爸
1820,美国,6.2,边缘战士
1821,香港,6.2,孽欲追击档案之邪杀
1822,美国,6.2,少数派力量
1823,美国,6.2,小奸小恶
1824,美国,6.2,飞行物
1825,美国,6.2,比佛利山超级警探3
1826,香港,6.2,不死情谜
1827,韩国,6.2,公正社会
1828,英国,6.2,从足球流氓到黑帮崛起
1829,加拿大,6.2,好警察，坏警察
1830,美国,6.2,无法无天
1831,韩国,6.2,起爆
1832,中国大陆,6.1,我是证人
1833,中国大陆,6.1,心理罪之城市之光
1812,美国,6.2,黑帮第二代
1813,香港,6.2,尸妖
1814,美国,6.2,少年特工科迪2
1815,香港,6.2,7号差馆
1816,加拿大,6.2,凶邻
1817,英国,6.2,要命法则
1818,美国,6.2,骇杀边缘
1819,韩国,6.2,我是爸爸
1820,美国,6.2,边缘战士
1821,香港,6.2,孽欲追击档案之邪杀
1822,美国,6.2,少数派力量
1823,美国,6.2,小奸小恶
1824,美国,6.2,飞行物
1825,美国,6.2,比佛利山超级警探3
1826,香港,6.2,不死情谜
1827,韩国,6.2,公正社会
1828,英国,6.2,从足球流氓到黑帮崛起
1829,加拿大,6.2,好警察，坏警察
1830,美国,6.2,无法无天
1831,韩国,6.2,起爆
1832,中国大陆,6.1,我是证人
1833,中国大陆,6.1,心理罪之城市之光
1834,英国,6.1,伦敦陷落
1835,美国,6.1,侠探杰克
1836,中国大陆,6.1,圣诞玫瑰
1837,香港,6.1,变节：潜罪犯
1838,英国,6.1,玩命追踪
1839,美国,6.1,乌龙特工
1840,美国,6.1,赏金猎手
1841,美国,6.1,迷镇凶案
1842,美国,6.1,忍者刺客
1843,美国,6.1,我唾弃你的坟墓2
1844,美国,6.1,惊声尖叫4
1845,美国,6.1,幻影追凶
1846,美国,6.1,二流警探
1847,美国,6.1,蒸发的摩根夫妇
1848,美国,6.1,身份窃贼
1849,美国,6.1,死囚大逃杀
1850,美国,6.1,野蛮人
1851,香港,6.1,机动部队—人性
1852,英国,6.1,观光客
1853,美国,6.1,十二回合
1854,美国,6.1,单刀直入
1855,美国,6.1,小矮人
1856,香港,6.1,钮扣人
1857,美国,6.1,脱衣舞娘
1858,美国,6.1,合法入侵
1859,香港,6.1,威龙猛探
1860,美国,6.1,完美学分
1861,香港,6.1,黑白战场
1862,加拿大,6.1,少年特工科迪
1863,韩国,6.1,7号室
1864,美国,6.1,伪造者
1865,英国,6.1,危险辩护
1866,美国,6.1,真实故事
1867,美国,6.1,陷阱
1868,美国,6.1,置之死地而后生
1869,美国,6.1,七月寒潮
1870,美国,6.1,女神探沃莎斯基
1871,法国,6.1,罪爱
1872,香港,6.1,羔羊医生
1873,法国,6.1,突击
1874,俄罗斯,6.1,莫斯科大事件
1875,法国,6.1,换屋惊魂
1876,韩国,6.1,保安官
1877,美国,6.1,次日危机
1878,香港,6.1,冲击天子门生
1879,韩国,6.1,石雕宅邸杀人案
1880,中国大陆,6.1,特殊嫌疑犯
1881,美国,6.1,杀戮本性
1882,美国,6.1,旭日追凶
1883,香港,6.1,香港奇案
1884,美国,6.1,边缘战士
1885,美国,6.1,巡弋悍将
1886,香港,6.1,郎心如铁
1887,香港,6.0,赤道
1888,中国大陆,6.0,坏蛋必须死
1889,美国,6.0,冥界警局
1890,中国大陆,6.0,车手
1891,美国,6.0,侠探杰克：永不回头
1892,美国,6.0,劫案迷云
1893,美国,6.0,人类清除计划3
1894,台湾,6.0,甜蜜杀机
1895,香港,6.0,夺帅
1896,中国大陆,6.0,卧虎
1897,美国,6.0,温柔杀戮
1898,美国,6.0,亲密如贼
1899,美国,6.0,防火墙
1900,英国,6.0,危情24小时
1901,韩国,6.0,我的老婆是大佬2
1902,美国,6.0,车库惊魂
1903,韩国,6.0,蓝盐
1904,美国,6.0,五路追杀令2：刺客舞会
1905,英国,6.0,四三二一
1906,香港,6.0,机动部队—伙伴
1907,美国,6.0,死亡契约
1908,美国,6.0,犯罪大师
1909,韩国,6.0,杀人依赖
1910,中国,6.0,无形杀
1911,美国,6.0,出狱一团糟
1912,印度 Indian,6.0,无相劫
1913,英国,6.0,唐·海明威
1914,香港,6.0,流氓差婆
1915,英国,6.0,走火交易
1916,美国,6.0,压榨
1917,美国,6.0,绝对统治
1918,日本,6.0,魍魉之匣
1919,香港,6.0,醉马骝
1920,香港,6.0,黑豹天下
1921,香港,6.0,刀手
1922,美国,6.0,犯罪活动
1923,美国,6.0,米尼的第一次
1924,香港,6.0,黑猫
1925,英国,6.0,无法无天
1926,韩国,6.0,解决士
1927,美国,6.0,1922
1928,美国,6.0,低语
1929,香港,6.0,危险人物
1930,日本,6.0,指
1931,台湾,6.0,共犯
1932,日本,6.0,模仿犯
1933,美国,6.0,八毫米2
1934,美国,6.0,绝地双尊
1935,韩国,6.0,陷阱
1936,美国,6.0,七年风暴
1937,香港,6.0,刑警本色
1938,美国,6.0,极度冒险
1939,美国,6.0,超级骑警
1940,美国,6.0,红杏出墙
1941,中国大陆,5.9,三人行
1942,中国大陆,5.9,幕后玩家
1943,香港,5.9,魔警
1944,中国大陆,5.9,西风烈
1945,法国,5.9,玩命速递：重启之战
1946,美国,5.9,曼谷杀手
1947,香港,5.9,大搜查之女
1948,美国,5.9,代号47
1949,法国,5.9,强我
1950,香港,5.9,同门
1951,香港,5.9,悬赏
1952,美国,5.9,致命弯道3
1953,美国,5.9,致命罗密欧
1954,美国,5.9,绿色房间
1955,法国,5.9,诸神混乱之女神陷阱
1956,美国,5.9,死人的复仇
1957,韩国,5.9,一对一
1958,法国,5.9,夺命枪火
1959,澳大利亚,5.9,枪之子
1960,美国,5.9,暴力山谷
1961,美国,5.9,黑帮追缉令
1962,美国,5.9,飓风抢劫
1963,美国,5.9,足球流氓2
1964,美国,5.9,致命距离
1965,美国,5.9,电光火石
1966,韩国,5.9,坏血
1967,香港,5.9,贼王
1968,德国,5.9,悍将双雄
1969,美国,5.9,作秀时刻
1970,美国,5.9,遇见恶魔
1971,美国,5.9,雷诺911
1972,韩国,5.9,一路惊惶
1973,美国,5.9,奥提斯
1974,香港,5.9,孟波
1975,香港,5.8,神枪手
1976,中国大陆,5.8,巨额来电
1977,中国大陆,5.8,少年
1978,香港,5.8,迷途追凶
1979,美国,5.8,赤警威龙
1980,英国,5.8,双雄
1981,香港,5.8,选老顶
1982,美国,5.8,搭车人
1983,美国,5.8,雪盲
1984,法国,5.8,使命召唤
1985,英国,5.8,惊天绑架团
1986,香港,5.8,提防老千
1987,美国,5.8,我知道谁杀了我
1988,美国,5.8,我要当警察
1989,德国,5.8,合理怀疑
1990,韩国,5.8,沉默
1991,美国,5.8,致命邻居
1992,加拿大,5.8,甜心的报复
1993,美国,5.8,杀戮战警
1994,美国,5.8,复仇天使
1995,美国,5.8,正义守望者
1996,美国,5.8,汽车旅馆疯劫案
1997,韩国,5.8,危险的见面礼2
1998,香港,5.8,同囚
1999,美国,5.8,尸踪现场
2000,香港,5.8,正将
2001,俄罗斯,5.8,疾速行动
2002,香港,5.8,八宝奇兵
2003,美国,5.8,玉焰
2004,香港,5.8,全职大盗
2005,中国大陆,5.7,警察故事2013
2006,美国,5.7,青蜂侠
2007,法国,5.7,机械师2：复活
2008,美国,5.7,人类清除计划
2009,香港,5.7,B+侦探
2010,美国,5.7,狂暴飞车
2011,香港,5.7,控制
2012,美国,5.7,超胆侠
2013,中国大陆,5.7,冰河追凶
2014,美国,5.7,猫女
2015,香港,5.7,古镜怪谈
2016,美国,5.7,弯刀杀戮
2017,美国,5.7,非法入侵
2018,法国,5.7,唯神能恕
2019,香港,5.7,猛龙
2020,美国,5.7,红色警戒999
2021,美国,5.7,历劫俏佳人
2022,美国,5.7,替身杀手
2023,韩国,5.7,隐秘的诱惑
2024,日本,5.7,异常
2025,美国,5.7,无人之子
2026,香港,5.7,偷窥无罪
2027,美国,5.7,杀人狂魔
2028,澳大利亚,5.7,诊所惊魂
2029,日本,5.7,七金刚
2030,日本,5.7,通往死刑台的电梯
2031,美国,5.7,代号：杀手
2032,德国,5.7,盗潜黄金城
2033,法国,5.7,原始轮回
2034,香港,5.7,化骨龙与千年虫
2035,美国,5.7,玩尽杀绝4：四人组
2036,香港,5.7,血恋
2037,香港,5.7,借兵
2038,美国,5.7,嗜血狂魔
2039,印度,5.7,宝贝
2040,美国,5.7,狙击杀手
2041,美国,5.7,堡垒
2042,韩国,5.7,特别搜查总部
2043,美国,5.7,黑疯婆子闹监狱
2044,台湾,5.7,生死对决
2045,韩国,5.7,我的恐怖女友
2046,美国,5.7,犯罪精英
2047,中国大陆,5.7,监禁风暴
2048,美国,5.7,杀人命盘
2049,美国,5.7,赌世至尊
2050,德国,5.7,火线战将
2051,中国大陆,5.6,危城
2052,美国,5.6,本能2
2053,美国,5.6,迈阿密风云
2054,美国,5.6,破坏者
2055,美国,5.6,激战运钞车
2056,香港,5.6,神枪手与智多星
2057,泰国,5.6,疯魔美女
2058,美国,5.6,驱魔警探
2059,美国,5.6,破碎之城
2060,美国,5.6,囚禁
2061,美国,5.6,亚历克斯·克洛斯
2039,印度,5.7,宝贝
2040,美国,5.7,狙击杀手
2041,美国,5.7,堡垒
2042,韩国,5.7,特别搜查总部
2043,美国,5.7,黑疯婆子闹监狱
2044,台湾,5.7,生死对决
2045,韩国,5.7,我的恐怖女友
2046,美国,5.7,犯罪精英
2047,中国大陆,5.7,监禁风暴
2048,美国,5.7,杀人命盘
2049,美国,5.7,赌世至尊
2050,德国,5.7,火线战将
2051,中国大陆,5.6,危城
2052,美国,5.6,本能2
2053,美国,5.6,迈阿密风云
2054,美国,5.6,破坏者
2055,美国,5.6,激战运钞车
2056,香港,5.6,神枪手与智多星
2057,泰国,5.6,疯魔美女
2058,美国,5.6,驱魔警探
2059,美国,5.6,破碎之城
2060,美国,5.6,囚禁
2061,美国,5.6,亚历克斯·克洛斯
2062,法国,5.6,钻石13
2063,美国,5.6,偏执
2064,香港,5.6,阿孖有难
2065,美国,5.6,外来者
2066,香港,5.6,变脸迷情
2067,日本,5.6,多襄丸
2068,泰国,5.6,忍者2：撕裂的暗影
2069,韩国,5.6,僵尸刑警
2070,日本,5.6,如龙电影版
2071,美国,5.6,期限人生
2072,中国大陆,5.6,古宝奇缘
2073,美国,5.6,一种谋杀
2074,美国,5.6,被迫杀人
2075,韩国,5.6,头师父一体3
2076,英国,5.6,最后的空降兵
2077,法国,5.6,魅影追击
2078,澳大利亚,5.6,爱的猎犬
2079,中国大陆,5.5,谜城
2080,香港,5.5,反贪风暴
2081,中国大陆,5.5,捉迷藏
2082,美国,5.5,马克思·佩恩
2083,美国,5.5,春假
2084,香港,5.5,潜龙风云
2085,西班牙,5.5,回溯迷踪
2086,泰国,5.5,冬荫功2：拳霸天下
2087,俄罗斯,5.5,超能游戏者
2088,日本,5.5,拂晓之街
2089,韩国,5.5,IRIS电影版
2090,香港,5.5,命运派对
2091,英国,5.5,除暴安良
2092,香港,5.5,贼公子
2093,美国,5.5,不眠夜
2094,美国,5.5,侦探马龙
2095,美国,5.5,七秒钟
2096,韩国,5.5,屠夫小姐
2097,美国,5.5,埃迪森
2098,美国,5.5,危险行为
2099,日本,5.5,手机男友
2100,巴西,5.5,突击中央银行
2101,美国,5.5,犯罪生活
2102,中国大陆,5.5,谜证
2103,德国,5.5,黑狱风云
2104,美国,5.5,美国杀人魔2
2105,美国,5.5,卧底学园
2106,意大利,5.5,布达佩斯小酒馆
2107,中国大陆,5.4,痞子英雄2：黎明升起
2108,中国大陆,5.4,倔强萝卜
2109,中国大陆,5.4,太极侠
2110,美国,5.4,粉红色的火烈鸟
2111,美国,5.4,闪灵侠
2112,美国,5.4,火线反攻
2113,加拿大,5.4,掠夺者
2114,美国,5.4,反恐特警组：火速救援
2115,美国,5.4,女子大乱斗
2116,美国,5.4,死亡幻觉2
2117,香港,5.4,强奸2：制服诱惑
2118,美国,5.4,人皮交易
2119,韩国,5.4,玩物
2120,美国,5.4,购物惊魂记
2121,美国,5.4,信任
2122,美国,5.4,我怒了
2123,美国,5.4,王牌保安
2124,香港,5.4,青龙复仇
2125,英国,5.4,罪恶赎金
2126,美国,5.4,致命玩笑3
2127,香港,5.4,人在江湖
2128,美国,5.4,人质
2129,美国,5.4,魔鬼绳结
2130,法国,5.4,超级特工
2131,韩国,5.4,两个男人
2132,日本,5.4,不能犯
2133,英国,5.4,非请勿进
2134,美国,5.4,边陲
2135,美国,5.4,女巫布莱尔2：影子之书
2136,中国大陆,5.3,反贪风暴2
2137,美国,5.3,怒火保镖
2138,韩国,5.3,胡狼来了
2139,美国,5.3,我唾弃你的坟墓3：复仇在我
2140,韩国,5.3,为了皇帝
2141,中国大陆,5.3,杀无赦I入局
2142,美国,5.3,字母杀手
2143,英国,5.3,奇机少年
2144,日本,5.3,剧场版MOZU
2145,台湾,5.3,角头
2146,台湾,5.3,黑白
2147,台湾,5.3,鱼狗
2148,英国,5.3,猛虎之家
2149,中国大陆,5.2,密室之不可靠岸
2150,加拿大,5.2,天启四骑士
2151,香港,5.2,阿嫂
2152,美国,5.2,逆转王牌
2153,美国,5.2,24小时：末路重生
2154,中国大陆,5.2,盲·道
2155,美国,5.2,绝对控制
2156,美国,5.2,线人
2157,日本,5.2,星笼之海
2158,美国,5.2,金钱第一
2159,加拿大,5.2,珍宝大战
2160,美国,5.2,射杀
2161,美国,5.2,记忆迷局
2162,香港,5.2,邪教档案之末日风暴
2163,美国,5.2,近距离
2164,台湾,5.2,迷你特攻队
2165,美国,5.2,保镖
2166,美国,5.2,自由职业者
2167,美国,5.1,珠光宝气
2168,台湾,5.1,绝命派对
2169,美国,5.1,黑金杀机
2170,香港,5.1,常在你左右
2171,英国,5.1,雪人
2172,美国,5.1,愤怒乒乓球
2173,美国,5.1,街头霸王
2174,墨西哥,5.1,国境边界
2175,美国,5.1,德州杀场
2176,美国,5.1,王蛇帝国
2177,日本,5.1,S-最后的警官：夺还
2178,美国,5.1,乌龙保镖
2179,美国,5.1,包裹男人
2180,日本,5.1,审判 真人版
2181,美国,5.1,吊人游戏
2182,中国大陆,5.0,心理罪
2183,中国大陆,5.0,绑架者
2184,中国大陆,5.0,毒。诫
2185,香港,5.0,狂兽
2186,中国大陆,5.0,制服
2187,日本,5.0,机关枪少女
2188,美国,5.0,托卡列夫
2189,美国,5.0,逃脱
2190,香港,5.0,特区爱奴
2191,中国,5.0,5颗子弹
2192,美国,5.0,爪哇火线
2193,美国,5.0,野马
2194,加拿大,5.0,金发尤物
2195,加拿大,5.0,暴走辣妹
2196,香港,4.9,同谋
2197,中国大陆,4.9,神秘家族
2198,中国大陆,4.9,枪过境
2199,美国,4.9,假小子
2200,美国,4.9,狗咬狗
2201,美国,4.9,空尖弹
2202,日本,4.9,裸体之夜：掠夺狂爱
2203,中国大陆,4.8,消失的凶手
2204,日本,4.8,死亡笔记：点亮新世界
2205,俄罗斯,4.8,超能游戏者2
2206,韩国,4.8,我的亲密敌人
2207,韩国,4.8,美玉
2208,日本,4.8,斑马
2209,日本,4.8,刺青
2210,美国,4.8,复仇死循环
2211,中国大陆,4.7,黑白迷宫
2212,中国大陆,4.7,低压槽：欲望之城
2213,香港,4.7,原始武器
2214,美国,4.7,死亡阴影
2215,中国大陆,4.7,破局
2216,中国大陆,4.7,杀无赦II逃亡之路
2217,美国,4.7,危机七分钟
2218,美国,4.7,地下室
2219,中国大陆,4.6,不二神探
2220,中国大陆,4.6,一场风花雪月的事
2221,美国,4.6,迷局
2222,中国大陆,4.6,夜色撩人
2223,中国大陆,4.6,不速之客
2224,香港,4.6,有只僵尸暗恋你
2225,美国,4.6,帝国
2226,加拿大,4.5,街头霸王: 春丽传奇
2227,中国大陆,4.5,真相禁区
2228,中国大陆,4.5,这就是命
2229,美国,4.5,第44条军规
2230,香港,4.5,森冤
2231,中国大陆,4.4,你在哪
2232,香港,4.3,追凶
2233,香港,4.3,心战
2234,美国,4.3,纽约行动
2235,英国,4.3,双重身份
2236,法国,4.3,猎人游戏
2237,中国大陆,4.3,牛胆神偷
2238,中国大陆,4.3,杀无赦III背水一战
2239,美国,4.3,暴力执法
2240,美国,4.3,屠杀公园
2241,中国大陆,4.2,猎仇者
2242,中国大陆,4.2,别有动机
2243,中国大陆,4.2,冒牌卧底
2244,中国大陆,4.2,狙击时刻
2245,中国大陆,4.2,绝对底线
2246,美国,4.1,死亡笔记
2247,中国大陆,4.1,疯狂的蠢贼
2248,香港,4.1,冲锋战警
2249,香港,4.1,第七谎言
2250,中国大陆,4.0,惊天破
2251,美国,4.0,骇客交锋
2252,中国大陆,4.0,站住！别跑！
2253,美国,4.0,黑色大丽花
2254,美国,4.0,死囚大逃杀2
2255,中国大陆,3.9,特殊身份
2256,香港,3.9,古惑仔：江湖新秩序
2257,中国大陆,3.9,回马枪
2258,中国大陆,3.7,借眼
2259,中国大陆,3.6,悬战
2260,中国大陆,3.5,死亡邮件
2261,中国大陆,3.5,极致追击
2262,日本,3.5,电锯少女血肉之华
2263,香港,3.4,大嫂
2264,中国大陆,3.4,呆呆计划
2265,中国大陆,3.3,西北风云
2266,中国大陆,3.2,抢红
2267,泰国,3.2,玩命狙击
2268,中国大陆,3.1,十二星座离奇事件
2269,中国大陆,3.1,终极硬汉
2270,台湾,3.1,神探·李奥
2271,香港,3.0,江湖有道
2272,中国大陆,2.7,闪魂
2273,中国大陆,2.7,危情营救
2274,中国大陆,2.7,地域无门
2275,中国大陆,2.7,恐怖爱情故事之死亡公路
2276,中国大陆,2.4,水落石出
2277,中国大陆,2.4,越位者
