1,日本,9.7,久石让在武道馆：与宫崎骏动画一同走过的25年
2,英国,9.7,地球脉动2：奇迹世界
3,日本,9.6,人生果实
4,日本,9.6,岚：15周年的告白
5,英国,9.6,无路可逃：一部关于模糊乐队的电影
6,美国,9.6,创造“哈利·波特”的世界：魔法开始
7,英国,9.6,神秘博士：DT的视频日志：最后的日子
8,美国,9.6,创造“哈利·波特”的世界：音乐
9,美国,9.6,创造哈利·波特的世界：成长
10,加拿大,9.6,周游加拿大
11,USA,9.6,霍洛维茨在莫斯科
12,中国大陆,9.5,三十二
13,南非,9.5,可爱的动物
14,美国,9.5,豪斯医生完季特别篇：天鹅挽歌
15,日本,9.5,银魂剧场版 银幕前夜祭2013
16,美国,9.5,史蒂夫·乔布斯：遗失的访谈
17,美国,9.5,危险之旅：短片
18,南非,9.5,花豹女王
19,日本,9.5,井上雄彦 最后的漫画展
20,英国,9.5,俄国人生七年1
21,英国,9.5,时空冒险
22,英国,9.5,旅行者号：冲出太阳系
23,日本,9.5,秋日长夜的海女演奏会～大友良英和伙伴们的大音乐会
24,法国,9.5,里赫特：谜
25,英国,9.5,俄国人生七年2
26,英国,9.4,地球
27,德国,9.4,德国，一个夏天的童话
28,台湾,9.4,摇滚本事
29,中国大陆,9.4,平衡
30,台湾,9.4,被遗忘的时光
31,日本,9.4,猫咪物语3
32,美国,9.4,绝不折中：绝命毒师最终季制作记录
33,香港,9.4,集体回忆 - 张国荣
34,日本,9.4,情熱大陸900回記念放送～羽生結弦篇
35,英国,9.4,北极熊：冰上侦探
36,中国大陆,9.4,云南映象
37,英国,9.4,模糊乐队：新世界大厦
38,英国,9.4,星形
39,英国,9.4,一点双人秀：十五年后重聚首
40,美国,9.3,海豚湾
41,美国,9.3,旅行到宇宙边缘
42,英国,9.3,人生七年8
43,美国,9.3,地球公民
44,澳洲,9.3,我和世界不一样
45,英国,9.3,人生七年4
46,日本,9.3,猫咪物语4
47,日本,9.3,银魂樱祭2011（假）
48,英国,9.3,人生七年5
49,英国,9.3,人生七年6
50,日本,9.3,敦煌莫高窟 美の全貌·上篇·重现大唐帝国的辉煌
51,日本,9.3,登天之路：西藏开山大运输
52,日本,9.3,猫咪物语5
53,日本,9.3,蒙古草原，天气晴
54,日本,9.3,敦煌莫高窟 美の全貌·下篇·千年祈祷的殿堂
55,台湾,9.3,听‧见 林俊杰
56,英国,9.3,人体奥妙之细胞的暗战
57,英国,9.3,帝企鹅宝宝的生命轮回之旅
58,英国,9.3,Oasis:Definitely Maybe
59,中国大陆,9.3,囚
60,德国,9.3,温布利：足球回家
61,英国,9.3,戏里戏外的大侦探波罗
62,美国,9.3,绅士流浪汉
63,美国,9.3,The Work of Director Michel Gondry
64,中国大陆,9.2,穹顶之下
65,法国,9.2,家园
66,中国大陆,9.2,大同
67,法国,9.2,地球之盐
68,法国,9.2,抢救切尔诺贝利
69,台湾,9.2,冲天
70,英国,9.2,蒙哥
71,日本,9.2,猫咪物语2
72,中国大陆,9.2,乡村里的中国
73,英国,9.2,永远的车神
74,美国,9.2,最后的狮子
75,英国,9.2,人生七年2
76,美国,9.2,伍德斯托克音乐节1969
77,英国,9.2,人生七年3
78,美国,9.2,人体内旅行
79,英国,9.2,如何死亡：西蒙的抉择
80,台湾,9.2,遥远星球的孩子
81,美国,9.2,维多利亚的秘密2005时装秀
82,芬兰,9.2,冰山的阴影
83,英国,9.2,我心不老
84,英国,9.2,地球生灵
85,英国,9.2,生命循环：奇异的腐烂科学
86,英国,9.2,万物与虚无
87,中国大陆,9.2,月亮熊
88,韩国,9.2,共犯者们
89,英国,9.2,大卫·鲍伊：五年
90,德国,9.2,神话的森林
91,日本,9.2,情热大陆  长濑智也篇
92,英国,9.2,子宫日记：动物篇
93,日本,9.2,映像诗：日本里山神秘水上花园
94,英国,9.2,伊万·麦格雷戈探访野生北极熊
95,日本,9.2,职业人的作风：狂言师野村万斋
96,美国,9.2,飙25
97,英国,9.2,平克弗洛伊德音乐传记.月之阴暗面
98,法国,9.1,迁徙的鸟
99,英国,9.1,寻找小糖人
100,英国,9.1,哈利·波特系列的50个精彩瞬间
91,日本,9.2,情热大陆  长濑智也篇
92,英国,9.2,子宫日记：动物篇
93,日本,9.2,映像诗：日本里山神秘水上花园
94,英国,9.2,伊万·麦格雷戈探访野生北极熊
95,日本,9.2,职业人的作风：狂言师野村万斋
96,美国,9.2,飙25
97,英国,9.2,平克弗洛伊德音乐传记.月之阴暗面
98,法国,9.1,迁徙的鸟
99,英国,9.1,寻找小糖人
100,英国,9.1,哈利·波特系列的50个精彩瞬间
101,美国,9.1,天地玄黄
102,法国,9.1,脸庞，村庄
103,法国,9.1,微观世界
104,日本,9.1,含泪活着
105,美国,9.1,我们都为比尔着盛装
106,冰岛,9.1,听风的歌
107,美国,9.1,互联网之子
108,美国,9.1,车轮不息
109,美国,9.1,攀登梅鲁峰
110,德国,9.1,乐士浮生录
111,日本,9.1,不了神话 宫崎骏
112,加拿大,9.1,独立游戏大电影
113,英国,9.1,深蓝
114,英国,9.1,人生七年7
115,英国,9.1,神秘的混沌理论
116,美国,9.1,科比的缪斯
117,日本,9.1,我们是X
118,加拿大,9.1,金属精神
119,日本,9.1,情热大陆 堺雅人篇
120,日本,9.1,情热大陆 生田斗真篇
121,中国大陆,9.1,靖大爷和他的老主顾们
122,日本,9.1,漫画家井上雄彦创作的秘密
123,英国,9.1,迪兰·莫兰：喜之所有
124,英国,9.1,超音速
125,加拿大,9.1,鲨鱼海洋
126,美国,9.1,红色翅膀：火烈鸟故事
127,英国,9.1,合成器英伦
128,美国,9.1,乔治·哈里森：活在物质世界
129,英国,9.1,随他去吧
130,美国,9.1,孤身绝壁
131,英国,9.1,迷墙
132,英国,9.1,费马大定理
133,英国,9.1,恒星七纪
134,日本,9.1,东京：不死鸟都市的百年春秋
135,中国大陆,9.1,泳者孙杨
136,美国,9.1,演员工作室：柯林·菲尔斯
137,英国,9.1,主佑我前行
138,韩国,9.1,The Day
139,美国,9.1,贝聿铭的光影传奇 伊斯兰博物馆
140,英国,9.1,观看之道
141,美国,9.1,探索频道：生命的速度
142,中国大陆,9.1,颐和园
143,法国,9.0,海洋
144,美国,9.0,轮回
145,日本,9.0,猫咪物语
146,韩国,9.0,亲爱的，不要跨过那条江
147,美国,9.0,北极故事
148,美国,9.0,约翰·列侬的理想世界
149,瑞士,9.0,战地摄影师
150,美国,9.0,非洲猫科
151,英国,9.0,看不见的战争
152,美国,9.0,里奥纳德·科恩：我是你的男人
153,德国,9.0,奥林匹亚1：民族的节日
154,加拿大,9.0,重金属之旅
155,中国大陆,9.0,犴达罕
156,英国,9.0,狗的秘密生活
157,英国,9.0,特里·普拉切特：选择死亡
158,美国,9.0,维多利亚的秘密2006时装秀
159,Czechoslovakia,9.0,旧世界群像
160,德国,9.0,四星之路
161,德国,9.0,奥林匹亚2：美的祭典
162,美国,9.0,圣经上这么说
163,美国,9.0,李小龙：勇士的旅程
164,美国,9.0,直到光芒把我们带走
165,美国,9.0,特斯拉：闪电的主人
166,英国,9.0,最后的黑胶唱片店
167,美国,9.0,魔兽世界：寻求组队
168,美国,9.0,摇滚乐的历史第三集
169,法国,9.0,一路平安
170,美国,9.0,马丁·斯科塞斯的美国电影之旅
171,日本,9.0,绫濑遥倾听战争 从地图上消失的秘密岛屿
172,美国,9.0,我自己的瑞凡
173,美国,9.0,摇滚乐的历史第六集
174,日本,9.0,纪实72小时 城市不眠的动物医院
175,美国,9.0,让我们一起迷失
176,日本,9.0,情热大陆 成宫宽贵篇
177,英国,9.0,纯种狗的悲哀
178,意大利,9.0,我的意大利之旅
179,中国大陆,8.9,算命
180,香港,8.9,音乐人生
181,苏联,8.9,持摄影机的人
182,加拿大,8.9,山地自行车之旅
183,台湾,8.9,不老骑士：欧兜迈环台日记
184,法国,8.9,最后的猎人
185,美国,8.9,皮克斯的故事
186,日本,8.9,借东西的小人阿莉埃蒂：创作的秘密
187,加拿大,8.9,新浪漫主义：李云迪传
188,中国大陆,8.9,姑奶奶
189,日本,8.9,南美玻利维亚乌尤尼盐原纪行
190,台湾,8.9,乘着光影旅行——李屏宾的摄影人生
191,日本,8.9,福原爱：镜头下的四分之一个世纪
192,美国,8.9,制作《社交网络》
193,法国,8.9,毕加索的秘密
194,台湾,8.9,他们在岛屿写作：化城再来人
186,日本,8.9,借东西的小人阿莉埃蒂：创作的秘密
187,加拿大,8.9,新浪漫主义：李云迪传
188,中国大陆,8.9,姑奶奶
189,日本,8.9,南美玻利维亚乌尤尼盐原纪行
190,台湾,8.9,乘着光影旅行——李屏宾的摄影人生
191,日本,8.9,福原爱：镜头下的四分之一个世纪
192,美国,8.9,制作《社交网络》
193,法国,8.9,毕加索的秘密
194,台湾,8.9,他们在岛屿写作：化城再来人
195,中国大陆,8.9,玄奘大师
196,美国,8.9,起点
197,挪威,8.9,双胞胎姐妹
198,英国,8.9,欢乐分裂
199,荷兰,8.9,永远
200,德国,8.9,克努特和它的朋友们
201,美国,8.9,审判八号提案
202,英国,8.9,石玫瑰再临
203,日本,8.9,坂本龙一：终曲
204,美国,8.9,风华再现
205,中国大陆,8.9,大路朝天
206,台湾,8.9,伟忠妈妈的眷村
207,法国,8.9,浩劫
208,香港,8.9,十日谈
209,美国,8.9,子宫日记：多胞胎
210,美国,8.9,中国之抗战
211,美国,8.9,追逐珊瑚
212,美国,8.9,粒子狂热
213,日本,8.9,情热大陆 东出昌大篇
214,冰岛,8.9,尖叫的经典
215,法国,8.9,东京旋律：一部关于坂本龙一的电影
216,日本,8.9,同声传译员：长井鞠子
217,中国大陆,8.9,出路
218,中国大陆,8.9,逆
219,中国台湾,8.9,11号产房
220,美国,8.9,帕蒂·史密斯：生命梦想
221,美国,8.9,林璎：强烈而清晰的洞察力
222,美国,8.9,教父家族
223,美国,8.9,卓别林的艺界人生
224,美国,8.9,说唱乐的艺术
225,英国,8.9,德国前卫摇滚：重生的德国
226,中国大陆,8.8,二十二
227,美国,8.8,浮生一日
228,美国,8.8,再见，我的新郎
229,英国,8.8,印度的女儿
230,法国,8.8,人类
231,美国,8.8,医疗内幕
232,美国,8.8,小小摄影师的异想世界
233,美国,8.8,林来疯
234,法国,8.8,阳光宝贝
235,美国,8.8,嘎嘎：五尺二寸
236,中国大陆,8.8,在一起
237,美国,8.8,从毛泽东到莫扎特
238,美国,8.8,熊世界
239,美国,8.8,电影剪接的魔力
240,美国,8.8,时代精神
241,台湾,8.8,16天
242,英国,8.8,92班
243,法国,8.8,阿涅斯的海滩
244,美国,8.8,我的建筑师：寻父之旅
245,美国,8.8,吉他英雄
246,英国,8.8,没有方向的家
247,(U.S.,8.8,极限乔丹
248,美国,8.8,中国革命：1911年至1949年
249,美国,8.8,180°以南
250,美国,8.8,黑猩猩
251,法国,8.8,拾穗者
252,美国,8.8,洪水泛滥之前
253,日本,8.8,起风了：1000日的创作记录
254,美国,8.8,美国大师系列之伍迪·艾伦
255,美国,8.8,海底世界3D
256,美国,8.8,8号提案
257,日本,8.8,AKB48心程纪实1：十年后回看今天
258,日本,8.8,AKB48心程纪实2：受伤过后再追梦
259,美国,8.8,寻找隐秘的维度
260,加拿大,8.8,环球重金属之旅
261,英国,8.8,魔法王国
262,美国,8.8,休·劳瑞的蓝调朝圣之旅
263,中国大陆,8.8,垃圾围城
264,美国,8.8,约翰·纳什：伟大的疯狂
265,美国,8.8,最后华尔兹
266,日本,8.8,乃木坂46纪录片：忘记悲伤的方法
267,美国,8.8,珊瑚礁
268,意大利,8.8,托斯卡纳的天空
269,波兰,8.8,基耶斯洛夫斯基如是说
270,西班牙,8.8,巴萨之梦
271,英国,8.8,世界上最大的鲜花市场
272,奥地利,8.8,象牙游戏
273,美国,8.8,雕塑小姐
274,英国,8.8,海龟奇妙之旅
275,日本,8.8,情热大陆 杏篇
276,英国,8.8,躁郁症的那点事
277,爱尔兰,8.8,最远的地方
278,德国,8.8,克林斯曼纪录片：从面包房青年到国家队主教练
279,美国,8.7,寿司之神
280,美国,8.7,就是这样
281,美国,8.7,监守自盗
282,中国大陆,8.7,幼儿园
283,美国,8.7,难以忽视的真相
284,香港,8.7,摄氏零度·春光再现
285,以色列,8.7,和巴什尔跳华尔兹
286,新西兰,8.7,时间的风景
287,中国大陆,8.7,生门
288,美国,8.7,寻找薇薇安·迈尔
280,美国,8.7,就是这样
281,美国,8.7,监守自盗
282,中国大陆,8.7,幼儿园
283,美国,8.7,难以忽视的真相
284,香港,8.7,摄氏零度·春光再现
285,以色列,8.7,和巴什尔跳华尔兹
286,新西兰,8.7,时间的风景
287,中国大陆,8.7,生门
288,美国,8.7,寻找薇薇安·迈尔
289,德国,8.7,皮娜
290,中国大陆,8.7,大明宫
291,美国,8.7,尘与雪
292,美国,8.7,在世界尽头相遇
293,英国,8.7,愚昧年代
294,美国,8.7,玛丽娜·阿布拉莫维奇：艺术家在场
295,美国,8.7,心竞技
296,日本,8.7,梦与狂想的王国
297,英国,8.7,冰峰168小时
298,美国,8.7,佐杜洛夫斯基的沙丘
299,美国,8.7,飞翔的艺术
300,法国,8.7,白色星球
301,英国,8.7,传奇字体
302,香港,8.7,张纯如——南京大屠杀
303,美国,8.7,镜头里的人生：肖像摄影大师安妮·莱博维茨
304,英国,8.7,戴安娜：她的自述
305,日本,8.7,731部队的真相：精英“医者”与人体试验
306,美国,8.7,逐冰之旅
307,瑞典,8.7,打扰伯格曼
308,日本,8.7,日本列岛 动物物语
309,英国,8.7,披头士·时光印记
310,韩国,8.7,牛铃之声
311,日本,8.7,青年以荒野为目标
312,美国,8.7,阿尔法围棋
313,美国,8.7,戴安娜·弗里兰:眼睛要旅行
314,德国,8.7,快乐的人们
315,美国,8.7,星期六的地图
316,香港,8.7,三生三世 聂华苓
317,美国,8.7,炉香赞佛
318,法国,8.7,围困城堡
319,法国,8.7,风的故事
320,美国,8.7,篮球梦
321,英国,8.7,舞者
322,日本,8.7,纪实72小时 日本最北端的公交车站
323,美国,8.7,扬子江中的大鳄
324,英国,8.7,JK罗琳 生命中的一年
325,日本,8.7,狐狸的故事
326,美国,8.7,蒂姆的维米尔
327,美国,8.7,一封关于父亲的信
328,英国,8.7,薇薇安·迈尔：谁动了保姆的照片
329,英国,8.7,垃圾勇士
330,日本,8.7,电影导演押井守：赋妄想以有形
331,美国,8.7,美国哈兰县
332,英国,8.7,PULP乐队：一部关于生、死、超市的电影
333,美国,8.7,绿日乐队拍短片：在九月结束的时候唤醒我
334,英国,8.7,与巨兽同行
335,中国大陆,8.7,归来的局外人
336,巴西,8.7,垃圾场
337,台湾,8.7,无米乐
338,美国,8.7,巴黎在燃烧
339,日本,8.7,返乡潮：2009年春节广州站纪实
340,西班牙,8.7,弗拉门戈，弗拉门戈
341,台湾,8.7,目送1949 - 龙应台的探索
342,英国,8.7,BBC伟大的作曲家第一集：巴赫
343,法国,8.7,非凡旅程
344,法国,8.6,帝企鹅日记
345,美国,8.6,食品公司
346,中国大陆,8.6,天梯：蔡国强的艺术
347,英国,8.6,艾米
348,土耳其,8.6,爱猫之城
349,英国,8.6,永生不死：英伦摇滚的沉浮
350,日本,8.6,虞美人盛开的山坡·父与子300天的战争
351,中国大陆,8.6,书记
352,美国,8.6,黑鲸
353,加拿大,8.6,科伦拜校园事件
354,美国,8.6,科特·柯本：烦恼的蒙太奇
355,美国,8.6,设计面面观
356,美国,8.6,成为沃伦·巴菲特
357,中国大陆,8.6,龙哥
358,美国,8.6,时代精神2
359,英国,8.6,男生女相：华语电影之性别
360,美国,8.6,工业光魔：创造不可能
361,台湾,8.6,奇迹的夏天
362,韩国,8.6,BIGBANG MADE
363,日本,8.6,情热大陆 坛蜜篇
364,日本,8.6,情热大陆 苍井优篇
365,美国,8.6,脆弱的变化：第二辑
366,美国,8.6,失衡生活
367,日本,8.6,情热大陆 上野树里篇
368,法国,8.6,孟山都公司眼中的世界
369,中国大陆,8.6,刺客侯孝贤
370,英国,8.6,变态者意识形态指南
371,澳大利亚,8.6,同志宝贝
372,美国,8.6,天生狂野
373,美国,8.6,记录伍迪·艾伦：导演剧场版
374,美国,8.6,迈克尔·杰克逊：偶像的一生
375,台湾,8.6,他们在岛屿写作：寻找背海的人
376,中国大陆,8.6,九叔
377,法国,8.6,海洋星球
378,英国,8.6,唐顿庄园中的礼仪
379,日本,8.6,纪实72小时 赤羽 关东煮小店的悲歌
380,美国,8.6,时代精神3：迈步向前
381,台湾,8.6,一首摇滚上月球
382,法国,8.6,赛璐路壁橱
383,美国,8.6,操作系统革命
374,美国,8.6,迈克尔·杰克逊：偶像的一生
375,台湾,8.6,他们在岛屿写作：寻找背海的人
376,中国大陆,8.6,九叔
377,法国,8.6,海洋星球
378,英国,8.6,唐顿庄园中的礼仪
379,日本,8.6,纪实72小时 赤羽 关东煮小店的悲歌
380,美国,8.6,时代精神3：迈步向前
381,台湾,8.6,一首摇滚上月球
382,法国,8.6,赛璐路壁橱
383,美国,8.6,操作系统革命
384,美国,8.6,当你觉得陌生
385,挪威,8.6,兄弟
386,香港,8.6,爱与狗同行
387,韩国,8.6,黄金救援时间内毫无作为的国家
388,美国,8.6,电影梦
389,中国大陆,8.6,Bike与旧电钢
390,瑞典,8.6,壶中：日本现代建筑之美
391,德国,8.6,诺维茨基：完美的投篮
392,英国,8.6,卢浮宫的珍宝
393,美国,8.6,乐与怒多面客
394,意大利,8.6,穿越时间的声音
395,台湾,8.6,他们在岛屿写作：姹紫嫣红开遍
396,荷兰,8.6,通往布列松之路
397,美国,8.6,揭秘神探夏洛克
398,奥地利,8.6,达尔文的恶梦
399,中国大陆,8.6,神鹿啊，我们的神鹿
400,美国,8.6,代码奔腾
401,中国大陆,8.6,探索发现：海昏侯大墓考古发掘现场
402,德国,8.6,水下印象
403,西班牙,8.6,光之梦
404,日本,8.6,东京奥林匹克
405,英国,8.6,BBC 巴赫：激情的一生
406,英国,8.6,傲慢与偏见：来场舞会吧
407,日本,8.6,纪实72小时 木更津海湾大分量便当店的蓝调
408,法国,8.6,遁入寂静
409,德国,8.6,二战德军狙击手教学影片
410,中国大陆,8.5,请为我投票
411,中国大陆,8.5,圆明园
412,意大利,8.5,中国
413,德国,8.5,意志的胜利
414,美国,8.5,北方的纳努克
415,日本,8.5,奈良美智和他的旅行记录
416,英国,8.5,画廊外的天赋
417,美国,8.5,小可爱与拳击手
418,德国,8.5,哭泣的骆驼
419,英国,8.5,变态者电影指南
420,香港,8.5,无涯：杜琪峰的电影世界
421,美国,8.5,漫威影业：宇宙集结
422,法国,8.5,迪塔·冯·蒂斯疯马秀
423,澳大利亚,8.5,一部关于糖的电影
424,美国,8.5,国宝银行：小到可以进监狱
425,美国,8.5,北极
426,美国,8.5,猴子王国
427,美国,8.5,安然：房间里最聪明的人
428,美国,8.5,红军冰球队
429,丹麦,8.5,沉默之像
430,中国大陆,8.5,铁西区第二部分：艳粉街
431,瑞典,8.5,维基解密的抗争
432,美国,8.5,马拉松：爱国者日爆炸案
433,香港,8.5,成龙的特技
434,中国大陆,8.5,铁西区第三部分：铁路
435,日本,8.5,AKB48心程纪实3：少女眼泪的背后
436,美国,8.5,詹姆斯·卡梅隆：再见泰坦尼克
437,中国大陆,8.5,周恩来外交风云
438,美国,8.5,斯坦利·库布里克：电影人生
439,日本,8.5,情热大陆 山下智久篇
440,美国,8.5,尘封核爆
441,日本,8.5,映画大师宫崎骏创作的秘密
442,法国,8.5,山村犹有读书声
443,美国,8.5,致希斯·莱杰
444,英国,8.5,一周八天：披头士的巡演时代
445,美国,8.5,阿尔卑斯：自然的巨人
446,美国,8.5,我们为何骑车
447,英国,8.5,广岛
448,中国,8.5,小人国
449,日本,8.5,情热大陆 松田翔太篇
450,美国,8.5,别回头
451,加拿大 Canada,8.5,北极熊：一个夏天的奥德赛
452,台湾,8.5,±2℃纪录片——台湾必须面对的真相
453,英国,8.5,地平线系列：狗狗秘闻
454,美国,8.5,光影的魅力
455,英国,8.5,统计的乐趣
456,英国,8.5,真正的成本
457,美国,8.5,终极工厂：兰博基尼
458,美国,8.5,终级工厂：可口可乐
459,日本,8.5,闪耀的女人 上野树里篇
460,美国,8.5,追捕弗雷德曼家族
461,日本,8.5,"""嗨 裘德""和自由的故事"
462,法国,8.5,被解放的蠢朋克
463,美国,8.5,黑暗之心
464,美国,8.5,终级工厂：奥迪R8
465,美国,8.5,声音城市
466,日本,8.5,犬的记忆 森山大道・写真之旅
467,日本,8.5,前进，神军！
468,日本,8.5,情热大陆 松坂桃李篇
469,瑞典,8.5,英格丽·褒曼口述实录
470,中国大陆,8.4,高三
471,中国大陆,8.4,舌尖上的新年
472,美国,8.4,第四公民
473,加拿大,8.4,归途列车
474,美国,8.4,篮球小皇帝
475,中国大陆,8.4,好死不如赖活着
476,美国,8.4,国家地理：北韩揭秘
477,日本,8.4,三和人才市场  中国日结1500日元的年轻人们
469,瑞典,8.5,英格丽·褒曼口述实录
470,中国大陆,8.4,高三
471,中国大陆,8.4,舌尖上的新年
472,美国,8.4,第四公民
473,加拿大,8.4,归途列车
474,美国,8.4,篮球小皇帝
475,中国大陆,8.4,好死不如赖活着
476,美国,8.4,国家地理：北韩揭秘
477,日本,8.4,三和人才市场  中国日结1500日元的年轻人们
478,加拿大,8.4,大企业
479,日本,8.4,AKB48：一毫米外的未来
480,英国,8.4,马龙，听我说
481,美国,8.4,科特·柯本：关于一个孩子
482,德国,8.4,我们每日的面包
483,英国,8.4,节食与长寿
484,美国,8.4,耶路撒冷
485,美国,8.4,朋克不死
486,日本,8.4,横滨玛莉
487,墨西哥,8.4,拥抱大海
488,韩国,8.4,潜水钟
489,法国,8.4,侯孝贤画像
490,美国,8.4,远山远处
491,法国,8.4,日月无光
492,台湾,8.4,翻滚吧！男孩
493,日本,8.4,情热大陆 小田切让篇
494,中国大陆,8.4,飞鱼秀
495,英国,8.4,我们的母亲，戴安娜
496,中国大陆,8.4,铁路沿线
497,英国,8.4,认识狗狗
498,中国大陆,8.4,挟刀揉手
499,日本,8.4,无缘社会-无缘死的冲击
500,美国,8.4,城市化
501,台湾,8.4,十二夜
502,美国,8.4,狩猎场
503,美国,8.4,伟大工程巡礼：迪拜帆船酒店
504,西班牙,8.4,梅西
505,英国,8.4,超萌动物
506,瑞士,8.4,飞行员之眼：上海
507,美国,8.4,秘密起源:DC漫画故事
508,美国,8.4,克鲁伯
509,英国,8.4,熊猫宝宝
510,中国大陆,8.4,凤凰大视野：近人曾国藩
511,美国,8.4,不可击败
512,法国,8.4,拯救世界的好人
513,美国,8.4,寻找理查三世
514,日本,8.4,前田敦子的轨迹
515,中国台湾,8.4,1949大迁徙
516,苏联,8.4,墨西哥万岁
517,瑞典,8.4,完全伯格曼
518,法国,8.4,5台破相机
519,日本,8.4,纪实72小时 上野公园 盛开的樱花
520,中国大陆,8.3,待业青年
521,台湾,8.3,5月天诺亚方舟
522,中国大陆,8.3,重返·狼群
523,美国,8.3,南京
524,美国,8.3,资本主义：一个爱情故事
525,美国,8.3,阴阳相成
526,丹麦,8.3,杀戮演绎
527,法国,8.3,迪奥与我
528,美国,8.3,深海挑战
529,美国,8.3,灰熊人
530,美国,8.3,拨开迷雾：山达基教与信仰囚笼
531,中国大陆,8.3,铁西区第一部分：工厂
532,美国,8.3,伊卡洛斯
533,日本,8.3,情热大陆 水原希子篇
534,美国,8.3,第十一个小时
535,巴西,8.3,汾阳小子贾樟柯
536,中国大陆,8.3,差馆
537,美国,8.3,科比工作进行时
538,英国,8.3,TT3D:触摸极限
539,中国大陆,8.3,红跑道
540,加拿大,8.3,塑料成瘾
541,新加坡,8.3,歌舞中国
542,德国,8.3,克里琴科
543,中国大陆,8.3,音乐的秘密
544,中国大陆,8.3,宇宙与人
545,美国,8.3,南京梦魇
546,日本,8.3,纪实72小时：浅草的深夜咖啡馆
547,美国,8.3,给我庇护
548,美国,8.3,1991：朋克突围之年
549,日本,8.3,草间弥生之最爱
550,美国,8.3,极速一生
551,日本,8.3,宝冢主演男役传说 狂热的100年
552,德国,8.3,柏林：城市交响曲
553,中国大陆,8.3,秉爱
554,英国,8.3,月之阴影
555,美国,8.3,为了全人类
556,美国,8.3,美国与列侬
557,加拿大,8.3,国际空间站
558,日本,8.3,松坂桃李 遥远的丝路之旅
559,美国,8.3,武士刀传奇
560,芬兰,8.3,三个忧郁的房间
561,美国,8.3,洛夫克拉夫特：未知的恐惧
562,中国大陆,8.3,造梦者
563,美国,8.3,神秘的尼罗河
564,波兰,8.3,柏林墙的野兔
565,美国,8.3,蝙蝠小子崛起：一个被全世界听到的愿望
566,法国,8.3,YSL－詮釋時尚大師的一生
567,英国,8.3,太空跳跃
568,英国,8.3,岁月安好
569,美国,8.3,列国图志之意大利
570,中国大陆,8.2,地球：神奇的一天
571,台湾,8.2,日常对话
572,英国,8.2,走钢丝的人
563,美国,8.3,神秘的尼罗河
564,波兰,8.3,柏林墙的野兔
565,美国,8.3,蝙蝠小子崛起：一个被全世界听到的愿望
566,法国,8.3,YSL－詮釋時尚大師的一生
567,英国,8.3,太空跳跃
568,英国,8.3,岁月安好
569,美国,8.3,列国图志之意大利
570,中国大陆,8.2,地球：神奇的一天
571,台湾,8.2,日常对话
572,英国,8.2,走钢丝的人
573,中国大陆,8.2,老唐头
574,日本,8.2,漫长的丝绸之路铁道～横跨中国2600公里之旅～
575,日本,8.2,宫崎骏和吉卜力美术馆
576,美国,8.2,迷色
577,美国,8.2,灰色花园
578,美国,8.2,四万万人民
579,美国,8.2,海啸与樱花
580,美国,8.2,等待超人
581,美国,8.2,李小龙如何改变了世界
582,中国大陆,8.2,金城小子
583,中国大陆,8.2,房东蒋先生
584,英国,8.2,如何成为多面神探福尔摩斯
585,中国大陆,8.2,我只认识你
586,美国,8.2,兔子洞里到底是什么
587,德国,8.2,白钻石
588,法国,8.2,疯狂的爱
589,英国,8.2,解剖肥胖
590,苏联,8.2,普通法西斯
591,英国,8.2,是谁在与民主为敌
592,日本,8.2,纪实72小时：大都市深夜中的大众食堂
593,美国,8.2,红色药丸
594,英国,8.2,尼姆计划
595,韩国,8.2,亚马逊的眼泪
596,美国,8.2,出柜名单
597,英国,8.2,我就是我：杰克上校
598,英国,8.2,阿加莎·克里斯蒂的谜样人生
599,德国,8.2,巴尔干庞克
600,美国,8.2,78/52：希区柯克的洗澡戏
601,法国,8.2,故乡之光
602,德国,8.2,飞行员之眼：香港
603,美国,8.2,终极工厂：法拉利跑车
604,中国大陆,8.2,彼岸
605,中国大陆,8.2,卡瓦格博
606,美国,8.2,战争迷雾
607,英国,8.2,黑金
608,中国大陆,8.2,马戏学校
609,日本,8.2,纪实72小时：多国籍地下市场
610,日本,8.2,纪实72小时：去湘南看海
611,美国,8.2,座头鲸
612,法国,8.2,国家美术馆
613,英国,8.2,真实的简·奥斯汀
614,英国,8.2,平行世界，平行生命
615,中国大陆,8.1,摇摇晃晃的人间
616,中国大陆,8.1,德拉姆
617,中国大陆,8.1,爱噪音
618,中国大陆,8.1,英和白
619,中国大陆,8.1,进藏
620,中国大陆,8.1,老头
621,台湾,8.1,态度
622,中国大陆,8.1,她认出了风暴：萧红和她的黄金时代
623,美国,8.1,细细的蓝线
624,加拿大,8.1,千锤百炼
625,美国,8.1,人生如戏
626,美国,8.1,寻找小津
627,法国,8.1,亚特兰蒂斯
628,美国,8.1,大卫林奇短片集
629,美国,8.1,华伦天奴：最后的君王
630,英国,8.1,地平线系列：关于锻炼的真相
631,美国,8.1,零日
632,英国,8.1,女猎鹰人
633,台湾,8.1,他们在岛屿写作：逍遥游
634,美国,8.1,时尚女王：Iris的华丽传奇
635,加拿大,8.1,我们讲述的故事
636,中国大陆,8.1,李文漫游东湖
637,加拿大,8.1,我的温尼伯湖
638,法国,8.1,小贾回家
639,澳大利亚,8.1,不十分好莱坞
640,意大利,8.1,雕刻时光
641,中国大陆,8.1,活着
642,美国,8.1,闪耀光芒
643,丹麦,8.1,女巫
644,日本,8.1,纪实72小时：北国的学生宿舍
645,法国,8.1,电影史-1A 所有的历史
646,美国,8.1,人生如梦
647,美国,8.1,大急救
648,美国,8.1,提提卡失序记事
649,日本,8.1,世界游戏革命
650,中国大陆,8.1,地狱之旅：一个电影人的长征
651,英国,8.1,达伦·布朗：挑战不可能的艺术盗窃
652,日本,8.1,情热大陆 大岛优子篇
653,丹麦,8.1,梦想帝国
654,美国,8.1,关于苏珊·桑塔格
655,美国,8.1,冠军
656,日本,8.1,无缘社会 - 创建新的联系
657,美国,8.1,发生什么了，西蒙妮小姐？
658,英国,8.1,BBC: 与寄生虫共存
659,台湾,8.1,街舞狂潮
660,美国,8.0,我们诞生在中国
661,澳大利亚,8.0,自然法则：吸引定律
662,英国,8.0,猫的秘密生活
663,美国,8.0,我们到底知道多少？
664,加拿大,8.0,人造风景
665,中国,8.0,志同志
666,美国,8.0,债务美国
658,英国,8.1,BBC: 与寄生虫共存
659,台湾,8.1,街舞狂潮
660,美国,8.0,我们诞生在中国
661,澳大利亚,8.0,自然法则：吸引定律
662,英国,8.0,猫的秘密生活
663,美国,8.0,我们到底知道多少？
664,加拿大,8.0,人造风景
665,中国,8.0,志同志
666,美国,8.0,债务美国
667,意大利,8.0,佛罗伦萨与乌菲兹美术馆3D
668,美国,8.0,纽约时报头版内幕
669,加拿大,8.0,沿江而上
670,英国,8.0,瘦身十律
671,美国,8.0,美国：从自由到法西斯主义
672,英国,8.0,时间与城市
673,台湾,8.0,他们在岛屿写作：两地
674,澳大利亚,8.0,高山上的夏尔巴人
675,美国,8.0,校塔枪击案
676,台湾,8.0,我们的那时·此刻
677,美国,8.0,玛丽莲·梦露：最后的日子
678,美国,8.0,推销员
679,英国,8.0,新宿男孩
680,法国,8.0,赝品
681,美国,8.0,汉城列车
682,中国大陆,8.0,杜琪峰的银河创作：《三人行》制作纪录
683,美国,8.0,我们都爱三明治
684,英国,8.0,地平线系列：小猫日记
685,加拿大,8.0,了解你的蘑菇
686,美国,8.0,曾被否认过最重大的UFO史实（第二部）：月球在苏醒
687,美国,8.0,电影配乐传奇
688,美国,7.9,华氏911
689,美国,7.9,九月刊
690,美国,7.9,大号的我
691,英国,7.9,大卫·贝克汉姆：探索未知之境
692,美国,7.9,iGenius：史蒂夫·乔布斯是如何改变世界的
693,中国大陆,7.9,嘿！小面
694,中国大陆,7.9,最后的山神
695,加拿大 Canada,7.9,我是李小龙
696,USA,7.9,历史频道 狙击手 身在瞄准镜
697,日本,7.9,筑地仙境
698,英国,7.9,梵蒂冈：隐秘的世界
699,美国,7.9,瘟疫求生指南
700,美国,7.9,我们窃取秘密：维基解密的故事
701,中国大陆,7.9,马克
702,中国大陆,7.9,父亲
703,伊朗,7.9,家庭作业
704,加拿大,7.9,我是希斯·莱杰
705,美国,7.9,斯皮尔伯格
706,意大利,7.9,小丑
707,英国,7.9,睡眠十律
708,西班牙,7.9,马拉多纳
709,中国大陆,7.9,龙脊
710,日本,7.9,来日中国就学生宿舍的一年
711,美国,7.9,马尔亚之战
712,英国,7.9,意志之国
713,加拿大,7.9,他们选择了中国
714,美国,7.9,身体语言的秘密
715,美国,7.9,更大，更强，更快
716,中国大陆,7.9,和凤鸣
717,柬埔寨,7.9,残缺影像
718,中国大陆,7.9,超越那一天
719,中国大陆,7.8,流浪北京
720,美国,7.8,凯蒂·派瑞：这样的我
721,韩国,7.8,女演员们
722,美国,7.8,贩毒之地
723,日本,7.8,情热大陆  新垣结衣篇
724,美国,7.8,地球2100
725,中国大陆,7.8,舟舟的世界
726,瑞典,7.8,现实生活中的海盗湾
727,法国,7.8,希区柯克与特吕弗
728,日本,7.8,和食：千年美味传奇
729,中国大陆,7.8,三节草
730,美国,7.8,共坐白云中
731,日本,7.8,安东尼奥·高迪
732,美国,7.8,战争制造者们
733,西德,7.8,都市时装速记
734,中国大陆,7.8,厚街
735,中国大陆,7.8,急诊
736,台湾,7.8,他们在岛屿写作：朝向一首诗的完成
737,中国大陆,7.8,牛皮
738,美国,7.8,罗曼·波兰斯基：被通缉的与被渴望的
739,中国大陆,7.8,我有一个忧郁的，小问题
740,日本,7.8,松下奈绪 四季的飨宴 京都料理
741,英国,7.8,全球变暖的大骗局
742,香港,7.8,三姊妹
743,英国,7.8,地平线系列：生物钟的秘密
744,台湾,7.8,日曜日式散步者
745,英国,7.8,我的生活：伊顿公学
746,美国,7.8,异形星球
747,美国,7.8,罗杰和我
748,美国,7.8,伟大工程巡礼：迪拜神奇世界岛
749,美国,7.8,如果树倒下：一个地球解放阵线的故事
750,日本,7.8,美之壶-日本寿司之旅
751,美国,7.7,人类消失后的世界
752,台湾,7.7,看见台湾
753,中国大陆,7.7,再见，乌托邦
754,捷克,7.7,太阳之下
755,英国,7.7,即将到来的对华战争
756,美国,7.7,鲶鱼
757,中国,7.7,靖国神社
758,美国,7.7,凝视深渊
759,英国,7.7,哈利·波特：一段魔法史
760,柬埔寨,7.7,S21红色高棉杀人机器
752,台湾,7.7,看见台湾
753,中国大陆,7.7,再见，乌托邦
754,捷克,7.7,太阳之下
755,英国,7.7,即将到来的对华战争
756,美国,7.7,鲶鱼
757,中国,7.7,靖国神社
758,美国,7.7,凝视深渊
759,英国,7.7,哈利·波特：一段魔法史
760,柬埔寨,7.7,S21红色高棉杀人机器
761,香港,7.7,少年·小赵
762,美国,7.7,接着侵略哪儿
763,中国大陆,7.7,棉花
764,日本,7.7,市川昆物语
765,美国,7.7,在越南最后的日子
766,美国,7.7,国家地理：人类消失之后
767,香港,7.7,无憾
768,美国,7.7,光影流情
769,法国,7.7,齐达内：21世纪的肖像
770,中国大陆,7.7,我最后的秘密
771,美国,7.7,我不是你的黑鬼
772,法国,7.7,远离越南
773,智利,7.7,珍珠纽扣
774,中国大陆,7.7,中国梵高
775,日本,7.7,纪实72小时 歌舞伎町的美甲店 女性的幕后
776,德国,7.7,忘梦洞
777,美国,7.7,指挥官
778,美国,7.7,数到零
779,德国,7.7,河豚：一种渴望的味道
780,英国,7.7,皇家服饰传奇
781,西班牙,7.7,皇马电影
782,日本,7.7,上海百年物语 激荡的历史
783,伊朗,7.7,这不是一部电影
784,英国,7.7,无薪时代—未来没有工作
785,美国,7.7,马达加斯加：狐猴之岛
786,美国,7.7,生活，动画
787,英国,7.7,史蒂夫·乔布斯：亿万富翁嬉皮士
788,中国大陆,7.6,我在故宫修文物
789,中国大陆,7.6,麦收
790,英国,7.6,隆胸？还是隆凶？
791,法国,7.6,地球四季
792,英国,7.6,瘦人不胖
793,中国大陆,7.6,芳华纪录片：我把芳华献给你
794,韩国,7.6,阿里郎
795,中国大陆,7.6,旋风九日
796,美国,7.6,万物一体
797,美国,7.6,史蒂夫·乔布斯：机器人生
798,英国,7.6,我的性功能障碍史
799,美国,7.6,美国青少年
800,美国,7.6,斯巴达三百勇士的最后一战
801,以色列,7.6,守门人
802,日本,7.6,多元纪实 歌舞伎町的夜与昼
803,英国,7.6,金门大桥
804,美国,7.6,持摄像机的人
805,法国,7.6,卢米埃尔与四十大导
806,美国,7.6,隐秘的战争
807,中国大陆,7.6,走近毛泽东
808,美国,7.6,单向乐队：这就是我们
809,日本,7.6,女子自行车夏威夷游记
810,伊朗,7.6,伍
811,美国,7.6,五月第一个星期一
812,英国,7.6,全球变化最快的地方
813,英国,7.6,何为美
814,英国,7.5,冒充者
815,美国,7.5,姚明年
816,中国大陆,7.5,我的诗篇
817,德国,7.5,妓女的荣耀
818,中国,7.5,筑梦2008
819,美国,7.5,钓鱼岛真相
820,美国,7.5,离巨星二十英尺
821,美国,7.5,列国图志之中国
822,美国,7.5,一部关于咖啡的电影
823,中国大陆,7.5,北漂一族：北京·彷徨的年轻人
824,香港,7.5,大咸湿
825,意大利,7.5,梵蒂冈博物馆3D
826,美国,7.5,超级工厂：宜家家居
827,美国,7.5,兴盛
828,法国,7.5,海中兽
829,美国,7.5,两个小时的世界历史
830,中国大陆,7.5,排骨
831,英国,7.5,伦敦一览
832,美国,7.5,瓶装水
833,日本,7.5,坂本龙一的700天
834,美国,7.5,奥萨姆·本·拉登在哪里？
835,中国大陆,7.5,智取威虎山电影纪录片之打虎上山
836,英国,7.5,日本大使的饕餮盛宴
837,瑞士,7.5,圈子
838,中国大陆,7.4,海上传奇
839,美国,7.4,宗教的荒谬
840,英国,7.4,C罗
841,中国大陆,7.4,后革命时代
842,中国大陆,7.4,北京的风很大
843,美国,7.4,影片未分级
844,美国,7.4,漫威75年：从俚俗到全球！
845,中国大陆,7.4,生活在别处
846,中国大陆,7.4,川渝陷阱
847,英国,7.4,帕夫洛彼特里：水面下的城市
848,法国,7.4,逝去的春光
849,美国,7.4,深渊幽灵
850,日本,7.4,园子温这种生物
851,台湾,7.4,他们在岛屿写作：如雾起时
852,美国,7.4,比特币的崛起
853,中国大陆,7.4,中国门
854,美国,7.4,裸体漂流记
855,美国,7.4,疯马歌舞秀
846,中国大陆,7.4,川渝陷阱
847,英国,7.4,帕夫洛彼特里：水面下的城市
848,法国,7.4,逝去的春光
849,美国,7.4,深渊幽灵
850,日本,7.4,园子温这种生物
851,台湾,7.4,他们在岛屿写作：如雾起时
852,美国,7.4,比特币的崛起
853,中国大陆,7.4,中国门
854,美国,7.4,裸体漂流记
855,美国,7.4,疯马歌舞秀
856,中国大陆,7.4,挖眼睛
857,中国大陆,7.4,毕业后的大多数
858,日本,7.4,关口知宏和高中生之旅：纵贯中国2500公里
859,中国大陆,7.3,喜马拉雅天梯
860,法国,7.3,时尚大帝
861,香港,7.3,女人那话儿
862,新西兰,7.3,被挠
863,中国大陆,7.3,龙门飞甲纪录片
864,挪威,7.3,父亲的衣柜
865,日本,7.3,朝鲜：权力与金钱之谜
866,美国,7.3,深海异形
867,美国,7.3,宋飞之前是杰瑞
868,香港,7.3,流亡的故城
869,加拿大,7.3,苦甜参半：巧克力人生
870,美国,7.3,审判艾弗森
871,波兰,7.3,所有的不眠之夜
872,台湾,7.3,鸟目台湾
873,中国大陆,7.2,无用
874,法国,7.2,狂野非洲
875,美国,7.2,雷斯特雷波
876,中国大陆,7.2,内心引力
877,法国,7.2,德军占领的卢浮宫
878,法国,7.2,时间之旅
879,中国大陆,7.2,茶界中国
880,美国,7.2,第237号房间
881,日本,7.2,情热大陆   前田敦子篇
882,法国,7.2,新浪潮双杰
883,英国,7.2,地平线系列：大数据时代
884,香港,7.1,男人这东西
885,美国,7.1,魔鬼经济学
886,英国,7.1,时间简史
887,意大利,7.1,罗马四大圣殿
888,中国大陆,7.1,智取威虎山电影纪录片之踏雪而行
889,中国,7.1,伞
890,日本,7.1,优衣库能否称霸世界
891,英国,7.1,雷克斯海3D:史前世界
892,美国,7.1,标准流程
893,中国大陆,7.1,伟大的一餐
894,中国大陆,7.0,语路
895,英国,7.0,性爱宝典
896,英国,7.0,中国是如何愚弄世界的
897,意大利,7.0,达芬奇：米兰的天才
898,美国,7.0,童心无归处
899,日本,7.0,金正恩：北朝鲜政权内幕
900,中国大陆,6.9,东
901,韩国,6.9,这就是我
902,中国大陆,6.9,将令
903,美国,6.9,请拍摄我：一个超模的日记
904,德国,6.9,朝九晚五
905,中国大陆,6.9,大四
906,香港,6.9,海报师：阮大勇的插画艺术
907,英国,6.8,深海探奇
908,英国,6.8,上海之味
909,英国,6.8,百慕大三角洲之谜
910,美国,6.8,阿曼达·诺克斯
911,英国,6.8,暗杀卡斯特罗的638种方法
912,中国大陆,6.7,味道中国
913,加拿大,6.7,水果猎人
914,法国,6.7,食人录
915,美国,6.6,辣妞征集
916,意大利,6.6,海上火焰
917,中国大陆,6.6,外滩佚事
918,德国,6.6,人流
919,中国大陆,6.6,疯狂英语
920,英国,6.6,BBC 克娄巴特拉：杀手的肖像
921,日本,6.6,中国王朝 女性传说 恶女的真相 西太后慈禧
922,台湾,6.6,光阴的故事－台湾新电影
923,英国,6.5,日本未成年色情交易
924,美国,6.5,狼群
925,中国大陆,6.5,较量无声
926,中国大陆,6.4,我就是我
927,德国,6.4,北京浪花
928,美国,6.4,贾斯汀·比伯：永不言败
929,英国,6.3,别和日本人谈性
930,美国,6.2,深喉揭密
931,日本,6.1,AV男优的生存之道
932,美国,6.0,女孩自毀之生活指南
933,中国大陆,5.8,胜利大阅兵
934,中国大陆,5.8,人间童话
935,美国,5.8,假如美国不存在
936,香港,5.7,怪谈
937,澳大利亚 Australia,5.7,拜金王朝：中国新生代百万富翁们的狂野生活
938,中国,5.6,80年代荷尔蒙
939,美国,5.4,性女传奇
940,美国,5.0,帝国大厦
941,德国,5.0,梦之船
942,中国大陆,4.9,一路逆风
943,英国,4.9,五十道格雷阴影的性传奇
944,中国大陆,3.9,索马里真相
