1,美国,9.3,盗梦空间
2,美国,9.3,机器人总动员
3,美国,9.2,疯狂动物城
4,美国,9.2,星际穿越
5,香港,9.2,大话西游之大圣娶亲
6,日本,9.2,七武士
7,美国,9.1,指环王3：王者无敌
8,意大利,9.1,黄金三镖客
9,意大利,9.1,革命往事
10,美国,9.1,丛林赤子心
11,美国,9.0,少年派的奇幻漂流
12,日本,9.0,天空之城
13,美国,9.0,指环王2：双塔奇兵
14,德国,9.0,海蒂和爷爷
15,美国,9.0,淘金记
16,原西德,9.0,从海底出击
17,美国,9.0,将军号
18,美国,8.9,飞屋环游记
19,香港,8.9,大话西游之月光宝盒
20,日本,8.9,哈尔的移动城堡
21,新西兰,8.9,指环王1：魔戒再现
22,美国,8.9,狮子王
23,中国大陆,8.9,哪吒闹海
24,美国,8.9,与狼共舞
25,美国,8.9,伴我同行
26,日本,8.9,心理游戏
27,美国,8.8,头号玩家
28,美国,8.8,布达佩斯大饭店
29,日本,8.8,幽灵公主
30,美国,8.8,玩具总动员3
31,日本,8.8,风之谷
32,美国,8.8,坠入
33,美国,8.8,伴你高飞
34,英国,8.8,黄色潜水艇
35,西德,8.8,陆上行舟
36,法国,8.8,苦儿流浪记
37,英国,8.8,生来自由
38,美国,8.7,疯狂原始人
39,美国,8.7,驯龙高手
40,美国,8.7,哈利·波特与死亡圣器(下)
41,美国,8.7,哈利·波特与魔法石
42,美国,8.7,大鱼
43,美国,8.7,头脑特工队
44,日本,8.7,借东西的小人阿莉埃蒂
45,爱尔兰,8.7,海洋之歌
46,英国,8.7,阿拉伯的劳伦斯
47,美国,8.7,虎豹小霸王
48,法国,8.7,恐惧的代价
49,日本,8.7,她的回忆
50,美国,8.7,指环王
51,日本,8.7,龙子太郎
52,美国,8.7,灵犬莱西
53,法国,8.7,丁丁历险记之太阳神的囚徒
54,美国,8.7,看狗在说话
55,日本,8.7,神奇独角马
56,法国,8.7,河狸白毛历险记
57,德国,8.7,尼伯龙根：西格弗里德之死
58,德国,8.7,尼伯龙根2：克里姆希尔德的复仇
59,美国,8.6,阿凡达
60,美国,8.6,超能陆战队
61,美国,8.6,加勒比海盗
62,美国,8.6,被解救的姜戈
63,美国,8.6,怪兽电力公司
64,美国,8.6,人工智能
65,美国,8.6,无敌破坏王
66,美国,8.6,荒野生存
67,英国,8.6,2001太空漫游
68,美国,8.6,南极大冒险
69,日本,8.6,恶童
70,美国,8.6,宾虚
71,法国,8.6,狐狸与我
72,法国,8.6,史崔特先生的故事
73,法国,8.6,喜马拉雅
74,意大利,8.6,意大利人在俄罗斯的奇遇
75,德国,8.6,北壁
76,美国,8.6,碧血金沙
77,日本,8.6,落叶
78,伊朗,8.6,生生长流
79,法国,8.6,母亲的城堡
80,苏联,8.6,德尔苏·乌扎拉
81,美国,8.6,黑骏马
82,日本,8.6,小猫的故事
83,德国,8.6,阿赫迈德王子历险记
84,澳大利亚,8.6,荒野有情天
85,美国,8.6,冰上轻驰
86,美国,8.5,神偷奶爸
87,澳大利亚,8.5,疯狂的麦克斯4：狂暴之路
88,日本,8.5,魔女宅急便
89,美国,8.5,勇闯夺命岛
90,美国,8.5,荒岛余生
91,美国,8.5,血钻
92,美国,8.5,遗愿清单
93,美国,8.5,回到未来
94,法国,8.5,少年斯派维的奇异旅行
95,美国,8.5,走出非洲
96,美国,8.5,启示
97,美国,8.5,朝圣之路
98,法国,8.5,虎兄虎弟
99,美国,8.5,海绵宝宝历险记
100,美国,8.5,小马王
101,美国,8.5,钢铁巨人
102,美国,8.5,午夜狂奔
103,日本,8.5,兽兵卫忍风帖
104,英国,8.5,新灵犬莱西
105,法国,8.5,父亲的荣耀
106,美国,8.5,雪地黄金犬
107,美国,8.5,宾虚
108,日本,8.5,南极物语
109,加拿大,8.5,雪行者
110,美国,8.5,奇幻核子战
111,英国,8.4,王牌特工：特工学院
112,美国,8.4,火星救援
113,美国,8.4,复仇者联盟3：无限战争
114,美国,8.4,冰川时代
115,英国,8.4,角斗士
116,美国,8.4,了不起的狐狸爸爸
117,日本,8.4,红猪
118,美国,8.4,犬之岛
119,美国,8.4,辛普森一家
120,英国,8.4,小羊肖恩
121,爱尔兰,8.4,凯尔经的秘密
122,阿根廷,8.4,摩托日记
123,美国,8.4,爱丽丝梦游仙境
124,墨西哥,8.4,圣山
125,美国,8.4,大逃亡
126,捷克斯洛伐克,8.4,爱丽丝
127,英国,8.4,飞行器里的好小伙，或我是怎样花25小时11分从伦敦飞到巴黎
128,美国,8.4,领航员
129,美国,8.4,黑神驹
130,美国,8.4,新灵犬莱西
131,捷克斯洛伐克,8.4,三个老兵
132,加拿大,8.4,火之战
133,美国,8.4,小熊维尼:寻找克里斯多夫罗宾
134,美国,8.4,战争
135,日本,8.4,星际5555：异星梦系统秘传
136,加拿大,8.4,野性的呼唤：育空的狗
137,美国,8.3,里约大冒险
138,日本,8.3,悬崖上的金鱼姬
139,美国,8.3,白日梦想家
140,美国,8.3,星球大战
141,美国,8.3,天国王朝
142,美国,8.3,星球大战3：绝地归来
143,美国,8.3,回到未来2
144,美国,8.3,回到未来3
145,美国,8.3,正义联盟：闪点悖论
146,日本,8.3,战国英豪
147,法国,8.3,人鱼童话
148,美国,8.3,战俘列车
149,美国,8.3,小猪大行动
150,中国大陆,8.3,“下次开船”港游记
151,美国,8.2,X战警：逆转未来
152,美国,8.2,碟中谍4
153,美国,8.2,海底总动员
154,美国,8.2,霍比特人3：五军之战
155,美国,8.2,霍比特人2：史矛革之战
156,美国,8.2,哈利·波特与密室
157,英国,8.2,哈利·波特与阿兹卡班的囚徒
158,美国,8.2,冰川时代3
159,美国,8.2,马达加斯加3
160,美国,8.2,星球大战前传3：西斯的复仇
161,美国,8.2,星球大战2：帝国反击战
162,法国,8.2,大坏狐狸的故事
163,美国,8.2,小飞侠
164,日本,8.2,大都会
165,意大利,8.2,爱在记忆消逝前
150,中国大陆,8.3,“下次开船”港游记
151,美国,8.2,X战警：逆转未来
152,美国,8.2,碟中谍4
153,美国,8.2,海底总动员
154,美国,8.2,霍比特人3：五军之战
155,美国,8.2,霍比特人2：史矛革之战
156,美国,8.2,哈利·波特与密室
157,英国,8.2,哈利·波特与阿兹卡班的囚徒
158,美国,8.2,冰川时代3
159,美国,8.2,马达加斯加3
160,美国,8.2,星球大战前传3：西斯的复仇
161,美国,8.2,星球大战2：帝国反击战
162,法国,8.2,大坏狐狸的故事
163,美国,8.2,小飞侠
164,日本,8.2,大都会
165,意大利,8.2,爱在记忆消逝前
166,法国,8.2,灵犬雪莉
167,美国,8.2,小姐与流浪汉
168,美国,8.2,穿越美国
169,美国,8.2,爱丽丝梦游仙境
170,美国,8.2,杜玛
171,西德,8.2,阿基尔，上帝的愤怒
172,澳大利亚,8.2,旅行者与魔法师
173,南斯拉夫,8.2,战略大作战
174,美国,8.2,狐狸与猎狗
175,美国,8.2,红河
176,美国,8.2,猫儿历险记
177,美国,8.2,可怜的富家小姑娘
178,日本,8.2,侍
179,英国,8.2,沃特希普高地
180,法国,8.2,乱世冤家
181,台湾,8.2,圣石传说
182,美国,8.2,天生冤家
183,美国,8.1,霍比特人1：意外之旅
184,美国,8.1,银河护卫队2
185,美国,8.1,加勒比海盗2：聚魂棺
186,英国,8.1,哈利·波特与火焰杯
187,美国,8.1,魔发奇缘
188,美国,8.1,鬼妈妈
189,美国,8.1,127小时
190,美国,8.1,银河系漫游指南
191,美国,8.1,星球大战前传1：幽灵的威胁
192,美国,8.1,菲利普船长
193,美国,8.1,大地惊雷
194,美国,8.1,第一滴血
195,美国,8.1,夺宝奇兵3
196,英国,8.1,小飞侠彼得潘
197,美国,8.1,小鬼当街
198,美国,8.1,绿野仙踪
199,中国大陆,8.1,魁拔Ⅲ战神崛起
200,美国,8.1,人猿星球
201,中国大陆,8.1,双旗镇刀客
202,法国,8.1,昆虫总动员
203,西班牙,8.1,城市广场
204,日本,8.1,鲁邦三世：卡里奥斯特罗城
205,美国,8.1,虎！虎！虎！
206,中国大陆,8.1,人参果
207,美国,8.1,死侍2
208,美国,8.1,星际旅行4：抢救未来
209,美国,8.1,十诫
210,日本,8.1,迷宫物语
211,美国,8.1,马达加斯加企鹅：行动
212,法国,8.1,阿祖尔和阿斯马尔
213,美国,8.1,变形金刚大电影
214,墨西哥,8.1,鼹鼠
215,美国,8.1,星际宝贝史迪奇
216,英国,8.1,雾都孤儿
217,墨西哥,8.1,冷酷的心
218,英国,8.1,血染雪山堡
219,英国,8.1,八千米死亡线
220,日本,8.1,座头市物语
221,美国,8.1,飞哥与小佛的时空大冒险
222,美国,8.1,亡命大煞星
223,法国,8.1,偷抢骗
224,美国,8.1,细说从头
225,美国,8.0,复仇者联盟
226,美国,8.0,功夫熊猫2
227,美国,8.0,银河护卫队
228,美国,8.0,神偷奶爸2
229,美国,8.0,后天
230,美国,8.0,怪兽大学
231,美国,8.0,加勒比海盗3：世界的尽头
232,美国,8.0,侏罗纪公园
233,美国,8.0,冰川时代4
234,美国,8.0,冰川时代2：融冰之灾
235,美国,8.0,星际迷航
236,美国,8.0,勇敢者的游戏
237,美国,8.0,玩具总动员2
238,美国,8.0,秘密特工
239,美国,8.0,守护者联盟
240,美国,8.0,阿拉丁
241,美国,8.0,乐高蝙蝠侠大电影
242,新西兰,8.0,追捕野蛮人
243,美国,8.0,埃及王子
244,美国,8.0,101忠狗
245,美国,8.0,蕾蒙娜和姐姐
246,美国,8.0,深渊
247,美国,8.0,飞天小女警 剧场版
248,法国,8.0,佐罗
249,澳大利亚,8.0,小猪宝贝
250,加拿大,8.0,最后一周
251,台湾,8.0,龙门客栈
252,英国,8.0,野鹅敢死队
253,日本,8.0,小飞龙
254,美国,8.0,最后的假期
255,美国,8.0,天劫余生
256,法国,8.0,叽哩咕历险记
257,美国,8.0,飞出个未来大电影3：班德的游戏
258,中国大陆,8.0,秦时明月特别篇之帝子降兮
259,美国,8.0,罗宾汉
260,美国,8.0,星际宝贝：终极任务
261,美国,8.0,美国鼠谭
262,美国,8.0,禁忌
263,美国,8.0,决战冰河
264,英国,8.0,新天方夜谭
265,美国,8.0,呆瓜的崛起
266,美国,8.0,滑板狂热
267,美国,8.0,小巨人
268,美国,8.0,汤姆历险记
269,美国,7.9,功夫熊猫
270,美国,7.9,钢铁侠
271,美国,7.9,美国队长2
272,美国,7.9,查理和巧克力工厂
273,英国,7.9,哈利·波特与死亡圣器(上)
274,中国大陆,7.9,疯狂的赛车
275,美国,7.9,星际迷航2：暗黑无界
276,美国,7.9,独立日
277,美国,7.9,驯龙高手2
278,美国,7.9,超人总动员
279,美国,7.9,碟中谍
280,法国,7.9,第五元素
281,美国,7.9,怪物史瑞克
282,日本,7.9,猫的报恩
283,中国大陆,7.9,转山
284,美国,7.9,乐高大电影
285,英国,7.9,逃狱三王
286,美国,7.9,阿波罗13号
287,美国,7.9,星际宝贝
288,法国,7.9,机械心
289,英国,7.9,巨蟒与圣杯
290,法国,7.9,屋顶上的轻骑兵
291,美国,7.9,回来的路
292,美国,7.9,水中生活
293,美国,7.9,斯巴达克斯
294,美国,7.9,变身国王
295,美国,7.9,小叮当与失去的宝藏
296,美国,7.9,小叮当：永无兽传奇
297,美国,7.9,势不两立
298,法国,7.9,克里蒂，童话的小屋
299,美国,7.9,环游世界八十天
300,美国,7.9,小叮当：拯救精灵大作战
301,澳大利亚,7.9,小猪宝贝2：小猪进城
302,法国,7.9,漫漫北寻路
303,日本,7.9,天与地
304,英国,7.9,印度之行
305,法国,7.9,王中王
306,意大利,7.9,奥德赛
307,美国,7.9,龙的世界
308,美国,7.9,叛舰喋血记
309,美国,7.9,太空先锋
310,澳大利亚,7.9,漫漫回家路
311,墨西哥,7.9,凡多和莉丝
312,美国,7.9,神奇旅程
313,意大利,7.9,激情丛林
314,美国,7.9,人鱼的童话3
315,捷克斯洛伐克,7.9,雷蒙纳多·乔
316,法国,7.9,甘达星人
317,日本,7.9,柳生一族的阴谋
318,英国,7.8,神奇动物在哪里
319,美国,7.8,荒野猎人
320,中国大陆,7.8,大护法
321,新西兰,7.8,金刚
306,意大利,7.9,奥德赛
307,美国,7.9,龙的世界
308,美国,7.9,叛舰喋血记
309,美国,7.9,太空先锋
310,澳大利亚,7.9,漫漫回家路
311,墨西哥,7.9,凡多和莉丝
312,美国,7.9,神奇旅程
313,意大利,7.9,激情丛林
314,美国,7.9,人鱼的童话3
315,捷克斯洛伐克,7.9,雷蒙纳多·乔
316,法国,7.9,甘达星人
317,日本,7.9,柳生一族的阴谋
318,英国,7.8,神奇动物在哪里
319,美国,7.8,荒野猎人
320,中国大陆,7.8,大护法
321,新西兰,7.8,金刚
322,英国,7.8,哈利·波特与凤凰社
323,美国,7.8,奇幻森林
324,美国,7.8,兰戈
325,美国,7.8,瑞士军刀男
326,美国,7.8,虫虫危机
327,美国,7.8,星球大战前传2：克隆人的进攻
328,美国,7.8,仙境之桥
329,美国,7.8,夺宝奇兵
330,美国,7.8,最后的武士
331,中国大陆,7.8,魁拔之十万火急
332,美国,7.8,霍顿与无名氏
333,澳大利亚,7.8,狮子王3
334,美国,7.8,穿越苍穹
335,美国,7.8,金矿
336,法国,7.8,阿薇尔与虚构世界
337,美国,7.8,乐高蝙蝠侠大电影：DC英雄集结
338,美国,7.8,大地雄心
339,美国,7.8,小叮当
340,美国,7.8,大力士
341,美国,7.8,惊爆银河系
342,瑞典,7.8,百岁老人跷家去
343,爱尔兰,7.8,少年犯
344,美国,7.8,小叮当：羽翼之谜
345,美国,7.8,终极细胞战
346,哥伦比亚,7.8,蛇之拥抱
347,法国,7.8,黑郁金香
348,俄罗斯,7.8,天际行者
349,印度,7.8,阿克巴大帝
350,美国,7.8,艾斯卡达的三次葬礼
351,英国,7.8,遮蔽的天空
352,英国,7.8,教会
353,美国,7.8,乞力马扎罗的雪
354,美国,7.8,蝇王
355,法国,7.8,犹太长老的灵猫
356,英国,7.8,终极天将
357,俄罗斯,7.8,星星
358,美国,7.8,西部执法者
359,美国,7.8,逃亡
360,美国,7.8,波塞冬历险
361,美国,7.8,西部开拓史
362,西班牙,7.8,魔宫夺宝奇兵皇冠大宝蒇
363,英国,7.8,猛鹰突击兵团
364,美国,7.8,老人与海
365,日本,7.8,御用金
366,美国,7.8,七对佳偶
367,英国,7.8,北方
368,德国,7.8,宾果男孩日记
369,美国,7.7,2012
370,美国,7.7,美国队长3
371,中国大陆,7.7,智取威虎山
372,美国,7.7,X战警：天启
373,美国,7.7,魔兽
374,美国,7.7,碟中谍5：神秘国度
375,美国,7.7,马达加斯加
376,美国,7.7,木乃伊
377,美国,7.7,赛车总动员
378,美国,7.7,星河战队
379,美国,7.7,大白鲨
380,香港,7.7,白发魔女传
381,美国,7.7,世界末日
382,美国,7.7,狮子王2：辛巴的荣耀
383,美国,7.7,夺宝奇兵2
384,美国,7.7,末日危途
385,美国,7.7,穿越大吉岭
386,俄罗斯,7.7,太空救援
387,美国,7.7,毁灭之路
388,美国,7.7,第一滴血2
389,美国,7.7,垂直极限
390,美国,7.7,怒海争锋
391,日本,7.7,蒸汽男孩
392,美国,7.7,生命之书
393,俄罗斯,7.7,火海凌云
394,美国,7.7,猎杀红色十月
395,美国,7.7,美国战队：世界警察
396,加拿大,7.7,亡命夺宝
397,美国,7.7,星银岛
398,美国,7.7,星球大战：克隆战争
399,美国,7.7,2010
400,中国大陆,7.7,星游记之风暴法米拉
401,美国,7.7,正义联盟：战争
402,美国,7.7,熊的传说
403,美国,7.7,雪地巴迪
404,美国,7.7,星际旅行8：第一类接触
405,美国,7.7,青春珊瑚岛
406,美国,7.7,超越边界
407,美国,7.7,好奇的乔治
408,美国,7.7,森林王子
409,美国,7.7,三百斯巴达勇士
410,美国,7.7,大地惊雷
411,美国,7.7,海底两万里
412,中国大陆,7.7,骆驼客
413,美国,7.7,七宝奇谋
414,英国,7.7,格列佛游记
415,美国,7.7,地心游记
416,美国,7.7,芭比梦幻仙境之人鱼公主
417,英国,7.7,赛马皮特
418,英国,7.7,蝇王
419,英国,7.7,小姐弟荒原历险
420,意大利,7.7,基督山恩仇记
421,美国,7.7,与神对话
422,苏联,7.7,运虎记
423,英国,7.7,被时间遗忘的土地
424,美国,7.7,别有洞天
425,英国,7.7,巴格达大盗
426,德国,7.7,小鱼历险记
427,法国,7.7,被放逐者
428,美国,7.6,奇异博士
429,美国,7.6,环太平洋
430,美国,7.6,侏罗纪世界
431,美国,7.6,蚁人
432,美国,7.6,死侍
433,美国,7.6,功夫熊猫3
434,美国,7.6,花木兰
435,美国,7.6,国家宝藏
436,美国,7.6,精灵鼠小弟
437,美国,7.6,丁丁历险记
438,美国,7.6,穿靴子的猫
439,美国,7.6,里约大冒险2
440,美国,7.6,马达加斯加2：逃往非洲
441,美国,7.6,泰山
442,美国,7.6,心理游戏
443,美国,7.6,天龙特攻队
444,美国,7.6,保罗
445,美国,7.6,赛车总动员2
446,美国,7.6,星尘
447,香港,7.6,新少林五祖
448,美国,7.6,极地特快
449,日本,7.6,怪物之子
450,美国,7.6,特别响，非常近
451,美国,7.6,海滩
452,美国,7.6,铁血战士
453,美国,7.6,全面回忆
454,法国,7.6,怪兽在巴黎
455,美国,7.6,谁陷害了兔子罗杰
456,美国,7.6,拜见罗宾逊一家
457,美国,7.6,星际旅行2：可汗怒吼
458,美国,7.6,最后的莫希干人
459,美国,7.6,小熊维尼
460,美国,7.6,探员卡特
461,美国,7.6,金刚
462,香港,7.6,少林三十六房
463,英国,7.6,飞天巨桃历险记
464,法国,7.6,亚马逊萌猴奇遇记
465,英国,7.6,非洲女王号
466,美国,7.6,农民宇航员
467,美国,7.6,再无可失
468,美国,7.6,苏利文的旅行
469,德国,7.6,神医
470,美国,7.6,瘪四与大头蛋
471,法国,7.6,新纽扣战争
472,英国,7.6,福尔摩斯秘史
473,瑞典,7.6,羽国之旅
474,美国,7.6,达尔文奖
475,中国大陆,7.6,嘎达梅林
476,美国,7.6,鹰狼传奇
477,美国,7.6,时空大挪移
462,香港,7.6,少林三十六房
463,英国,7.6,飞天巨桃历险记
464,法国,7.6,亚马逊萌猴奇遇记
465,英国,7.6,非洲女王号
466,美国,7.6,农民宇航员
467,美国,7.6,再无可失
468,美国,7.6,苏利文的旅行
469,德国,7.6,神医
470,美国,7.6,瘪四与大头蛋
471,法国,7.6,新纽扣战争
472,英国,7.6,福尔摩斯秘史
473,瑞典,7.6,羽国之旅
474,美国,7.6,达尔文奖
475,中国大陆,7.6,嘎达梅林
476,美国,7.6,鹰狼传奇
477,美国,7.6,时空大挪移
478,英国,7.6,纳瓦隆大炮
479,捷克,7.6,悍妻理论
480,法国,7.6,叽哩咕与野兽
481,英国,7.6,喀土穆
482,波兰,7.6,蛇谷的诅咒
483,美国,7.6,暴走列车
484,法国,7.6,方托马斯大战苏格兰场
485,中国大陆,7.5,寻龙诀
486,美国,7.5,加勒比海盗4：惊涛怪浪
487,美国,7.5,大侦探福尔摩斯
488,美国,7.5,雷神3：诸神黄昏
489,美国,7.5,蜘蛛侠
490,美国,7.5,大侦探福尔摩斯2：诡影游戏
491,美国,7.5,海洋奇缘
492,美国,7.5,侏罗纪公园2：失落的世界
493,美国,7.5,怪物史瑞克2
494,美国,7.5,云中行走
495,英国,7.5,憨豆特工
496,美国,7.5,怪物史瑞克4
497,美国,7.5,人类之子
498,香港,7.5,飞鹰计划
499,英国,7.5,007之黄金眼
500,美国,7.5,雷蒙·斯尼奇的不幸历险
501,俄罗斯,7.5,硬核亨利
502,美国,7.5,逗鸟外传：萌宝满天飞
503,美国,7.5,机器人历险记
504,美国,7.5,佐罗的面具
505,美国,7.5,火星任务
506,美国,7.5,亲爱的，我把孩子缩小了
507,美国,7.5,超人
508,英国,7.5,镜子面具
509,美国,7.5,星际旅行1：无限太空
510,美国,7.5,重见天日
511,美国,7.5,惊涛大冒险
512,美国,7.5,绝岭雄风
513,美国,7.5,冰雪女王
514,英国,7.5,垃圾男孩
515,台湾,7.5,爱情灵药
516,香港,7.5,地狱无门
517,日本,7.5,姿三四郎
518,英国,7.5,卡蜜儿
519,日本,7.5,宫本武藏
520,美国,7.5,落难见真情
521,日本,7.5,宫本武藏 完结篇 决斗岩流岛
522,日本,7.5,中国鸟人
523,美国,7.5,盖瑞
524,美国,7.5,狂野之河
525,墨西哥,7.5,无名
526,罗马尼亚,7.5,喝彩！
527,美国,7.5,大江东去
528,法国,7.5,方托马斯的反击
529,香港,7.5,白玉老虎
530,新西兰,7.5,狂野追踪
531,日本,7.5,踩虎尾的男人
532,美国,7.5,101忠狗续集：伦敦大冒险
533,香港,7.5,五虎将
534,美国,7.5,脱线先生
535,加拿大,7.5,宇宙奇趣录
536,美国,7.5,越战创伤
537,美国,7.5,生死狂澜
538,美国,7.5,天荒情未了
539,英国,7.5,水晶鞋与玫瑰花
540,美国,7.5,圣境预言书
541,法国,7.5,方托马斯
542,加拿大,7.5,圣女贞德
543,奥地利,7.5,鹰之路
544,美国,7.5,地心历险
545,意大利,7.5,月吟
546,丹麦,7.5,圣殿骑士之路尽头的国度
547,美国,7.4,蜘蛛侠：英雄归来
548,英国,7.4,哈利·波特与混血王子
549,俄罗斯,7.4,他是龙
550,美国,7.4,勇敢传说
551,美国,7.4,木乃伊归来
552,美国,7.4,马达加斯加的企鹅
553,美国,7.4,机器人9号
554,美国,7.4,海底总动员2：多莉去哪儿
555,美国,7.4,魔弦传说
556,美国,7.4,天才眼镜狗
557,英国,7.4,绝命海拔
558,美国,7.4,赶尽杀绝
559,美国,7.4,夺命深渊
560,美国,7.4,豪勇七蛟龙
561,美国,7.4,第一滴血3
562,美国,7.4,篱笆墙外
563,美国,7.4,亚历山大大帝
564,中国大陆,7.4,龙之谷：破晓奇兵
565,美国,7.4,亚特兰蒂斯：失落的帝国
566,美国,7.4,抚养亚利桑纳
567,法国,7.4,追踪长尾豹马修
568,美国,7.4,幻影英雄
569,美国,7.4,邮差
570,美国,7.4,亲爱的，我把我们缩小了
571,美国,7.4,菲比梦游奇境
572,德国,7.4,诺亚方舟漂流记
573,美国,7.4,忍者神龟
574,英国,7.4,卡贾基
575,美国,7.4,勇闯黄金城
576,加拿大,7.4,哥本哈根
577,美国,7.4,太空牛仔
578,美国,7.4,四根羽毛
579,美国,7.4,赌侠马华力
580,日本,7.4,宫本武藏续 一乘寺之决斗
581,法国,7.4,美丽新世界
582,法国,7.4,阿斯特里克斯历险记：诸神之宫殿
583,香港,7.4,海市蜃楼
584,俄罗斯,7.4,边疆
585,西德,7.4,眼镜蛇
586,波兰,7.4,铁幕性史
587,英国,7.4,士海蛟龙
588,英国,7.4,逃往雅典娜
589,土耳其,7.4,呼吸
590,美国,7.4,海底两万里
591,美国,7.4,裸杀万里追
592,美国,7.4,战地钟声
593,台湾,7.4,策马入林
594,美国,7.3,普罗米修斯
595,美国,7.3,加勒比海盗5：死无对证
596,美国,7.3,雷神2：黑暗世界
597,美国,7.3,饥饿游戏2：星火燎原
598,美国,7.3,超凡蜘蛛侠2
599,美国,7.3,星球大战外传：侠盗一号
600,美国,7.3,碟中谍3
601,美国,7.3,星际迷航3：超越星辰
602,美国,7.3,闪电狗
603,美国,7.3,101真狗
604,香港,7.3,我是谁
605,澳大利亚,7.3,快乐的大脚
606,美国,7.3,疯狂外星人
607,美国,7.3,极限特工
608,美国,7.3,猫头鹰王国：守卫者传奇
609,英国,7.3,007之黑日危机
610,美国,7.3,粉红豹
611,日本,7.3,最终幻想15：王者之剑
612,美国,7.3,公牛历险记
613,美国,7.3,海绵宝宝
614,美国,7.3,森林战士
615,香港,7.3,警察故事4：简单任务
616,法国,7.3,私奔B计划
617,美国,7.3,恐龙
618,美国,7.3,猪头逛大街
619,美国,7.3,史努比：花生大电影
620,台湾,7.3,新乌龙院2无敌反斗星
621,台湾,7.3,一路顺风
622,中国大陆,7.3,熊出没之雪岭熊风
623,美国,7.3,空战英豪
624,美国,7.3,电子世界争霸战
625,美国,7.3,辛巴达七海传奇
626,美国,7.3,林中漫步
627,美国,7.3,最高危机
628,美国,7.3,小叮当与海盗仙子
629,加拿大,7.3,雪地狂奔
630,西班牙,7.3,佣兵传奇
631,美国,7.3,杰克与豆茎
632,中国大陆,7.3,开心超人
633,美国,7.3,旅行的艺术
618,美国,7.3,猪头逛大街
619,美国,7.3,史努比：花生大电影
620,台湾,7.3,新乌龙院2无敌反斗星
621,台湾,7.3,一路顺风
622,中国大陆,7.3,熊出没之雪岭熊风
623,美国,7.3,空战英豪
624,美国,7.3,电子世界争霸战
625,美国,7.3,辛巴达七海传奇
626,美国,7.3,林中漫步
627,美国,7.3,最高危机
628,美国,7.3,小叮当与海盗仙子
629,加拿大,7.3,雪地狂奔
630,西班牙,7.3,佣兵传奇
631,美国,7.3,杰克与豆茎
632,中国大陆,7.3,开心超人
633,美国,7.3,旅行的艺术
634,美国,7.3,猫和老鼠: 飆风天王
635,美国,7.3,沙漠骑兵
636,法国,7.3,哥伦布传
637,韩国,7.3,577计划
638,法国,7.3,都市外来客
639,美国,7.3,熊的传说2
640,约旦,7.3,希布
641,美国,7.3,无人陪伴的儿童
642,美国,7.3,三个火枪手
643,意大利,7.3,金色大门
644,美国,7.3,烽火怪杰
645,美国,7.3,魔域煞星
646,法国,7.3,母牛
647,美国,7.3,鬼界超级混蛋
648,美国,7.3,神勇三蛟龙
649,美国,7.3,小姐与流浪汉2：狗儿逃家记
650,美国,7.3,森林王子
651,德国,7.3,维京小海盗
652,墨西哥,7.3,鲁宾逊漂流记
653,美国,7.2,复仇者联盟2：奥创纪元
654,美国,7.2,钢铁侠2
655,美国,7.2,超凡蜘蛛侠
656,美国,7.2,博物馆奇妙夜
657,美国,7.2,蜘蛛侠2
658,美国,7.2,特种部队：眼镜蛇的崛起
659,英国,7.2,纳尼亚传奇1：狮子、女巫和魔衣橱
660,美国,7.2,佩小姐的奇幻城堡
661,美国,7.2,星球大战8：最后的绝地武士
662,美国,7.2,怪物史瑞克3
663,澳大利亚,7.2,澳洲乱世情
664,美国,7.2,未来水世界
665,美国,7.2,通灵男孩诺曼
666,日本,7.2,追逐繁星的孩子
667,美国,7.2,比得兔
668,法国,7.2,亚瑟和他的迷你王国
669,美国,7.2,极速蜗牛
670,美国,7.2,奇幻精灵事件簿
671,英国,7.2,007之明日帝国
672,美国,7.2,龙卷风
673,美国,7.2,冲出宁静号
674,美国,7.2,海洋深处
675,印度,7.2,宝莱坞机器人之恋
676,韩国,7.2,田禹治
677,法国,7.2,星际之门
678,澳大利亚,7.2,疯狂的麦克斯2
679,英国,7.2,房车之旅
680,韩国,7.2,大虎
681,美国,7.2,怒犯天条
682,中国,7.2,陆小凤传奇之幽灵山庄
683,中国大陆,7.2,阿唐奇遇
684,美国,7.2,星际旅行3：石破天惊
685,美国,7.2,星际旅行9：起义
686,美国,7.2,魔幻迷宫
687,美国,7.2,安娜斯塔西娅
688,澳大利亚,7.2,鳄鱼邓迪
689,美国,7.2,环游世界八十天
690,香港,7.2,独臂刀王
691,美国,7.2,星战迷友
692,丹麦,7.2,扯线王子复仇记
693,美国,7.2,惊异大奇航
694,法国,7.2,偷马贼
695,美国,7.2,战士帮
696,香港,7.2,快活林
697,美国,7.2,白鲸记
698,芬兰,7.2,列宁格勒牛仔搭摩西
699,中国大陆,7.1,西游降魔篇
700,美国,7.1,神奇女侠
701,美国,7.1,星球大战7：原力觉醒
702,美国,7.1,波斯王子：时之刃
703,美国,7.1,国家宝藏：夺宝秘笈
704,美国,7.1,鲨滩
705,美国,7.1,香肠派对
706,美国,7.1,鲨鱼黑帮
707,美国,7.1,深海浩劫
708,英国,7.1,007之择日而亡
709,美国,7.1,恐龙当家
710,捷克,7.1,欧洲性旅行
711,美国,7.1,丛林大反攻
712,美国,7.1,赛车总动员3：极速挑战
713,美国,7.1,假期历险记
714,美国,7.1,卡萨诺瓦
715,英国,7.1,铁面人
716,美国,7.1,魔发精灵
717,法国,7.1,埃及艳后的任务
718,英国,7.1,007之金手指
719,加拿大,7.1,感官游戏
720,美国,7.1,猪头逛大街2
721,美国,7.1,军犬麦克斯
722,英国,7.1,鼠国流浪记
723,西班牙,7.1,猛鬼毕业典礼
724,英国,7.1,007之俄罗斯之恋
725,中国大陆,7.1,妈妈咪鸭
726,美国,7.1,魔鬼司令
727,美国,7.1,冰雪勇士
728,美国,7.1,侠盗王子罗宾汉
729,美国,7.1,十万火急
730,英国,7.1,孤筏重洋
731,法国,7.1,龙战
732,美国,7.1,匈奴大帝
733,印度,7.1,代号猛虎行动
734,美国,7.1,圣诞巴迪
735,美国,7.1,泰山2
736,美国,7.1,费城实验
737,法国,7.1,一千零一夜
738,美国,7.1,威猩闯天涯
739,美国,7.1,罗宾汉历险记
740,美国,7.1,黑夜幽灵
741,美国,7.1,上海快车
742,美国,7.1,荒野寻踪
743,美国,7.1,逃亡之路
744,美国,7.1,神秘的女蝙蝠侠
745,墨西哥,7.1,惊天动地抢人头
746,美国,7.0,爱丽丝梦游仙境
747,英国,7.0,王牌特工2：黄金圈
748,美国,7.0,太空旅客
749,法国,7.0,星际特工：千星之城
750,美国,7.0,蜘蛛侠3
751,美国,7.0,勇敢者游戏：决战丛林
752,美国,7.0,博物馆奇妙夜3
753,美国,7.0,末日崩塌
754,美国,7.0,碟中谍2
755,美国,7.0,全面回忆
756,美国,7.0,古墓丽影
757,日本,7.0,银魂
758,芬兰,7.0,愤怒的小鸟
759,美国,7.0,逃出克隆岛
760,捷克,7.0,范海辛
761,美国,7.0,独行侠
762,美国,7.0,侏罗纪公园3
763,美国,7.0,哥斯拉
764,美国,7.0,亚瑟王：斗兽争霸
765,美国,7.0,精灵鼠小弟2
766,美国,7.0,别惹蚂蚁
767,美国,7.0,在路上
768,丹麦,7.0,野蛮人罗纳尔
769,美国,7.0,时间机器
770,美国,7.0,游侠索罗：星球大战外传
771,美国,7.0,野兽家园
772,美国,7.0,菠萝快车
773,美国,7.0,王者之心
774,美国,7.0,神探飞机头2
775,美国,7.0,102真狗
776,美国,7.0,荒野大飚客
777,美国,7.0,泰若星球
778,美国,7.0,布鲁姆兄弟
779,美国,7.0,夺金三王
780,美国,7.0,森林泰山
781,美国,7.0,蚁哥正传
782,英国,7.0,007之黎明生机
783,英国,7.0,007之最高机密
784,英国,7.0,007之海底城
785,美国,7.0,整九码
786,日本,7.0,20世纪少年 最终章 我们的旗帜
787,德国,7.0,尼伯龙根的指环
788,美国,7.0,生命的证据
789,英国,7.0,神秘博士归来
775,美国,7.0,102真狗
776,美国,7.0,荒野大飚客
777,美国,7.0,泰若星球
778,美国,7.0,布鲁姆兄弟
779,美国,7.0,夺金三王
780,美国,7.0,森林泰山
781,美国,7.0,蚁哥正传
782,英国,7.0,007之黎明生机
783,英国,7.0,007之最高机密
784,英国,7.0,007之海底城
785,美国,7.0,整九码
786,日本,7.0,20世纪少年 最终章 我们的旗帜
787,德国,7.0,尼伯龙根的指环
788,美国,7.0,生命的证据
789,英国,7.0,神秘博士归来
790,日本,7.0,黑猫鲁道夫
791,美国,7.0,无敌大猩猩
792,美国,7.0,魔茧
793,美国,7.0,晶兵总动员
794,中国大陆,7.0,神秘世界历险记
795,美国,7.0,天堂有难
796,德国,7.0,汤姆·索亚历险记
797,法国,7.0,长颈鹿扎拉法
798,法国,7.0,高卢英雄大战维京海盗
799,美国,7.0,逃离地下天堂
800,土耳其,7.0,伊拉克恶狼谷
801,美国,7.0,外星恋
802,美国,7.0,泡泡男孩
803,英国,6.9,007：大破天幕杀机
804,中国大陆,6.9,狼图腾
805,美国,6.9,神偷奶爸3
806,美国,6.9,超人：钢铁之躯
807,美国,6.9,沉睡魔咒
808,美国,6.9,安德的游戏
809,美国,6.9,遗落战境
810,美国,6.9,终结者：创世纪
811,美国,6.9,豚鼠特攻队
812,美国,6.9,地狱男爵
813,美国,6.9,刀锋战士
814,英国,6.9,魔法奇幻秀
815,美国,6.9,夺宝奇兵4
816,美国,6.9,刀锋战士2
817,美国,6.9,大战外星人
818,美国,6.9,佐罗传奇
819,美国,6.9,粉红豹2
820,日本,6.9,穿越时空的少女
821,香港,6.9,蜀山：新蜀山剑侠
822,香港,6.9,龙兄虎弟
823,英国,6.9,神奇海盗团
824,英国,6.9,007之诺博士
825,美国,6.9,公主新娘
826,美国,6.9,墨西哥人
827,西班牙,6.9,挑战者联盟
828,英国,6.9,007之太空城
829,美国,6.9,儿女一箩筐2
830,法国,6.9,空中杀阵
831,中国,6.9,神鞭
832,美国,6.9,亲爱的，我把孩子放大了
833,美国,6.9,铁钩船长
834,德国,6.9,寻找幸福的赫克托
835,美国,6.9,勒索风云
836,美国,6.9,无敌雷诺
837,英国,6.9,英伦战火
838,法国,6.9,太空英雌芭芭丽娜
839,香港,6.9,冷血十三鹰
840,美国,6.9,火箭手
841,美国,6.9,太空炮弹
842,美国,6.9,消失的地平线
843,西德,6.9,大魔域
844,美国,6.9,比尔和泰德畅游鬼门关
845,美国,6.9,绿宝石
846,西班牙,6.9,惊爆无底洞
847,美国,6.8,饥饿游戏
848,美国,6.8,灰姑娘
849,美国,6.8,移动迷宫
850,中国大陆,6.8,大兵小将
851,美国,6.8,博物馆奇妙夜2
852,美国,6.8,敢死队2
853,法国,6.8,阿黛拉的非凡冒险
854,美国,6.8,纳尼亚传奇2：凯斯宾王子
855,中国大陆,6.8,南极之恋
856,美国,6.8,圆梦巨人
857,美国,6.8,危情谍战
858,香港,6.8,风云雄霸天下
859,美国,6.8,决战猩球
860,美国,6.8,糊涂侦探
861,香港,6.8,古今大战秦俑情
862,美国,6.8,热带惊雷
863,爱尔兰,6.8,亚瑟王
864,中国大陆,6.8,秦时明月之龙腾万里
865,香港,6.8,黄飞鸿之西域雄狮
866,美国,6.8,莉琪的异想世界
867,美国,6.8,蜜蜂总动员
868,美国,6.8,迷失Z城
869,美国,6.8,星际传奇2
870,美国,6.8,光晕4：航向黎明号
871,美国,6.8,最终幻想：灵魂深处
872,西班牙,6.8,51号星球
873,美国,6.8,富贵吉娃娃
874,日本,6.8,20世纪少年
875,中国大陆,6.8,熊出没·变形记
876,英国,6.8,黑海夺金
877,美国,6.8,天崩地裂
878,英国,6.8,007之杀人执照
879,英国,6.8,007之霹雳弹
880,英国,6.8,007之八爪女
881,英国,6.8,007之雷霆谷
882,英国,6.8,007之雷霆杀机
883,美国,6.8,摇滚之神
884,比利时,6.8,萨米大冒险
885,美国,6.8,一路响叮当
886,美国,6.8,虫洞效应
887,美国,6.8,迷失太空
888,美国,6.8,太平洋幽灵
889,美国,6.8,新木马屠城记
890,美国,6.8,神奇女侠
891,美国,6.8,小马宝莉大电影
892,德国,6.8,非我吉日
893,美国,6.8,龙之心
894,美国,6.8,第十三个勇士
895,澳大利亚,6.8,企鹅小守护
896,英国,6.8,时光大盗
897,英国,6.8,穿越时空的古宅
898,瑞典,6.8,圣殿骑士
899,美国,6.8,狩猎聚会
900,德国,6.8,该死的歌德2
901,英国,6.8,希望的诞生
902,美国,6.8,马可波罗回香都
903,美国,6.8,比尔和泰德历险记
904,印度,6.8,惊情谍变
905,美国,6.8,亲爱的埃莉诺
906,日本,6.8,姿三四郎续集
907,日本,6.8,里见八犬传
908,美国,6.8,森林王子2
909,美国,6.7,雷神
910,美国,6.7,敢死队
911,美国,6.7,爱丽丝梦游仙境2：镜中奇遇记
912,美国,6.7,敢死队3
913,美国,6.7,终结者2018
914,美国,6.7,狂暴巨兽
915,美国,6.7,霹雳娇娃
916,法国,6.7,三个火枪手
917,美国,6.7,冰川时代5：星际碰撞
918,美国,6.7,地心历险记
919,美国,6.7,地狱男爵2：黄金军团
920,新西兰,6.7,尼斯湖怪：深水传说
921,英国,6.7,黑暗侵袭2
922,美国,6.7,猫狗大战
923,美国,6.7,海神号
924,美国,6.7,罗宾汉
925,美国,6.7,微光城市
926,香港,6.7,黑侠
927,美国,6.7,四眼天鸡
928,英国,6.7,浪漫鼠德佩罗
929,美国,6.7,六天七夜
930,韩国,6.7,好家伙、坏家伙、怪家伙
931,美国,6.7,鼠来宝4：萌在囧途
932,美国,6.7,丛林奇兵
933,美国,6.7,丛林大反攻2
934,美国,6.7,碧海追踪
935,美国,6.7,疯狂金车
936,美国,6.7,狙击职业杀手
937,英国,6.7,007之金刚钻
938,美国,6.7,尼姆岛
939,英国,6.7,007之金枪人
940,英国,6.7,007之你死我活
941,美国,6.7,星际旅行5：终极先锋
942,香港,6.7,新火烧红莲寺
943,美国,6.7,绿灯侠：首次飞行
944,澳大利亚,6.7,丛林
945,英国,6.7,007外传之巡弋飞弹
946,美国,6.7,割喉岛
931,美国,6.7,鼠来宝4：萌在囧途
932,美国,6.7,丛林奇兵
933,美国,6.7,丛林大反攻2
934,美国,6.7,碧海追踪
935,美国,6.7,疯狂金车
936,美国,6.7,狙击职业杀手
937,英国,6.7,007之金刚钻
938,美国,6.7,尼姆岛
939,英国,6.7,007之金枪人
940,英国,6.7,007之你死我活
941,美国,6.7,星际旅行5：终极先锋
942,香港,6.7,新火烧红莲寺
943,美国,6.7,绿灯侠：首次飞行
944,澳大利亚,6.7,丛林
945,英国,6.7,007外传之巡弋飞弹
946,美国,6.7,割喉岛
947,美国,6.7,敌对分子
948,美国,6.7,鲁滨逊漂流记
949,德国,6.7,土耳其语入门
950,法国,6.7,乡下人雅克
951,美国,6.7,超级大骗子
952,美国,6.7,冰冻星球
953,美国,6.7,少年福尔摩斯
954,法国,6.7,高卢英雄拯救英格兰
955,韩国,6.7,冰雨
956,香港,6.7,香港也疯狂
957,美国,6.7,忍者神龟2
958,美国,6.7,黑湖妖谭
959,Canada,6.7,白雪公主
960,日本,6.7,杉原千亩
961,加拿大,6.7,棒球小英雄
962,中国大陆,6.6,十二生肖
963,美国,6.6,黑豹
964,美国,6.6,美国队长
965,美国,6.6,蝙蝠侠大战超人：正义黎明
966,美国,6.6,正义联盟
967,美国,6.6,金刚：骷髅岛
968,美国,6.6,超级战舰
969,美国,6.6,暮光之城4：破晓(下)
970,香港,6.6,十兄弟
971,美国,6.6,玩命直播
972,美国,6.6,艾利之书
973,巴西,6.6,狂蟒之灾
974,捷克,6.6,格林兄弟
975,美国,6.6,贝奥武夫
976,美国,6.6,绝密飞行
977,美国,6.6,玉子
978,美国,6.6,地心抢险记
979,英国,6.6,战鸽总动员
980,美国,6.6,勇敢者的游戏2：太空飞行棋
981,美国,6.6,拯救小兔
982,法国,6.6,特种部队
983,法国,6.6,郁金香芳芳
984,美国,6.6,天空上尉与明日世界
985,美国,6.6,逃离地球
986,英国,6.6,007之女王密使
987,美国,6.6,神探南茜
988,南非,6.6,赞鸟历险记
989,加拿大,6.6,狂野大自然
990,加拿大,6.6,持枪流浪汉
991,美国,6.6,致命快感
992,美国,6.6,地狱归来
993,英国,6.6,铁甲衣
994,法国,6.6,高卢英雄大战凯撒王子
995,比利时,6.6,魔法总动员
996,美国,6.6,蝙蝠侠大战罗宾
997,韩国,6.6,心心历险记
998,爱尔兰,6.6,金银岛
999,美国,6.6,刚果惊魂
1000,美国,6.6,太空巴迪
1001,加拿大,6.6,星际之门：时空连续
1002,美国,6.6,野蛮人柯南
1003,美国,6.6,第一武士
1004,芬兰,6.6,极地大冒险
1005,丹麦,6.6,日出英烈祠
1006,加拿大,6.6,异形终结
1007,加拿大,6.6,北极大冒险
1008,美国,6.6,星际之门：真理之盒
1009,美国,6.6,寻宝假期
1010,中国大陆,6.6,青蛙王国
1011,比利时,6.6,萨米大冒险2
1012,香港,6.6,金燕子
1013,英国,6.6,牙买加旅店
1014,香港,6.6,钱作怪
1015,中国大陆,6.6,庭院里的女人
1016,香港,6.6,荡寇志
1017,英国,6.6,汤姆·琼斯
1018,日本,6.6,蟹工船
1019,台湾,6.6,好小子之游侠儿
1020,澳大利亚,6.6,鳄鱼邓迪2
1021,香港,6.6,盘丝洞
1022,美国,6.5,神奇四侠
1023,美国,6.5,创：战纪
1024,美国,6.5,超人归来
1025,美国,6.5,纳尼亚传奇3：黎明踏浪号
1026,美国,6.5,心灵传输者
1027,美国,6.5,古墓丽影2
1028,中国大陆,6.5,七十七天
1029,美国,6.5,霹雳娇娃2
1030,美国,6.5,刀锋战士3
1031,美国,6.5,极限特工2
1032,美国,6.5,人狼大战
1033,德国,6.5,蝎子王
1034,中国大陆,6.5,天地英雄
1035,英国,6.5,法老与众神
1036,法国,6.5,了不起的菲丽西
1037,日本,6.5,生化危机：复仇
1038,美国,6.5,蠢蛋进化论
1039,法国,6.5,亚瑟3：终极对决
1040,美国,6.5,戴夫号飞船
1041,美国,6.5,猪头逛大街3
1042,美国,6.5,临时特工
1043,中国大陆,6.5,康定情歌
1044,美国,6.5,凤凰劫
1045,香港,6.5,卫斯理传奇
1046,韩国,6.5,台风
1047,美国,6.5,捉鬼敢死队2
1048,美国,6.5,超人之死
1049,美国,6.5,洛杉矶大逃亡
1050,日本,6.5,妖怪大战争
1051,澳大利亚,6.5,凯利党
1052,日本,6.5,秋叶原@DEEP
1053,加拿大,6.5,抢劫坚果店2
1054,美国,6.5,诸神之战
1055,美国,6.5,金刚：传奇重生
1056,香港,6.5,幽灵山庄
1057,美国,6.5,森林泰山2
1058,日本,6.5,252生存者
1059,美国,6.4,哥斯拉
1060,美国,6.4,忍者神龟：变种时代
1061,美国,6.4,分歧者：异类觉醒
1062,英国,6.4,007：大破量子危机
1063,美国,6.4,特种部队2：全面反击
1064,美国,6.4,黄金罗盘
1065,美国,6.4,神战：权力之眼
1066,中国大陆,6.4,李献计历险记
1067,日本,6.4,日本沉没
1068,中国大陆,6.4,熊出没之夺宝熊兵
1069,美国,6.4,上海正午2：上海骑士
1070,日本,6.4,变相黑侠
1071,美国,6.4,绝命反击
1072,美国,6.4,蒙特卡洛
1073,韩国,6.4,海盗
1074,美国,6.4,破处之旅
1075,美国,6.4,飞机总动员
1076,瑞士,6.4,太空运输
1077,日本,6.4,少女杀手阿墨
1078,澳大利亚,6.4,疯狂的麦克斯3
1079,美国,6.4,彼得的龙
1080,美国,6.4,楼上的外星人
1081,美国,6.4,重返中世纪
1082,意大利,6.4,少年透明人
1083,英国,6.4,撒哈拉
1084,香港,6.4,画中仙
1085,西班牙,6.4,秘鲁大冒险
1086,美国,6.4,蝙蝠侠之子
1087,英国,6.4,超级少女
1088,美国,6.4,图书馆员：所罗门王的宝藏
1089,日本,6.4,回归者
1090,英国,6.4,与恐龙同行
1091,日本,6.4,太阳王子霍尔斯的大冒险
1092,美国,6.4,妖魔大闹唐人街
1093,印度,6.4,印度超人
1094,香港,6.4,孔雀王子
1095,美国,6.4,巨星总动员
1096,英国,6.4,纽约大逃亡
1097,美国,6.4,蝙蝠侠与哈莉·奎恩
1098,美国,6.4,正义联盟：新的边际
1099,美国,6.4,布偶大电影之最高通缉
1100,韩国,6.4,波鲁鲁冰雪大冒险
1101,法国,6.4,OSS117之开罗谍影
1102,香港,6.4,财叔之横扫千军
1087,英国,6.4,超级少女
1088,美国,6.4,图书馆员：所罗门王的宝藏
1089,日本,6.4,回归者
1090,英国,6.4,与恐龙同行
1091,日本,6.4,太阳王子霍尔斯的大冒险
1092,美国,6.4,妖魔大闹唐人街
1093,印度,6.4,印度超人
1094,香港,6.4,孔雀王子
1095,美国,6.4,巨星总动员
1096,英国,6.4,纽约大逃亡
1097,美国,6.4,蝙蝠侠与哈莉·奎恩
1098,美国,6.4,正义联盟：新的边际
1099,美国,6.4,布偶大电影之最高通缉
1100,韩国,6.4,波鲁鲁冰雪大冒险
1101,法国,6.4,OSS117之开罗谍影
1102,香港,6.4,财叔之横扫千军
1103,法国,6.4,豪情玫瑰
1104,美国,6.4,小鬼上路
1105,美国,6.4,神秘匹兹堡
1106,美国,6.4,潜行者
1107,韩国,6.4,王的记事簿
1108,中国大陆,6.3,神话
1109,中国大陆,6.3,赤壁(上)
1110,美国,6.3,暮光之城4：破晓(上)
1111,美国,6.3,古墓丽影：源起之战
1112,美国,6.3,忍者神龟2：破影而出
1113,美国,6.3,异星战场
1114,美国,6.3,明日世界
1115,美国,6.3,魔境仙踪
1116,香港,6.3,中华英雄
1117,德国,6.3,墨水心
1118,香港,6.3,忍者神龟
1119,美国,6.3,上海正午
1120,美国,6.3,狂蟒之灾2
1121,美国,6.3,丛林有情狼
1122,美国,6.3,蓝精灵：寻找神秘村
1123,美国,6.3,非常小特务
1124,加拿大,6.3,抢劫坚果店
1125,美国,6.3,惊魂半小时
1126,英国,6.3,新乌龙女校2：弗里顿的黄金的传奇
1127,英国,6.3,百夫长
1128,美国,6.3,神探加吉特
1129,美国,6.3,王牌大贱谍
1130,美国,6.3,超狗任务
1131,美国,6.3,王牌大贱谍2
1132,俄罗斯,6.3,白虎
1133,法国,6.3,我的爸爸是森林之王
1134,韩国,6.3,十亿韩元
1135,德国,6.3,呆呆精灵
1136,美国,6.3,小鬼神偷
1137,美国,6.3,风中奇缘2
1138,香港,6.3,追日
1139,美国,6.3,地海传说
1140,美国,6.3,艾米莉亚
1141,韩国,6.3,杀掉我
1142,美国,6.3,碧血长天
1143,香港,6.3,武林圣火令
1144,美国,6.3,蝙蝠侠：披风斗士归来
1145,美国,6.3,终极复仇者
1146,美国,6.3,恐怖因素
1147,美国,6.3,毁灭者科南
1148,美国,6.3,赤胆豪情
1149,日本,6.3,寿司王子！前往纽约
1150,荷兰,6.3,新地岛
1151,香港,6.3,六指琴魔
1152,美国,6.3,正义前锋
1153,俄罗斯,6.3,倒计时
1154,美国,6.3,地心游记
1155,美国,6.3,地狱男爵动画版：风暴之剑
1156,英国,6.2,007：幽灵党
1157,中国大陆,6.2,花木兰
1158,美国,6.2,饥饿游戏3：嘲笑鸟(下)
1159,美国,6.2,地心历险记2：神秘岛
1160,美国,6.2,神奇四侠2
1161,美国,6.2,新铁血战士
1162,美国,6.2,超人高校
1163,美国,6.2,莱姆酒日记
1164,中国大陆,6.2,麦兜·饭宝奇兵
1165,中国大陆,6.2,熊出没之熊心归来
1166,匈牙利,6.2,月亮坪的秘密
1167,俄罗斯,6.2,密码疑云
1168,日本,6.2,宇宙战舰大和号
1169,美国,6.2,非常小特务2
1170,美国,6.2,王牌大贱谍3
1171,英国,6.2,黑死病
1172,美国,6.2,瑜伽熊
1173,香港,6.2,战神传说
1174,美国,6.2,乐高幻影忍者大电影
1175,美国,6.2,沙丘
1176,意大利,6.2,人食人实录
1177,美国,6.2,大学之旅
1178,英国,6.2,超人3
1179,中国大陆,6.2,猫与桃花源
1180,美国,6.2,抢钱袋鼠
1181,美国,6.2,图书馆员：圣杯的诅咒
1182,西班牙,6.2,冰肤传说
1183,美国,6.2,超人：解放
1184,香港,6.2,杀手的童话
1185,香港,6.2,阿修罗
1186,美国,6.2,地球回音
1187,英国,6.2,007别传之皇家夜总会
1188,美国,6.2,黑骑士
1189,美国,6.2,黑魔王
1190,日本,6.2,哥斯拉之终极战役
1191,美国,6.2,太空黑猩猩
1192,美国,6.2,少年特工科迪2
1193,香港,6.2,巡城马
1194,美国,6.2,少年雷神
1195,美国,6.2,绝地战将
1196,中国大陆,6.2,神秘世界历险记2
1197,美国,6.2,时光骇客
1198,美国,6.1,魔法师的学徒
1199,美国,6.1,巨人捕手杰克
1200,美国,6.1,汉娜
1201,日本,6.1,地海传说
1202,美国,6.1,鸡皮疙瘩
1203,美国,6.1,小飞侠：幻梦启航
1204,澳大利亚,6.1,疯狂的麦克斯
1205,美国,6.1,奇趣马戏团：吸血鬼的助手
1206,美国,6.1,魔窟
1207,美国,6.1,史酷比
1208,英国,6.1,观光客
1209,美国,6.1,远山恋人
1210,法国,6.1,决战豪门
1211,美国,6.1,地狱骑士
1212,美国,6.1,图书馆员：寻找命运之矛的探险
1213,加拿大,6.1,少年特工科迪
1214,韩国,6.1,1724妓房动乱事件
1215,美国,6.1,我是间谍
1216,中国大陆,6.1,昆塔：盒子总动员
1217,美国,6.1,火鸟出击
1218,澳大利亚,6.1,直捣黄龙
1219,日本,6.1,咯咯咯的鬼太郎：千年咒歌
1220,英国,6.1,早期人类
1221,挪威,6.1,最后的王
1222,意大利,6.1,最后的食人族世界
1223,中国大陆,6.1,绿林大冒险
1224,美国,6.1,忍者神龟3
1225,香港,6.1,少林豪侠传
1226,西班牙,6.1,狗狗的疯狂假期
1227,香港,6.1,金燕子
1228,美国,6.0,诸神之战
1229,中国大陆,6.0,决战刹马镇
1230,美国,6.0,泰山归来：险战丛林
1231,加拿大,6.0,庞贝末日
1232,美国,6.0,格列佛游记
1233,英国,6.0,毁灭战士
1234,美国,6.0,火鸡总动员
1235,英国,6.0,火龙帝国
1236,美国,6.0,三脚猫部队
1237,USA,6.0,少年魔法师电影版
1238,加拿大,6.0,金刚归来
1239,香港,6.0,醉马骝
1240,比利时,6.0,月球大冒险
1241,西班牙,6.0,恐怖货轮
1242,中国大陆,6.0,神秘世界历险记3
1243,加拿大,6.0,贝奥武夫与怪兽格兰戴尔
1244,美国,6.0,史酷比2
1245,日本,6.0,武曲
1246,美国,6.0,极度冒险
1247,美国,6.0,终极复仇者2：黑豹的崛起
1248,印度,6.0,阿拉丁
1249,美国,6.0,假死新人生
1250,美国,6.0,罗宾汉之箭
1251,美国,5.9,白雪公主之魔镜魔镜
1252,英国,5.9,波西·杰克逊与神火之盗
1253,美国,5.9,诸神之怒
1254,美国,5.9,史前一万年
1255,美国,5.9,环游地球八十天
1256,芬兰,5.9,极地大冒险2
1257,美国,5.9,宙斯之子：赫拉克勒斯
1258,英国,5.9,鲨海
1243,加拿大,6.0,贝奥武夫与怪兽格兰戴尔
1244,美国,6.0,史酷比2
1245,日本,6.0,武曲
1246,美国,6.0,极度冒险
1247,美国,6.0,终极复仇者2：黑豹的崛起
1248,印度,6.0,阿拉丁
1249,美国,6.0,假死新人生
1250,美国,6.0,罗宾汉之箭
1251,美国,5.9,白雪公主之魔镜魔镜
1252,英国,5.9,波西·杰克逊与神火之盗
1253,美国,5.9,诸神之怒
1254,美国,5.9,史前一万年
1255,美国,5.9,环游地球八十天
1256,芬兰,5.9,极地大冒险2
1257,美国,5.9,宙斯之子：赫拉克勒斯
1258,英国,5.9,鲨海
1259,英国,5.9,拯救大明星
1260,美国,5.9,王子殿下
1261,美国,5.9,回到火星
1262,美国,5.9,正义联盟：亚特兰蒂斯的宝座
1263,中国大陆,5.9,血狼犬
1264,意大利,5.9,处女地
1265,中国大陆,5.9,大耳朵图图之美食狂想曲
1266,美国,5.9,终极神鹰
1267,美国,5.9,后裔
1268,美国,5.9,戴夫造了个迷宫
1269,日本,5.9,再造人卡辛
1270,美国,5.9,复活
1271,俄罗斯,5.9,绿野仙踪之奥兹国奇幻之旅
1272,美国,5.9,万鳄巨兽
1273,印度,5.9,动物也疯狂
1274,美国,5.9,无所事事的海盗
1275,法国,5.9,OSS117之里约谍影
1276,美国,5.8,饥饿游戏3：嘲笑鸟(上)
1277,美国,5.8,分歧者2：绝地反击
1278,美国,5.8,最后的巫师猎人
1279,香港,5.8,神枪手
1280,西班牙,5.8,驯龙骑士
1281,中国大陆,5.8,发条城市
1282,香港,5.8,飞侠小白龙
1283,英国,5.8,双雄
1284,中国大陆,5.8,兔侠传奇
1285,美国,5.8,午夜逃亡
1286,美国,5.8,非常小特务3
1287,美国,5.8,淘金俏冤家
1288,德国,5.8,风暴突击者
1289,法国,5.8,企业战士2：极限挑战
1290,美国,5.8,荒岛惊魂
1291,德国,5.8,丛林之王
1292,法国,5.8,最后的兵团
1293,美国,5.8,开拓者
1294,美国,5.8,绿色地狱
1295,美国,5.8,爱情失事
1296,法国,5.8,决战豪门2
1297,美国,5.8,蝙蝠侠无极限：动物本能
1298,美国,5.8,蝙蝠侠无极限：怪兽来袭
1299,德国,5.8,G调的玛瑙红
1300,美国,5.8,史宾机器人：重启
1301,美国,5.8,雪山奇迹
1302,俄罗斯,5.8,疾速行动
1303,中国大陆,5.8,刺猬小子之天生我刺
1304,美国,5.7,环太平洋：雷霆再起
1305,美国,5.7,极限特工3：终极回归
1306,美国,5.7,移动迷宫2
1307,香港,5.7,千机变
1308,中国大陆,5.7,决战紫禁之巅
1309,美国,5.7,分歧者3：忠诚世界
1310,美国,5.7,诺亚方舟：创世之旅
1311,美国,5.7,魔法黑森林
1312,美国,5.7,魔兽战场
1313,中国大陆,5.7,洛克王国2：圣龙的心愿
1314,France / Czech Republic / UK,5.7,所罗门王凯恩
1315,澳大利亚,5.7,逃亡鳄鱼岛
1316,美国,5.7,元年
1317,美国,5.7,宾虚
1318,韩国,5.7,中天
1319,土耳其,5.7,征服1453
1320,比利时,5.7,鲁滨逊漂流记
1321,印度,5.7,月光集市到中国
1322,日本,5.7,JOJO的奇妙冒险：不灭钻石 第一章
1323,英国,5.7,超人4：和平任务
1324,德国,5.7,盗潜黄金城
1325,美国,5.7,布希维克
1326,美国,5.7,戴帽子的猫
1327,美国,5.7,死亡之舞
1328,加拿大,5.7,萌犬好声音
1329,南非,5.7,斑马总动员
1330,中国大陆,5.7,开心超人2：启源星之战
1331,韩国,5.7,朝鲜名侦探：吸血怪魔的秘密
1332,日本,5.7,苍狼：直至天涯海角
1333,俄罗斯,5.7,人烟之岛2：战斗
1334,意大利,5.7,食人族
1335,印度 India,5.7,果阿猎人
1336,法国,5.7,飞鸟历险记
1337,俄罗斯,5.7,魔鬼的精神
1338,美国,5.6,独立日2：卷土重来
1339,美国,5.6,龙骑士
1340,美国,5.6,波西·杰克逊与魔兽之海
1341,美国,5.6,魔力女战士
1342,美国,5.6,魔鬼山历险记
1343,美国,5.6,非常小特工之时间大盗
1344,美国,5.6,蝎子王2：勇士的崛起
1345,美国,5.6,失落的大陆
1346,韩国,5.6,最后的骑士
1347,西班牙,5.6,末日浩劫
1348,美国,5.6,网聘女伴
1349,德国,5.6,一声惊雷
1350,美国,5.6,猎鹰突起
1351,法国,5.6,眩晕
1352,英国,5.6,深湖巨兽
1353,澳大利亚,5.6,黑水
1354,意大利,5.6,骑士蒂朗
1355,美国,5.6,复仇者
1356,英国,5.6,尸地余生
1357,日本,5.6,珠峰：神之山岭
1358,俄罗斯,5.6,怒战狂心
1359,中国大陆,5.6,玩偶奇兵
1360,英国,5.6,最后的空降兵
1361,中国大陆,5.5,万万没想到
1362,美国,5.5,重返地球
1363,美国,5.5,女巫季节
1364,意大利,5.5,伏地魔：传人的起源
1365,俄罗斯,5.5,超能游戏者
1366,香港,5.5,地上最强
1367,美国,5.5,神鬼传奇之法老王的咒语
1368,中国大陆,5.5,金箍棒传奇2：沙僧的逆袭
1369,德国,5.5,龙与地下城2:龙王的愤怒
1370,香港,5.5,银河守卫队
1371,美国,5.5,军犬麦克斯2：白宫英雄
1372,俄罗斯,5.5,大师之书
1373,美国,5.5,卧底学园
1374,中国大陆,5.4,道士下山
1375,美国,5.4,木乃伊3
1376,美国,5.4,刺客信条
1377,美国,5.4,白雪公主与猎人
1378,美国,5.4,移动迷宫3：死亡解药
1379,美国,5.4,猎神：冬日之战
1380,美国,5.4,圣杯神器：骸骨之城
1381,中国,5.4,天脉传奇
1382,加拿大,5.4,艾丽卡
1383,美国,5.4,表情奇幻冒险
1384,美国,5.4,超人集中营
1385,俄罗斯,5.4,人烟之岛
1386,法国,5.4,王子与108煞
1387,美国,5.4,格斗之王
1388,美国,5.4,神探飞机头3
1389,美国,5.4,隐形姐妹
1390,法国,5.4,法国间谍
1391,韩国,5.4,考拉大冒险
1392,中国大陆,5.4,魔游纪1：盘古之心
1393,墨西哥,5.4,怪物岛
1394,中国大陆,5.4,兔子镇的火狐狸
1395,美国,5.3,功夫之王
1396,中国大陆,5.3,千机变Ⅱ花都大战
1397,美国,5.3,木星上行
1398,中国大陆,5.3,侠盗联盟
1399,香港,5.3,我的特工爷爷
1400,美国,5.3,王者之剑
1401,中国大陆,5.3,喜羊羊与灰太狼之开心闯龙年
1402,中国大陆,5.3,齐天大圣·万妖之城
1403,日本,5.3,欢笑大天使
1404,加拿大,5.3,水世界
1405,美国,5.3,碧海追踪2：暗礁
1406,中国大陆,5.3,萤火奇兵
1407,香港,5.2,飞鹰
1408,美国,5.2,防弹武僧
1409,美国,5.2,星河战队3：掠夺者
1410,美国,5.2,变异编年史
1411,中国大陆,5.2,喜羊羊与灰太狼之喜气羊羊过蛇年
1412,美国,5.2,龙与地下城
1413,美国,5.2,死亡占卜
1414,澳大利亚,5.2,星际叛将：欧西里斯之子
1399,香港,5.3,我的特工爷爷
1400,美国,5.3,王者之剑
1401,中国大陆,5.3,喜羊羊与灰太狼之开心闯龙年
1402,中国大陆,5.3,齐天大圣·万妖之城
1403,日本,5.3,欢笑大天使
1404,加拿大,5.3,水世界
1405,美国,5.3,碧海追踪2：暗礁
1406,中国大陆,5.3,萤火奇兵
1407,香港,5.2,飞鹰
1408,美国,5.2,防弹武僧
1409,美国,5.2,星河战队3：掠夺者
1410,美国,5.2,变异编年史
1411,中国大陆,5.2,喜羊羊与灰太狼之喜气羊羊过蛇年
1412,美国,5.2,龙与地下城
1413,美国,5.2,死亡占卜
1414,澳大利亚,5.2,星际叛将：欧西里斯之子
1415,美国,5.2,失落的未来
1416,台湾,5.2,迷你特攻队
1417,中国大陆,5.1,长城
1418,美国,5.1,生死新纪元
1419,美国,5.1,生死格斗
1420,中国大陆,5.1,重返大海
1421,德国,5.1,孤岛惊魂
1422,澳大利亚,5.1,明日，战争爆发时
1423,日本,5.1,西游记
1424,中国大陆,5.1,老九门番外之虎骨梅花
1425,日本,5.1,棺材的传说
1426,中国大陆,5.1,青蛙王国之冰冻大冒险
1427,中国大陆,5.0,功夫瑜伽
1428,英国,5.0,第七子：降魔之战
1429,美国,5.0,星河战队2：联邦英雄
1430,美国,5.0,黑暗塔
1431,美国,5.0,史诗电影
1432,中国大陆,5.0,洛克王国3：圣龙的守护
1433,芬兰,5.0,冰峰游戏
1434,英国,5.0,英雄时代
1435,西班牙,5.0,天外魔蛛
1436,美国,5.0,无敌钢铁侠
1437,美国,4.9,最后的风之子
1438,美国,4.9,黑暗崛起
1439,美国,4.9,地心游记
1440,美国,4.8,新木乃伊
1441,香港,4.8,风云2
1442,美国,4.8,大力神
1443,中国大陆,4.8,一起飞
1444,美国,4.8,刺客学妹
1445,美国,4.8,狂蟒之灾3
1446,中国大陆,4.8,喜羊羊与灰太狼之羊年喜羊羊
1447,泰国,4.8,端岛计划
1448,俄罗斯,4.8,超能游戏者2
1449,挪威 Norway,4.8,神秘仙境
1450,中国大陆,4.7,盗墓笔记
1451,中国大陆,4.7,赛尔号大电影4：圣魔之战
1452,美国,4.7,超凡战队
1453,中国大陆,4.7,巨额交易
1454,日本,4.7,铁拳
1455,中国大陆,4.7,金箍棒传奇
1456,中国大陆,4.7,终极大冒险
1457,中国大陆,4.7,赛尔号大电影6：圣者无敌
1458,美国,4.7,最高纪录
1459,中国大陆,4.7,巴啦啦小魔仙之魔箭公主
1460,美国,4.7,龙之心3：巫师的诅咒
1461,中国大陆,4.7,洛克王国4：出发！巨人谷
1462,俄罗斯,4.7,黑暗世界
1463,美国,4.6,第五波
1464,中国大陆,4.6,光辉岁月
1465,德国,4.6,地牢围攻
1466,中国大陆,4.6,大卫贝肯之倒霉特工熊
1467,美国,4.6,吸血莱恩
1468,中国大陆,4.6,魔比斯环
1469,美国,4.6,死亡游戏
1470,美国,4.6,深海越狱
1471,英国,4.6,冒险家：宝盒的诅咒
1472,美国,4.5,幻世追踪
1473,中国大陆,4.5,赛尔号大电影3之战神联盟
1474,日本,4.5,脑浆炸裂少女
1475,俄罗斯,4.5,冰雪女王3：火与冰
1476,法国,4.5,600公斤纯金
1477,中国大陆,4.4,横冲直撞好莱坞
1478,中国大陆,4.4,暴走吧，女人
1479,罗马尼亚,4.4,狂蟒之灾4
1480,中国大陆,4.4,魔幻仙踪
1481,中国大陆,4.4,咕噜咕噜美人鱼
1482,美国,4.4,乌龙骑士团
1483,中国大陆,4.4,龙骑侠
1484,中国大陆,4.3,喜羊羊与灰太狼之飞马奇遇记
1485,芬兰,4.3,玉战士
1486,罗马尼亚,4.3,冰与火
1487,中国大陆,4.2,九层妖塔
1488,美国,4.2,神奇四侠2015
1489,英国,4.2,雇佣兵
1490,中国大陆,4.2,冒牌卧底
1491,俄罗斯,4.2,护宝娇娃
1492,美国,4.1,蝎子王4：争权夺利
1493,中国,4.1,超蛙战士之初露锋芒
1494,中国大陆,4.0,一石二鸟
1495,中国大陆,4.0,猪猪侠之终极决战
1496,中国大陆,4.0,潜艇总动员4：章鱼奇遇记
1497,中国大陆,4.0,赛尔号大电影2之雷伊与迈尔斯
1498,美国,4.0,斯通的活死人之战
1499,美国,3.9,钢铁骑士
1500,泰国,3.9,蝎子王3：救赎之战
1501,中国大陆,3.9,心跳戈壁
1502,中国大陆,3.8,大闹天竺
1503,中国大陆,3.8,大武当之天地密码
1504,中国大陆,3.8,赛尔号大电影5：雷神崛起
1505,英国,3.8,机器人帝国
1506,美国,3.8,陆战特攻
1507,中国大陆,3.7,刺陵
1508,美国,3.7,七龙珠
1509,中国大陆,3.7,战神纪
1510,澳大利亚,3.7,寻龙夺宝
1511,中国大陆,3.7,猪猪侠之勇闯巨人岛
1512,中国大陆,3.7,超萌英雄
1513,美国,3.7,吸血莱恩3：第三帝国
1514,中国大陆,3.7,神兽金刚之青龙再现
1515,中国大陆,3.7,荒岛情未了
1516,中国大陆,3.7,盗剑72小时
1517,加拿大,3.7,暗黑杀神
1518,中国大陆,3.6,谜巢
1519,中国大陆,3.6,勇士之门
1520,中国大陆,3.6,毕业作品
1521,中国大陆,3.6,铠甲勇士捕王
1522,俄罗斯,3.6,黑暗终结者
1523,中国大陆,3.5,巴啦啦小魔仙
1524,中国大陆,3.5,极致追击
1525,中国大陆,3.4,蒸发太平洋
1526,中国大陆,3.4,铁血娇娃
1527,中国大陆,3.4,白雪公主之矮人力量
1528,中国大陆,3.4,密道追踪之阴兵虎符
1529,中国大陆,3.4,青蛙总动员
1530,中国大陆,3.3,王牌逗王牌
1531,中国大陆,3.2,赛尔号大电影之寻找凤凰神兽
1532,中国大陆,3.2,火焰山历险记
1533,中国大陆,3.2,新年来啦之大闹除夕
1534,美国,3.2,女孩们的周末
1535,中国大陆,3.1,帝国秘符
1536,中国大陆,3.1,我爱灰太狼
1537,中国大陆,3.1,终极硬汉
1538,德国,3.1,地牢围攻2
1539,日本,3.0,拳皇
1540,英国,3.0,史前怪兽
1541,美国,3.0,史前一亿年
1542,美国,3.0,泰坦尼克号2
1543,中国大陆,3.0,死亡之谜
1544,中国大陆,2.9,天机·富春山居图
1545,中国大陆,2.9,无极限之危情速递
1546,美国,2.9,巨蟒大战恐鳄
1547,美国,2.8,世界大战2之新的进攻
1548,中国大陆,2.8,狂野飞车
1549,中国大陆,2.7,摩登森林之美食总动员
1550,中国大陆,2.7,美人鱼之海盗来袭
1551,中国大陆,2.7,致命闪玩
1552,中国大陆,2.6,轩辕剑传奇
1553,中国大陆,2.6,太空熊猫英雄归来
1554,中国大陆,2.5,秘术
1555,中国大陆,2.5,太空熊猫总动员
1556,中国大陆,2.5,白雪公主和三只小猪
1557,中国大陆,2.4,少年毛泽东
1558,中国大陆,2.3,汽车人总动员
1559,韩国,2.3,西游记归来
1560,中国,2.3,齐天大圣前传
1561,中国大陆,2.3,高铁英雄
1562,中国大陆,2.2,莫日根
