1,中国大陆,9.6,出租车
2,中国大陆,9.5,徐谐仁短片“午夜出租车”
3,美国,9.5,怪诞小镇特别篇：松林之间
4,日本,9.5,星际牛仔
5,日本,9.3,回忆积木小屋
6,美国,9.3,鹬
7,中国大陆,9.3,山水情
8,日本,9.3,情热大陆 二宫和也篇
9,美国,9.3,浪漫小夜曲
10,美国,9.3,甜美的老鼠生活
11,英国,9.3,小巨人 3D
12,美国,9.3,守望先锋：双龙
13,法国,9.2,调音师
14,英国,9.2,父与女
15,法国,9.2,夜与雾
16,英国,9.2,人生七年1
17,美国,9.2,颤栗
18,美国,9.2,鬼怪
19,美国,9.2,欢乐树的朋友们：寒假
20,台湾,9.2,不老骑士
21,美国,9.2,汤姆的能量
22,美国,9.2,守望先锋：最后的堡垒
23,美国,9.2,皮克斯动画短片合集2
24,苏联,9.2,小熊维尼
25,美国,9.1,暴力云与送子鹳
26,阿根廷,9.1,雇佣人生
27,捷克斯洛伐克,9.1,对话的维度
28,捷克斯洛伐克,9.1,食物
29,美国,9.1,机器的复兴：第1部
30,加拿大,9.1,种树的牧羊人
31,美国,9.1,机器的复兴：第2部
32,美国,9.1,猫的协奏曲
33,美国,9.1,皮克斯动画短片史
34,美国,9.1,老鼠罐头工厂
35,美国,9.1,双人高尔夫
36,美国,9.1,猫钓鱼
37,美国,9.1,父子野餐
38,美国,9.1,辛普森一家之万圣节专辑之恐怖树屋
39,土耳其,9.1,瞭望土耳其
40,美国,9.0,电焊工波力
41,美国,9.0,月神
42,法国,9.0,精神分裂症
43,西德,9.0,平衡
44,英国,9.0,远在天边
45,美国,9.0,无翼鸟
46,韩国,9.0,宇宙快递
47,美国,9.0,宠物
48,法国,9.0,火车进站
49,美国,9.0,世界纪录
50,日本,9.0,梅与小猫巴士
51,美国,9.0,小孤儿
52,美国,9.0,练就下一个辉煌
53,中国大陆,9.0,我的代表
54,美国,9.0,第三与第七：来自未来的CG
55,美国,9.0,欢乐树的朋友们：鼹鼠进城
56,美国,9.0,稻草人
57,日本,9.0,阿滋漫画大王 短篇电影
58,日本,9.0,纪实72小时：小卖部——孩子们的小小宇宙
59,美国,9.0,The Work of Director Chris Cunningham
60,美国,8.9,留下我
61,中国大陆,8.9,阿凡提的故事之种金子
62,俄罗斯,8.9,老人与海
63,法国,8.9,月球旅行记
64,法国,8.9,堤
65,匈牙利,8.9,兔子和鹿
66,日本,8.9,早上好
67,俄罗斯,8.9,春之觉醒
68,中国大陆,8.9,牧笛
69,美国,8.9,少年故事
70,美国,8.9,猫鼠游戏：摄影机背后
71,中国大陆,8.9,耳朵、鼻子
72,中国大陆,8.9,爸爸就是爸爸
73,美国,8.9,机器鸡：DC漫画特辑
74,日本,8.9,纪实72小时 秋田深冬的自动售货机前
75,美国,8.9,我知道是你：走进约翰·凯泽尔
76,美国,8.9,已知的宇宙
77,美国,8.9,指挥家兔八哥
78,加拿大,8.9,熊
79,英国,8.9,毛虫与蝴蝶
80,美国,8.9,唐老鸭漫游数学奇境
81,美国,8.9,守望先锋：新生
82,德国,8.8,苍蝇一分钟的生命
83,中国大陆,8.8,雪孩子
84,法国,8.8,红气球
85,匈牙利,8.8,校合唱团的秘密
86,英国,8.8,超级无敌掌门狗：引鹅入室
87,德国,8.8,玩具王国
88,加拿大,8.8,哈勃望远镜
89,英国,8.8,超级无敌掌门狗：剃刀边缘
90,美国,8.8,勇敢的兔八哥
91,中国大陆,8.8,俺爹俺娘
92,中国大陆,8.8,超级肥皂
93,中国,8.8,功夫兔系列3：菜包狗大反击
94,捷克斯洛伐克,8.8,黑暗 光明 黑暗
95,美国,8.8,侦探的故事
96,美国,8.8,超越极限
97,英国,8.8,超级无敌掌门狗：异想天开小发明
98,法国,8.8,负空间
99,中国大陆,8.8,鹿铃
100,美国,8.8,发薪日
101,法国,8.8,束缚自由
102,英国,8.8,雪人
103,美国,8.8,兔八哥与坏蛋
104,捷克斯洛伐克,8.8,荒唐童话
105,美国,8.8,老鼠约翰
106,美国,8.8,兔八哥大战糙山姆
107,美国,8.8,一周
108,意大利,8.8,欧罗巴&意大利
109,中国大陆,8.8,哐哐哐之三八线
110,美国,8.8,马戏团里的兔八哥
111,匈牙利,8.8,创世纪
112,美国,8.8,长毛兔
113,日本,8.8,纪实72小时：大医院里的小便利店
114,德国,8.8,外部世界
115,美国,8.8,兔八哥遇上大嘴怪
116,中国大陆,8.8,兰花花
117,美国,8.8,保险被拒
118,日本,8.8,寻找家园
119,中国,8.7,李献计历险记
120,中国大陆,8.7,小蝌蚪找妈妈
121,美国,8.7,鸟！鸟！鸟！
122,中国大陆,8.7,没头脑和不高兴
123,中国大陆,8.7,九色鹿
124,美国,8.7,魔术师和兔子
125,日本,8.7,猫汤
126,中国大陆,8.7,小胖妞
127,美国,8.7,松鼠，坚果和时间机器
128,中国大陆,8.7,渔童
129,中国大陆,8.7,阿凡提的故事之卖树荫
130,中国大陆,8.7,水滴
131,美国,8.7,煎蛋饼
132,澳大利亚,8.7,负重前行(短片)
133,波兰,8.7,探戈
134,美国,8.7,电风扇和花
135,中国大陆,8.7,再见金华站
136,日本,8.7,猫的集会
137,日本,8.7,时光钟摆
138,中国大陆,8.7,阿凡提的故事之宝驴
139,中国大陆,8.7,阿凡提的故事之吝啬鬼
140,法国,8.7,无尽
141,中国大陆,8.7,阿凡提的故事之真假阿凡提
142,中国大陆,8.7,阿凡提的故事之比智慧
143,捷克斯洛伐克,8.7,语词，语词，语词
144,中国大陆,8.7,阿凡提的故事之神医
145,中国大陆,8.7,阿凡提的故事之驴说话
146,中国大陆,8.7,阿凡提的故事之偷东西的驴
147,中国大陆,8.7,阿凡提的故事之兔送信
148,中国大陆,8.7,阿凡提的故事之巧断案
149,苏联,8.7,故事中的故事
150,中国大陆,8.7,阿凡提的故事之寻开心
151,中国大陆,8.7,阿凡提的故事之狩猎记
152,中国大陆,8.7,阿凡提的故事之奇婚记
153,日本,8.7,樱桃小丸子 真人版2
154,美国,8.7,虚拟程序
155,美国,8.7,人工智能：大卫的肖像
156,美国,8.7,狗的生活
157,美国,8.7,请安静！
158,荷兰,8.7,名画
159,俄罗斯,8.7,荒唐人的梦
160,中国大陆,8.7,三十六个字
161,法国,8.7,艾玛
162,美国,8.7,兔八哥斗牛记
163,中国大陆,8.7,哐哐哐之一毛钱
164,美国,8.7,金·凯瑞：我需要色彩
165,日本,8.7,种下星星的日子
166,美国,8.7,兔八哥棒球赛
167,德国,8.7,人脑离心机计划
152,中国大陆,8.7,阿凡提的故事之奇婚记
153,日本,8.7,樱桃小丸子 真人版2
154,美国,8.7,虚拟程序
155,美国,8.7,人工智能：大卫的肖像
156,美国,8.7,狗的生活
157,美国,8.7,请安静！
158,荷兰,8.7,名画
159,俄罗斯,8.7,荒唐人的梦
160,中国大陆,8.7,三十六个字
161,法国,8.7,艾玛
162,美国,8.7,兔八哥斗牛记
163,中国大陆,8.7,哐哐哐之一毛钱
164,美国,8.7,金·凯瑞：我需要色彩
165,日本,8.7,种下星星的日子
166,美国,8.7,兔八哥棒球赛
167,德国,8.7,人脑离心机计划
168,苏联,8.7,草地上的午餐
169,中国大陆,8.7,序幕
170,美国,8.7,毛骨悚然兔八哥
171,美国,8.7,兔八哥去南极
172,美国,8.7,牛仔德鲁比
173,美国,8.7,兔子家族
174,美国,8.7,瑞克和莫蒂：佐治亚州诉丹佛·芬顿·阿伦庭审互喷实录
175,日本,8.7,梦的机器
176,中国大陆,8.6,三个和尚
177,美国,8.6,光杆乐队
178,中国大陆,8.6,打，打个大西瓜
179,波兰,8.6,堕落的艺术
180,美国,8.6,绑架课
181,澳大利亚,8.6,信号
182,美国,8.6,消失的松果
183,美国,8.6,昼与夜
184,巴西,8.6,爱，牵手
185,匈牙利,8.6,大歌唱家
186,美国,8.6,大陆之所以漂移
187,法国,8.6,十区车站
188,英国,8.6,超级无敌掌门狗：月球野餐记
189,中国大陆,8.6,小胖妞3
190,美国,8.6,雪宝的鼻子
191,法国,8.6,三个发明家
192,美国,8.6,今夕何夕
193,美国,8.6,午后的迷惘
194,台湾,8.6,记忆月台
195,意大利,8.6,电玩
196,苏联,8.6,迷雾中的小刺猬
197,意大利,8.6,伟大的历史动画
198,美国,8.6,罗尼和我
199,法国,8.6,水浇园丁
200,冰岛,8.6,最后的农场
201,美国,8.6,老鼠的麻烦
202,阿根廷,8.6,恐怖谷
203,法国,8.6,命运
204,英国,8.6,蠢蠢的死法
205,意大利,8.6,德国人和意大利人的区别
206,美国,8.6,流浪汉
207,英国,8.6,偶剧
208,USA,8.6,查理布朗的圣诞节
209,英国,8.6,黑爵士之千禧特辑
210,美国,8.6,流浪乐手
211,德国,8.6,弹孔硬币
212,美国,8.6,非洲：塞伦盖蒂国家公园
213,波兰,8.6,被访者
214,法国,8.6,朗德海花园场景
215,德国,8.6,男男呼啦圈
216,日本,8.6,纪实72小时 新宿二丁目 深夜的家常味道
217,Czechoslovakia,8.6,手掌
218,丹麦,8.6,丹麦交响曲
219,法国,8.6,奇幻航程
220,美国,8.6,玩家
221,美国,8.6,守望先锋：归来
222,中国大陆,8.5,11度青春之《老男孩》
223,美国,8.5,驯龙高手番外篇：龙的礼物
224,日本,8.5,某个旅人的日记
225,美国,8.5,文森特
226,美国,8.5,辅助轮
227,法国,8.5,像素入侵
228,日本,8.5,ON YOUR MARK 吉卜力实验剧场
229,智利,8.5,熊的故事
230,中国,8.5,水脑袋
231,中国大陆,8.5,崂山道士
232,台湾,8.5,视线之外
233,英国,8.5,真爱至上：红鼻子日特别集
234,中国大陆,8.5,相思
235,加拿大,8.5,摇椅
236,法国,8.5,生命之门
237,中国大陆,8.5,一指城
238,美国,8.5,桥
239,日本,8.5,BABY BLUE
240,韩国,8.5,父亲
241,台湾,8.5,未来
242,法国,8.5,工厂大门
243,加拿大,8.5,帽子梦魇
244,中国大陆,8.5,不射之射
245,美国,8.5,更多
246,美国,8.5,偷
247,美国,8.5,直到我们可以
248,日本,8.5,道成寺
249,中国大陆,8.5,蛐蛐
250,英国,8.5,平面世界
251,日本,8.5,跳
252,中国大陆,8.5,游子吟
253,日本,8.5,双头女
254,日本,8.5,纪实72小时：漫步巨型书店的活字森林
255,澳大利亚,8.5,加斯帕·莫雷罗神秘探险记
256,英国,8.5,怀旧者
257,英国,8.5,你被写在我的眼睛里
258,中国大陆,8.5,有性无别
259,捷克,8.5,斯大林主义在波希米亚的终结
260,美国,8.5,汽船威利
261,韩国,8.5,一天
262,法国,8.5,天文学家之梦
263,中国大陆,8.5,海公子
264,美国,8.5,蝙蝠侠：麻烦重重
265,美国,8.5,邻居们
266,美国,8.5,珠穆朗玛峰
267,美国,8.5,十的次方
268,美国,8.5,宇宙之旅
269,加拿大,8.5,大河
270,美国,8.5,拾荒者
271,德国,8.5,起着风
272,德国,8.5,米兰
273,中国大陆,8.5,古博士的新发现
274,美国,8.5,英雄联盟：新的曙光
275,中国大陆,8.4,神笔马良
276,美国,8.4,棋逢敌手
277,美国,8.4,神奇飞书
278,美国,8.4,家庭大改造
279,美国,8.4,世界因爱而生
280,加拿大,8.4,丹麦诗人
281,美国,8.4,测谎仪
282,美国,8.4,企鹅帮圣诞恶搞历险记
283,英国,8.4,进化简史
284,西班牙,8.4,缩水情人
285,美国,8.4,盖章
286,西班牙,8.4,火车火车过山洞
287,俄罗斯,8.4,没有宇宙我们无法生存
288,美国,8.4,失物招领
289,阿根廷,8.4,灯具
290,日本,8.4,依巴拉度～时间篇
291,美国,8.4,闪亮
292,日本,8.4,有时可能是列车
293,日本,8.4,乡村医生
294,瑞典,8.4,漫游者
295,美国,8.4,小马快跑！
296,比利时,8.4,孤独
297,美国,8.4,终极战役
298,中国大陆,8.4,善良的夏吾冬
299,中国大陆,8.4,金色的海螺
300,美国,8.4,勇敢骑士兔八哥
301,荷兰,8.4,雨
302,日本,8.4,鲸的鱼跃
303,日本,8.4,摔跤的罗密欧与朱丽叶
304,比利时,8.4,探戈舞之恋
305,中国大陆,8.4,火童
306,日本,8.4,酵母与鸡蛋公主
307,英国,8.4,博柏利品牌创始人的传奇故事
308,法国,8.4,拆墙
309,法国,8.4,柏拉图
310,中国大陆,8.4,眉间尺
311,英国,8.4,村庄
312,法国,8.4,尤利西斯
313,英国,8.4,黄蜂
314,美国,8.4,人人都爱催眠蛤蟆
315,法国,8.4,梅里爱的魔术
316,中国大陆,8.4,画廊一夜
317,美国,8.4,剧院
318,美国,8.4,翅膀
319,英国,8.4,不容异说：三部曲
320,匈牙利,8.4,第5号协奏曲
321,法国,8.4,乘火车离开耶路撒冷
322,美国,8.4,红旗军演
323,加拿大,8.4,时空
324,Colombia,8.4,贫穷的吸血鬼
325,英国,8.3,宅
326,美国,8.3,香蕉
311,英国,8.4,村庄
312,法国,8.4,尤利西斯
313,英国,8.4,黄蜂
314,美国,8.4,人人都爱催眠蛤蟆
315,法国,8.4,梅里爱的魔术
316,中国大陆,8.4,画廊一夜
317,美国,8.4,剧院
318,美国,8.4,翅膀
319,英国,8.4,不容异说：三部曲
320,匈牙利,8.4,第5号协奏曲
321,法国,8.4,乘火车离开耶路撒冷
322,美国,8.4,红旗军演
323,加拿大,8.4,时空
324,Colombia,8.4,贫穷的吸血鬼
325,英国,8.3,宅
326,美国,8.3,香蕉
327,美国,8.3,蓝雨伞之恋
328,中国大陆,8.3,入学考试
329,英国,8.3,头朝下的生活
330,美国,8.3,安奈的眼睛
331,加拿大,8.3,每个孩子
332,美国,8.3,深藏不露
333,美国,8.3,辛普森一家：托儿所的漫长日
334,美国,8.3,想起了你
335,美国,8.3,银翼杀手：2022黑暗浩劫
336,美国,8.3,魔发奇缘番外篇：麻烦不断
337,日本,8.3,奇怪的国家——日本
338,中国大陆,8.3,怕怕不怕
339,香港,8.3,你还可爱么
340,美国,8.3,瓶子
341,日本,8.3,头山
342,比利时,8.3,恐色症
343,美国,8.3,心跳无限次
344,西班牙,8.3,电话亭
345,英国,8.3,兔
346,德国,8.3,礼物
347,美国,8.3,火枪手
348,法国,8.3,非常小王子
349,美国,8.3,你看起来很害怕
350,澳大利亚,8.3,创造者
351,加拿大,8.3,瑞恩
352,美国,8.3,阿尔法9号上的可怕生物！
353,苏联,8.3,休息时间
354,美国,8.3,一分钟时间机器
355,中国大陆,8.3,元日
356,加拿大,8.3,学院男孩
357,日本,8.3,城镇青年
358,英国,8.3,为你灿烂
359,捷克斯洛伐克,8.3,设计
360,加拿大,8.3,我，宠物羊
361,希腊,8.3,那是什么？
362,美国,8.3,肮脏的小鸟
363,加拿大,8.3,老妇与鸽子
364,捷克斯洛伐克,8.3,地下室的怪物
365,美国,8.3,潘多拉的世界
366,西班牙,8.3,莉拉
367,英国,8.3,银翼杀手：导演剪辑短片
368,英国,8.3,义犬救主
369,日本,8.3,幻想的我
370,日本,8.3,纪实72小时：化妆间里的女人们
371,中国大陆,8.3,12只蚊子和5个人
372,美国,8.3,死侍：危险行为
373,Czechoslovakia,8.3,自然史
374,美国,8.3,两个火枪鼠
375,美国,8.3,卑鄙的我：慌乱的小黄人 3D
376,捷克斯洛伐克,8.3,公寓
377,美国,8.3,扬基都德鼠
378,法国,8.3,间奏曲
379,英国,8.3,粘土猫版《突变第三型》
380,加拿大,8.3,深海猎奇
381,美国,8.3,在陆地上
382,美国,8.3,马达加斯加的企鹅：朱利安节快乐
383,美国,8.3,异形：契约-番外：大卫实验室的秘密
384,法国,8.3,橡皮头
385,美国,8.3,漫游火星
386,瑞典,8.3,不速之鼓手
387,美国,8.3,溜冰场
388,加拿大,8.3,火车快飞
389,美国,8.3,速度与激情：增压
390,美国,8.3,休息中的物体
391,比利时,8.3,Atraksion
392,日本,8.2,猫屎一号
393,日本,8.2,星之声
394,澳大利亚,8.2,失物招领
395,美国,8.2,美味盛宴
396,中国大陆,8.2,人参娃娃
397,中国大陆,8.2,老狼请客
398,美国,8.2,幽灵行动阿尔法
399,英国,8.2,分屏：一个爱情故事
400,英国,8.2,超级无敌掌门狗：面包与死亡事件
401,日本,8.2,雨之城
402,英国,8.2,8号房间
403,日本,8.2,某人的目光
404,加拿大,8.2,洗衣日
405,美国,8.2,你的老鼠朋友
406,中国大陆,8.2,小胖妞2
407,美国,8.2,我在这儿
408,中国大陆,8.2,假如我是武松
409,美国,8.2,黑衣人：异形入侵
410,美国,8.2,守坝员
411,法国,8.2,超级维纳斯
412,美国,8.2,很黄很暴力
413,澳大利亚,8.2,裸体哈维闯人生
414,美国,8.2,莱利的初次约会
415,香港,8.2,恋慕
416,美国,8.2,火车大劫案
417,美国,8.2,我就不：一部理智的恐怖电影
418,加拿大,8.2,没有影子的人
419,中国大陆,8.2,纸片战记
420,中国大陆,8.2,白蛇
421,中国大陆,8.2,饮湖上初晴后雨
422,德国,8.2,轮盘记
423,中国大陆,8.2,小红脸和小蓝脸
424,捷克斯洛伐克,8.2,书柜的故事
425,奥地利,8.2,复印店
426,中国大陆,8.2,红气球
427,美国,8.2,矩阵化
428,台湾,8.2,樱时
429,俄罗斯,8.2,美人鱼
430,英国,8.2,中转
431,中国大陆,8.2,来信
432,捷克,8.2,周而复始
433,中国大陆,8.2,好猫咪咪
434,中国大陆,8.2,小燕子
435,英国,8.2,默剧女子
436,英国,8.2,死神与母亲
437,法国,8.2,尼斯印象
438,比利时,8.2,夜之蝶
439,巴基斯坦,8.2,河中女孩：宽恕的代价
440,台湾,8.2,是梦
441,美国,8.2,今夕何夕2
442,美国,8.2,共进午餐
443,中国大陆,8.2,游园惊梦
444,美国,8.2,终结者2-3D：超时空战役
445,英国,8.2,雪人与雪犬
446,美国,8.2,雷神小队
447,英国,8.2,神奇乳霜
448,美国,8.2,美丽的问题
449,意大利,8.2,宝宝故事
450,美国,8.2,一千零一夜
451,日本,8.2,莪！莪！莪！
452,奥地利,8.2,与魏茨曼野餐
453,中国大陆,8.2,一半儿
454,法国,8.2,有一天
455,美国,8.2,昂利 一只忧郁的猫
456,日本,8.2,人魚
457,苏联,8.2,电影，电影，电影
458,美国,8.2,雷神小队：第二部分
459,苏联,8.2,玻璃琴
460,澳大利亚,8.2,双王
461,日本,8.2,火宅
462,英国,8.2,鳄鱼街
463,英国,8.2,Polar Bear Man
464,俄罗斯,8.2,摄影师的复仇
465,美国,8.2,暗号
466,比利时,8.2,说不说
467,法国,8.2,全世界的记忆
468,美国,8.2,有闲阶级
469,瑞典,8.2,酒的故事
470,美国,8.2,平面国
471,美国,8.1,纸人
472,美国,8.1,穿靴子的猫：萌猫三剑客
473,美国,8.1,勺子杀人狂
474,法国,8.1,商标的世界
475,日本,8.1,她和她的猫
476,中国大陆,8.1,红领巾
477,中国大陆,8.1,坏未来
478,中国大陆,8.1,南郭先生
479,美国,8.1,小杰克的攻击
480,英国,8.1,黑洞
481,法国,8.1,一条安达鲁狗
482,中国大陆,8.1,鹬蚌相争
483,美国,8.1,收发室惊魂
484,英国,8.1,超市夜未眠(短片)
485,美国,8.1,冰雪奇缘：生日惊喜
470,美国,8.2,平面国
471,美国,8.1,纸人
472,美国,8.1,穿靴子的猫：萌猫三剑客
473,美国,8.1,勺子杀人狂
474,法国,8.1,商标的世界
475,日本,8.1,她和她的猫
476,中国大陆,8.1,红领巾
477,中国大陆,8.1,坏未来
478,中国大陆,8.1,南郭先生
479,美国,8.1,小杰克的攻击
480,英国,8.1,黑洞
481,法国,8.1,一条安达鲁狗
482,中国大陆,8.1,鹬蚌相争
483,美国,8.1,收发室惊魂
484,英国,8.1,超市夜未眠(短片)
485,美国,8.1,冰雪奇缘：生日惊喜
486,美国,8.1,痴情男孩
487,中国大陆,8.1,骄傲的将军
488,中国大陆,8.1,济公斗蟋蟀
489,中国大陆,8.1,过猴山
490,香港,8.1,烟飞烟灭
491,荷兰,8.1,安娜与贝拉
492,法国,8.1,面包店的女孩
493,美国,8.1,枕边人
494,澳大利亚,8.1,娶我
495,中国大陆,8.1,我要进前十
496,日本,8.1,就这样，我们把金鱼放入了泳池
497,中国大陆,8.1,熊猫百货商店
498,加拿大,8.1,下一层
499,美国,8.1,丑小鸭
500,台湾,8.1,光之塔
501,中国大陆,8.1,看不见的TA之时间裂缝
502,英国,8.1,女巫的扫帚
503,台湾,8.1,微笑的鱼
504,比利时,8.1,人鱼
505,中国大陆,8.1,桃花源记
506,香港,8.1,爱在阳光下
507,法国,8.1,操行零分
508,法国,8.1,夏日吊带裙
509,中国大陆,8.1,长发妹
510,日本,8.1,惩恶扬善！白领侠！！
511,英国,8.1,衣食住行
512,法国,8.1,花园派对
513,瑞士,8.1,罐头里的精灵
514,中国大陆,8.1,纪念日快乐
515,加拿大 Canada,8.1,刺客信条：余烬
516,澳大利亚,8.1,变装酷童
517,捷克斯洛伐克,8.1,男性游戏
518,英国,8.1,入学照
519,中国大陆,8.1,一个成人电影工作者的自白
520,南斯拉夫,8.1,代用品
521,韩国,8.1,审判
522,日本,8.1,鬼
523,日本,8.1,英俊的茂雄
524,Czechoslovakia,8.1,其他
525,台湾,8.1,匿名游戏
526,以色列,8.1,石原测试
527,美国,8.1,答案
528,法国,8.1,午夜蓝毒
529,美国,8.1,学院变体立达
530,中国大陆,8.1,选美记
531,德国,8.1,铲车司机克劳斯——第一个工作日
532,伊朗,8.1,面包与小巷
533,中国大陆,8.1,敢不敢
534,英国,8.1,我是谁，我到底要什么
535,苏联,8.1,孤岛
536,美国,8.1,想象
537,韩国,8.1,假面武士
538,台湾,8.1,晒棉被的好天气
539,美国,8.1,小熊维尼与大风吹
540,日本,8.1,香港女星图鉴
541,美国,8.1,百货店巡视员
542,中国大陆,8.1,游泳回家
543,美国,8.1,替罪羊
544,日本,8.1,瓢虫哀歌
545,捷克斯洛伐克,8.1,花园
546,美国,8.1,V50号公路
547,法国,8.1,四眼田鸡
548,德国,8.1,背后故事
549,加拿大,8.1,安魂曲
550,法国,8.1,雕像也会死亡
551,西班牙,8.0,老妇人与死神
552,中国大陆,8.0,猴子捞月
553,俄罗斯,8.0,便所爱情故事
554,美国,8.0,宵禁
555,法国,8.0,章鱼的爱情
556,中国大陆,8.0,小鲤鱼跳龙门
557,英国,8.0,彼德与狼
558,美国,8.0,新鲜鳄梨酱
559,中国大陆,8.0,小马虎
560,法国,8.0,爱情是什么
561,日本,8.0,十字路口
562,法国,8.0,猫的梦想
563,美国,8.0,玩具总动员之惊魂夜
564,法国,8.0,山顶小屋咚咚摇
565,英国,8.0,拖延症
566,美国,8.0,乔治和AJ
567,法国,8.0,和尚与飞鱼
568,加拿大,8.0,睡美人
569,中国大陆,8.0,茗记：2nd Life
570,美国,8.0,电锯惊魂：重生
571,加拿大,8.0,破晓之时
572,荷兰,8.0,单曲人生
573,日本,8.0,苍之茧
574,美国,8.0,守望者：黑船传奇
575,台湾,8.0,截稿日
576,俄罗斯,8.0,世界的另一端
577,美国,8.0,异形：契约-番外：十字路口
578,中国大陆,8.0,燕尾蝶
579,美国,8.0,西部意大利面
580,日本,8.0,水之语
581,中国大陆,8.0,松鼠理发师
582,美国,8.0,第二阵风
583,中国,8.0,功夫兔系列之2：兔子哪里跑
584,中国大陆,8.0,劳工之爱情
585,中国大陆,8.0,螳螂捕蝉
586,法国,8.0,冬追夏赶
587,中国大陆,8.0,猫
588,日本,8.0,血腥约会
589,中国大陆,8.0,怕羞的黄莺
590,美国,8.0,类型片大赏
591,美国,8.0,明星
592,美国,8.0,心动初体验
593,比利时,8.0,女妖
594,法国,8.0,乡间一日
595,美国,8.0,祖母
596,法国,8.0,恶魔的面具
597,英国,8.0,爱与憎
598,加拿大,8.0,行走
599,法国,8.0,三个小点
600,西班牙,8.0,偷脸贼
601,法国,8.0,安托万与柯莱特
602,中国大陆,8.0,抢枕头
603,格鲁吉亚,8.0,你好，邻居！
604,中国大陆,8.0,孤独的小猪
605,捷克斯洛伐克,8.0,棺材与天竺鼠
606,中国大陆,8.0,纸人国
607,中国大陆,8.0,三个邻居
608,西班牙,8.0,无粮的土地
609,美国,8.0,恐龙葛蒂
610,美国,8.0,快乐的一天
611,捷克,8.0,落下
612,中国大陆,8.0,蝴蝶泉
613,中国大陆,8.0,有求必应
614,墨西哥,8.0,沙漠中的西蒙
615,英国,8.0,二贼闯黑屋
616,法国,8.0,尽一切可能
617,中国大陆,8.0,萝卜回来了
618,俄罗斯,8.0,海边的风
619,加拿大,8.0,不要比基尼
620,法国,8.0,顽皮鬼
621,加拿大,8.0,街头音乐
622,中国大陆,8.0,孔雀的焰火
623,加拿大,8.0,同族
624,法国,8.0,弱势的大多数
625,美国,8.0,松鼠的爱
626,美国,8.0,小尼莫
627,美国,8.0,警察
628,Czechoslovakia,8.0,被遗忘的俱乐部
629,日本,8.0,纪实72小时：冲绳的不眠理发店
630,英国,8.0,兔别行动组
631,中国大陆,8.0,一夜富翁
632,中国大陆,8.0,找到这颗星球
633,波兰,8.0,弗兰兹·卡夫卡
634,台湾,8.0,春游
635,日本,8.0,摘花
636,英国,8.0,更大的图画
637,中国大陆,7.9,绝世高手
638,中国大陆,7.9,东郭先生
639,法国,7.9,强迫症患者的血腥臆想
640,美国,7.9,道格的特别任务
641,美国,7.9,塞巴斯蒂安的巫毒
642,法国,7.9,无头男人
643,中国大陆,7.9,狼来了
628,Czechoslovakia,8.0,被遗忘的俱乐部
629,日本,8.0,纪实72小时：冲绳的不眠理发店
630,英国,8.0,兔别行动组
631,中国大陆,8.0,一夜富翁
632,中国大陆,8.0,找到这颗星球
633,波兰,8.0,弗兰兹·卡夫卡
634,台湾,8.0,春游
635,日本,8.0,摘花
636,英国,8.0,更大的图画
637,中国大陆,7.9,绝世高手
638,中国大陆,7.9,东郭先生
639,法国,7.9,强迫症患者的血腥臆想
640,美国,7.9,道格的特别任务
641,美国,7.9,塞巴斯蒂安的巫毒
642,法国,7.9,无头男人
643,中国大陆,7.9,狼来了
644,美国,7.9,最后三分钟
645,中国大陆,7.9,老鼠嫁女
646,美国,7.9,月朗星稀夜
647,美国,7.9,霍顿与无名氏
648,中国大陆,7.9,真假李逵
649,英国,7.9,分离
650,西班牙,7.9,时间代码
651,中国大陆,7.9,小熊猫学木匠
652,中国大陆,7.9,再见雨天
653,中国,7.9,抬驴
654,丹麦,7.9,娼妓与野兽
655,美国,7.9,大陆之所以漂移：第二部分
656,澳大利亚,7.9,13号病房
657,葡萄牙,7.9,悲伤故事的美好结局
658,波兰,7.9,方舟
659,加拿大,7.9,盲眼女孩
660,英国,7.9,缪斯
661,波兰,7.9,仇恨之路
662,美国,7.9,带路狗
663,芬兰,7.9,最后的编织
664,英国,7.9,咫尺天涯
665,日本,7.9,夏至物语
666,阿根廷,7.9,青涩恋爱
667,日本,7.9,阿茹茉妮
668,加拿大,7.9,牧神的午后
669,中国大陆,7.9,特殊交易
670,法国,7.9,公寓
671,美国,7.9,小科学怪人
672,苏联,7.9,画框中的男人
673,波兰,7.9,两个男人和一个衣柜
674,美国,7.9,内部运作
675,中国大陆,7.9,流浪33天
676,法国,7.9,海盗船与碰碰猫
677,中国,7.9,快乐的数字
678,法国,7.9,麦当劳桥上的未婚妻
679,马来西亚,7.9,更换电池
680,法国,7.9,北京的星期天
681,美国,7.9,击败魔鬼
682,日本,7.9,永久家族
683,法国,7.9,幻影集
684,奥地利,7.9,石头的游戏
685,日本,7.9,熊猫-大雨马戏团
686,葡萄牙,7.9,猫与月亮的故事
687,加拿大,7.9,静物世界
688,中国大陆,7.9,新装的门铃
689,法国,7.9,演员
690,香港,7.9,花样的年华
691,法国,7.9,龟背竹
692,中国大陆,7.9,圈圈人
693,台湾,7.9,死神训练班
694,日本,7.9,年老的鳄鱼
695,南非,7.9,恶岛传奇
696,中国大陆,7.9,高女人和矮丈夫
697,日本,7.9,情热大陆 绫野刚篇
698,美国,7.9,折纸世界
699,美国,7.9,骷髅舞
700,法国,7.9,卡拉
701,中国,7.9,三只狼
702,英国,7.9,大脑越狱
703,日本,7.9,红色浆果
704,英国,7.9,冰箱
705,美国,7.9,小叮当与精灵杯大赛
706,美国,7.9,滑稽脸的幽默相
707,美国,7.9,晚安诺玛，晚安米尔顿
708,加拿大,7.9,我见到了“甲壳虫”
709,法国,7.9,梵高：天赋之笔
710,中国大陆,7.9,山羊和狼
711,法国,7.9,胖子与瘦子
712,加拿大,7.9,本影
713,日本,7.9,EVA：绝密冲击
714,美国,7.9,摩根与命运的第11次约会：飞艇动物园
715,西班牙,7.9,创始
716,中国大陆,7.9,从黑夜到白天
717,中国,7.9,龙牙星
718,Czechoslovakia,7.9,鄂榭府崩溃记
719,智利,7.9,路易斯
720,中国大陆,7.9,巫婆、鳄鱼和小姑娘
721,美国,7.9,电气化屋子
722,加拿大,7.9,救赎
723,韩国,7.9,当猫爱上老鼠
724,日本,7.8,肚子痛的核电站君
725,美国,7.8,顽皮跳跳灯
726,瑞典,7.8,功之怒
727,中国,7.8,曹冲称象
728,美国,7.8,恐怖玩具屋
729,美国,7.8,跳跳羊
730,中国大陆,7.8,咕咚来了
731,美国,7.8,功夫熊猫感恩节特辑
732,法国,7.8,法式炒咖啡
733,加拿大,7.8,衣柜迷藏
734,日本,7.8,捉迷藏
735,卢森堡,7.8,哈布洛先生
736,英国,7.8,厄运葬礼
737,加拿大,7.8,坐火车的女人
738,英国,7.8,不可分割
739,美国,7.8,银行舞蹈
740,爱尔兰,7.8,情窦初开
741,台湾,7.8,我说啊，我说
742,加拿大,7.8,猫咪又回来了
743,中国大陆,7.8,愚人买鞋
744,西班牙,7.8,烟雾魔法师
745,台湾,7.8,立体悲剧
746,英国,7.8,肉之恋
747,美国,7.8,你只需要爱？
748,英国,7.8,五号路口
749,美国,7.8,《星际穿越》中的科学
750,美国,7.8,花与树
751,中国大陆,7.8,狐狸送葡萄
752,香港,7.8,日落巴黎
753,法国,7.8,古人观舞
754,韩国,7.8,哆基朴的天空
755,法国,7.8,我会等待着下一个
756,日本,7.8,喜剧
757,美国,7.8,聚会
758,英国,7.8,黑色姐妹花
759,比利时,7.8,左邻右里
760,中国,7.8,功夫兔系列1：少林兔与武当狗
761,英国,7.8,六发子弹的手枪
762,中国大陆,7.8,乌鸦为什么是黑的
763,日本,7.8,波蕾特的椅子
764,日本,7.8,音响生命体
765,奥地利,7.8,乘风破浪
766,中国大陆,7.8,我知道
767,中国大陆,7.8,风雪山神庙
768,西班牙,7.8,相似
769,巴西,7.8,老虎
770,中国大陆,7.8,秦时明月特别篇之罗生堂下
771,日本,7.8,我爱你
772,法国,7.8,婴儿的午餐
773,中国大陆,7.8,十分钟了解中国
774,中国大陆,7.8,生日
775,日本,7.8,火要镇
776,中国大陆,7.8,彼时曾相伴
777,日本,7.8,名侦探哥顿
778,德国,7.8,追寻
779,中国大陆,7.8,一步之遥
780,中国大陆,7.8,草人
781,瑞士,7.8,78转
782,加拿大,7.8,不眠之夜
783,中国大陆,7.8,淘气的金丝猴
784,中国大陆,7.8,胖嫂回娘家
785,捷克斯洛伐克,7.8,最后把戏
786,中国大陆,7.8,东郭先生和狼
787,英国,7.8,全家福
788,日本,7.8,森林的安藤
789,美国,7.8,好奇事物
790,加拿大,7.8,街区
791,法国,7.8,机械芭蕾
792,中国大陆,7.8,寻年传说
793,美国,7.8,爱的路上
794,苏联,7.8,十分钟年华老去
795,美国,7.8,溯源
796,巴西,7.8,短信
797,法国,7.8,走廊
798,香港,7.8,旋风腿
799,法国,7.8,穿越九千公里献给你
800,西班牙,7.8,了不起的赞比尼
801,中国大陆,7.8,明月的暑期日记
802,泰国,7.8,如果可以回到过去
787,英国,7.8,全家福
788,日本,7.8,森林的安藤
789,美国,7.8,好奇事物
790,加拿大,7.8,街区
791,法国,7.8,机械芭蕾
792,中国大陆,7.8,寻年传说
793,美国,7.8,爱的路上
794,苏联,7.8,十分钟年华老去
795,美国,7.8,溯源
796,巴西,7.8,短信
797,法国,7.8,走廊
798,香港,7.8,旋风腿
799,法国,7.8,穿越九千公里献给你
800,西班牙,7.8,了不起的赞比尼
801,中国大陆,7.8,明月的暑期日记
802,泰国,7.8,如果可以回到过去
803,德国,7.8,牛仔惊魂
804,法国,7.8,床上戏
805,日本,7.8,纪实72小时：地下偶像的青春
806,中国大陆,7.8,海报狂想曲
807,中国大陆,7.8,谁的本领大
808,西班牙,7.8,画外音
809,美国,7.8,纽约拾荒客
810,美国,7.8,精灵兰尼和韦恩的圣诞前夜
811,美国,7.8,惩罚者短片：脏物清洁
812,法国,7.8,我的一生
813,中国大陆,7.8,我姥爷
814,法国,7.8,情歌恋曲
815,中国大陆,7.8,识途
816,日本,7.8,寄生木
817,美国,7.8,更黄更暴力
818,英国,7.8,在线情缘
819,Czechoslovakia,7.8,野蔷薇公主和睡美人
820,美国,7.8,嘟嘟，嘘嘘，砰砰和咚咚
821,中国大陆,7.8,噢
822,美国,7.8,一个看不见的世界：荒野猎人
823,法国,7.8,贝壳与僧侣
824,美国,7.8,漂亮男孩
825,日本,7.8,旅行的机器人
826,中国大陆,7.8,雕龙记
827,法国,7.8,La funambule
828,美国,7.8,幸运日
829,法国,7.8,出港的船
830,法国,7.8,镜子
831,加拿大,7.8,脑海
832,日本,7.8,番茄酱皇帝
833,波兰,7.8,白寡妇行动
834,中国大陆,7.8,娇娇的奇遇
835,法国,7.8,延续的时间
836,法国,7.8,Géraldine
837,爱尔兰,7.8,老掉牙
838,中国大陆,7.8,补票——小兔淘淘的故事
839,日本,7.7,文子的告白
840,美国,7.7,小雪人大行动
841,香港,7.7,车四十四
842,美国,7.7,三只小猪
843,日本,7.7,熊猫家族
844,英国,7.7,蚁蛉
845,美国,7.7,骨碎龙传说
846,美国,7.7,机器人9号短片
847,日本,7.7,ASIENCE ～头发是女人的生命
848,中国,7.7,奇迹世界
849,美国,7.7,马达加斯加的圣诞
850,美国,7.7,寻找雷神锤子路上发生的趣事
851,德国,7.7,准时
852,日本,7.7,九十九
853,以色列,7.7,视界
854,波兰,7.7,大教堂
855,美国,7.7,夏威夷假期
856,美国,7.7,环药房自行车赛
857,中国大陆,7.7,刺客聂隐娘前传
858,中国大陆,7.7,卖猪
859,法国,7.7,盲点
860,西班牙,7.7,事事答是
861,中国大陆,7.7,茉等花开
862,美国,7.7,太迟了
863,中国大陆,7.7,刺猬背西瓜
864,法国,7.7,布列塔尼风情节
865,中国大陆,7.7,怪哉
866,中国大陆,7.7,大无畏
867,中国大陆,7.7,城市微旅行
868,美国,7.7,动物园逻辑
869,法国,7.7,机器人变奏世界
870,韩国,7.7,回转
871,英国,7.7,另一种爱
872,俄罗斯,7.7,神
873,美国,7.7,人质
874,中国大陆,7.7,电梯口
875,法国,7.7,全是怪物
876,美国,7.7,不信弄不哭你
877,中国大陆,7.7,差不多
878,美国,7.7,一棵树的刺激生活
879,中国大陆,7.7,夸口的青蛙
880,美国,7.7,哑巴乐园
881,中国,7.7,过桥
882,日本,7.7,遇到百分之百的女孩
883,法国,7.7,小鸡
884,中国大陆,7.7,黑公鸡
885,法国,7.7,一日美好
886,瑞典,7.7,光荣的世界
887,法国,7.7,7.57 AM-PM
888,中国大陆,7.7,毕加索与公牛
889,加拿大,7.7,邻居
890,法国,7.7,埃舍尔
891,法国,7.7,自私者
892,美国,7.7,火药桶
893,中国大陆,7.7,蝴蝶效应
894,中国大陆,7.7,蚂蚁和大象
895,英国,7.7,煤气收费员
896,中国大陆,7.7,除夕的故事
897,苏联,7.7,掠夺
898,英国,7.7,自闭患者寂静的小世界
899,中国大陆,7.7,机智的山羊
900,英国,7.7,山中农场
901,丹麦,7.7,通行坐骑
902,美国,7.7,卖火柴的小女孩
903,以色列,7.7,熊的旅程
904,美国,7.7,赫尔佐格吃他的鞋
905,英国,7.7,甜点
906,美国,7.7,恶烂餐厅白烂客
907,日本,7.7,情热大陆 渡边麻友篇
908,土耳其,7.7,茧
909,加拿大,7.7,姐妹俩
910,美国,7.7,神秘数字
911,英国,7.7,交管也疯狂
912,瑞士,7.7,男孩丹尼
913,中国大陆,7.7,这个念头是爱
914,美国,7.7,使命召唤6：现代战争2 真人版 第二部
915,法国,7.7,高海上的孩子
916,波兰,7.7,当天使坠落
917,挪威,7.7,我的祖母给国王熨过衣服
918,Czechoslovakia,7.7,屋中平静的一周
919,新加坡,7.7,拆弹情人
920,法国,7.7,爱德蒙曾经是头驴子
921,中国大陆,7.7,小胖妞5
922,美国,7.7,时间变形中的仪式
923,英国,7.7,连锁反应
924,德国,7.7,矮子
925,法国,7.7,滴彩
926,美国,7.7,生物课笔记
927,美国,7.7,永远的凝视
928,英国,7.7,爱丽丝漫游仙境
929,荷兰,7.7,笔记本
930,台湾,7.7,远夏
931,法国,7.7,小裁缝
932,中国大陆,7.7,2032 我们期望的未来
933,美国,7.6,功夫熊猫之盖世五侠的秘密
934,美国,7.6,迎新日
935,美国,7.6,拖线与鬼火
936,加拿大,7.6,一只吃不到曲奇的猪
937,中国大陆,7.6,南茜的早晨
938,美国,7.6,饥饿的地鼠
939,英国,7.6,自杀热线
940,中国大陆,7.6,猪八戒吃西瓜
941,中国大陆,7.6,拔萝卜
942,美国,7.6,幸存的希德
943,美国,7.6,伴郎
944,中国大陆,7.6,拾荒少年
945,匈牙利,7.6,苍蝇
946,德国,7.6,红兔
947,美国,7.6,桑杰的超级战队
948,加拿大,7.6,焦躁不安
949,中国大陆,7.6,96摇滚指南
950,中国大陆,7.6,一维
951,荷兰,7.6,大雄兔
952,澳大利亚,7.6,零
953,美国,7.6,蒙娜丽莎步下楼梯
954,中国大陆,7.6,自画像
955,比利时,7.6,交通阻塞
956,中国大陆,7.6,小猫钓鱼
957,英国,7.6,爱情逆行
958,美国,7.6,我们都是动物
959,美国,7.6,派对恐龙
960,中国大陆,7.6,秘密金鱼
961,美国,7.6,粉红豹
946,德国,7.6,红兔
947,美国,7.6,桑杰的超级战队
948,加拿大,7.6,焦躁不安
949,中国大陆,7.6,96摇滚指南
950,中国大陆,7.6,一维
951,荷兰,7.6,大雄兔
952,澳大利亚,7.6,零
953,美国,7.6,蒙娜丽莎步下楼梯
954,中国大陆,7.6,自画像
955,比利时,7.6,交通阻塞
956,中国大陆,7.6,小猫钓鱼
957,英国,7.6,爱情逆行
958,美国,7.6,我们都是动物
959,美国,7.6,派对恐龙
960,中国大陆,7.6,秘密金鱼
961,美国,7.6,粉红豹
962,美国,7.6,跟踪
963,英国,7.6,我最喜爱的物什
964,加拿大,7.6,火力地堡
965,美国,7.6,变形记
966,荷兰,7.6,白糖
967,法国,7.6,想飞的猫
968,爱尔兰,7.6,利维坦
969,美国,7.6,普拉达：糖果
970,捷克,7.6,花神
971,法国,7.6,马达加斯加：旅行日记
972,意大利,7.6,罐头人生
973,美国,7.6,小松鼠之宇宙冒险
974,中国大陆,7.6,丁丁战猴王
975,中国大陆,7.6,金星小姐
976,美国,7.6,芦笋
977,法国,7.6,扒手莫扎特
978,台湾,7.6,天黑
979,美国,7.6,接吻指南
980,德国,7.6,短片2012
981,美国,7.6,导盲犬
982,美国,7.6,戴维与斯图
983,中国大陆,7.6,我很勇敢
984,美国,7.6,酸死人的糖果
985,中国大陆,7.6,八千代
986,英国,7.6,自闭心灵
987,美国,7.6,动量和惯性的故事
988,美国,7.6,爆裂鼓手(短片)
989,中国大陆,7.6,贾二卖杏
990,中国大陆,7.6,爷爷与花
991,中国大陆,7.6,包强大战寿司人
992,美国,7.6,异形：契约-番外：认识沃尔特
993,中国大陆,7.6,喵呜是谁叫的？
994,中国大陆,7.6,北京房事
995,英国,7.6,Rubber Johnny
996,日本,7.6,Xi AVANT
997,德国,7.6,同金生
998,美国,7.6,企鹅的圣诞
999,芬兰,7.6,卡尔与玛丽莲
1000,韩国,7.6,两束光
1001,中国大陆,7.6,独木桥
1002,德国,7.6,请说
1003,中国大陆,7.6,八百鞭子
1004,法国,7.6,所有的男生都叫派翠克
1005,法国,7.6,热恋人鱼的男子
1006,美国,7.6,DC展台：乔纳·海克斯
1007,法国,7.6,健忘茶
1008,丹麦,7.6,人间失格
1009,中国大陆,7.6,盲钻
1010,中国大陆,7.6,河神之鼓
1011,加拿大,7.6,弦
1012,美国,7.6,13号囚犯
1013,美国,7.6,DC展台：猫女
1014,中国大陆,7.6,双胞胎
1015,中国大陆,7.6,白鸟谷
1016,英国,7.6,凌晨零二分
1017,苏联,7.6,鹭与鹤
1018,中国大陆,7.6,未知星球
1019,英国,7.6,人与自然
1020,法国,7.6,盖瑞
1021,英国,7.6,长在花盆的人
1022,英国,7.6,坠楼
1023,丹麦,7.6,鲸之谷
1024,俄罗斯,7.6,爱的发明
1025,加拿大,7.6,串珠游戏
1026,法国,7.6,波莱罗舞鼓手
1027,日本,7.6,果酱短片集之阿里塔
1028,美国,7.6,袖真探
1029,英国,7.6,阿黛尔：你好
1030,法国,7.6,芬里尔
1031,美国,7.6,美国救火员的生活
1032,美国,7.6,死亡序列
1033,中国大陆,7.6,潮逐浪
1034,英国,7.6,祖母的放大镜
1035,美国,7.5,冰河世纪：猛犸象的圣诞
1036,中国大陆,7.5,红领巾侠
1037,中国大陆,7.5,青春感恩记《父亲》之《父女篇》
1038,美国,7.5,坏机器人
1039,中国大陆,7.5,婚纱照
1040,台湾,7.5,针尖上的天使
1041,美国,7.5,错爱
1042,瑞士,7.5,镜子
1043,日本,7.5,遥远的世界
1044,英国,7.5,口吃
1045,中国台湾,7.5,青空
1046,美国,7.5,玩具总动员：遗忘的时光
1047,美国,7.5,你的脸
1048,加拿大,7.5,特别快递
1049,加拿大,7.5,拉卡
1050,美国,7.5,十四位演员的一分钟表演
1051,中国大陆,7.5,亡命鸡礼花
1052,中国大陆,7.5,黛子小姐
1053,香港,7.5,心灵之境
1054,美国,7.5,隔壁的男孩
1055,英国,7.5,二加二
1056,中国大陆,7.5,功夫料理娘
1057,法国,7.5,天桥不见了
1058,澳大利亚,7.5,曲面
1059,爱尔兰,7.5,弗利先生
1060,英国,7.5,獾
1061,日本,7.5,态度娃娃
1062,加拿大,7.5,合子异种
1063,法国,7.5,鸽子也能上天堂
1064,美国,7.5,小玩具
1065,英国,7.5,远离我所欲
1066,英国,7.5,一个女孩的故事
1067,美国,7.5,三只小孤儿猫
1068,法国,7.5,脊椎的故事
1069,法国,7.5,恋尸者
1070,美国,7.5,驯龙宝典
1071,英国,7.5,问题先生乌尔曼
1072,瑞士,7.5,男孩的迷宫
1073,美国,7.5,千面秀
1074,挪威,7.5,我和我的莫顿自行车
1075,日本,7.5,强迫症
1076,澳大利亚,7.5,爱的语言
1077,美国,7.5,字母表
1078,美国,7.5,表兄本的营队放映活动
1079,美国,7.5,丹特的午餐
1080,中国大陆,7.5,少年异能事件？！
1081,荷兰,7.5,辛特尔
1082,加拿大,7.5,上帝：塞伦盖蒂
1083,美国,7.5,感觉学
1084,美国,7.5,美好的震动
1085,美国,7.5,DC展台：幽灵
1086,美国,7.5,清晨，我与你相遇
1087,中国大陆,7.5,河龙川岗
1088,丹麦,7.5,如今
1089,美国,7.5,爱神
1090,中国大陆,7.5,报告老板！之权力游戏 特别篇 万万么想到
1091,UK,7.5,死神，看招！
1092,法国,7.5,古城一线牵
1093,法国,7.5,满足巴克
1094,美国,7.5,使命召唤6：现代战争2 真人版
1095,美国,7.5,月亮和孩子
1096,英国,7.5,沉默的孩子
1097,澳大利亚,7.5,猫咪钢琴
1098,法国,7.5,美国梦
1099,中国大陆,7.5,日落之前，喝一杯
1100,加拿大,7.5,水中民众
1101,法国,7.5,梵·高
1102,美国,7.5,鬼屋
1103,中国大陆,7.5,象不象？
1104,英国,7.5,规则第三条
1105,美国,7.5,同为异类
1106,美国,7.5,热辣小红帽
1107,加拿大,7.5,娶了鹅的猫头鹰
1108,加拿大,7.5,幻象
1109,美国,7.5,求爱指南
1110,中国大陆,7.5,女孩邂逅的男孩们
1111,法国,7.5,幽灵仓库
1112,美国,7.5,倒霉
1113,中国大陆,7.5,致闺蜜：被遗忘的那个她
1114,美国,7.4,大眼仔的新车
1115,中国大陆,7.4,玩大的
1116,香港,7.4,我的路
1117,美国,7.4,恰卜恰布
1118,英国,7.4,爱情是什么
1119,美国,7.4,王者万岁
1104,英国,7.5,规则第三条
1105,美国,7.5,同为异类
1106,美国,7.5,热辣小红帽
1107,加拿大,7.5,娶了鹅的猫头鹰
1108,加拿大,7.5,幻象
1109,美国,7.5,求爱指南
1110,中国大陆,7.5,女孩邂逅的男孩们
1111,法国,7.5,幽灵仓库
1112,美国,7.5,倒霉
1113,中国大陆,7.5,致闺蜜：被遗忘的那个她
1114,美国,7.4,大眼仔的新车
1115,中国大陆,7.4,玩大的
1116,香港,7.4,我的路
1117,美国,7.4,恰卜恰布
1118,英国,7.4,爱情是什么
1119,美国,7.4,王者万岁
1120,美国,7.4,神盾顾问
1121,美国,7.4,戒烟25法
1122,美国,7.4,玩偶的脸
1123,法国,7.4,袜子奇遇记
1124,美国,7.4,修剪草坪的小黄人
1125,美国,7.4,我的狼人男友
1126,瑞典,7.4,炫富战争
1127,美国,7.4,触摸恶魔
1128,日本,7.4,解脱了的光子
1129,法国,7.4,地球禁撸之日
1130,美国,7.4,异形：契约-番外：最后的晚餐
1131,韩国,7.4,完美的红鲷鱼料理
1132,中国大陆,7.4,铁树银花
1133,美国,7.4,卖火柴的小女孩
1134,加拿大,7.4,早安，少年
1135,法国,7.4,绘爱
1136,美国,7.4,公牛费迪南德
1137,荷兰,7.4,风
1138,美国,7.4,元首的真面目
1139,美国,7.4,举手之劳害地球
1140,美国,7.4,计时器
1141,美国,7.4,老磨坊
1142,法国,7.4,夏令营
1143,法国,7.4,市声喧嚣
1144,台湾,7.4,咖啡恋人
1145,英国,7.4,扯蛋莎翁史
1146,法国,7.4,The Tale Of A Fairy
1147,法国,7.4,树皮下的沉默
1148,中国大陆,7.4,下一站
1149,美国,7.4,DC展台：绿箭
1150,中国大陆,7.4,鸡先生
1151,挪威,7.4,雪中一吻
1152,法国,7.4,极乐死亡
1153,法国,7.4,华尔兹二重奏
1154,法国,7.4,清洁工汤姆
1155,葡萄牙,7.4,3×3
1156,美国,7.4,壁橱
1157,丹麦,7.4,如梦初醒
1158,比利时,7.4,没影点
1159,瑞典,7.4,十米跳台
1160,葡萄牙,7.4,35毫米
1161,美国,7.4,线恋点
1162,俄罗斯,7.4,齿轮
1163,中国大陆,7.4,吃早饭啦
1164,中国大陆,7.4,魔法时刻
1165,美国,7.4,缘来5通话
1166,日本,7.4,纪实72小时：年轻人的求职青春
1167,美国,7.4,护花使者
1168,美国,7.4,光晕：登陆
1169,台湾,7.4,咸水鸡的滋味
1170,德国,7.4,候机室中的诱惑
1171,以色列 Israel,7.4,暑假
1172,希腊,7.4,小鹿
1173,美国,7.4,游戏结束
1174,法国,7.4,1992年
1175,挪威,7.4,本尼的运动衫
1176,中国大陆,7.4,康桥的午夜电台
1177,中国大陆,7.3,11度青春之《哎》
1178,美国,7.3,红色的梦
1179,中国大陆,7.3,我们的精神角落
1180,韩国,7.3,闹钟
1181,瑞典,7.3,关灯以后
1182,中国大陆,7.3,叫我爸爸
1183,香港,7.3,暑期作业
1184,瑞典,7.3,幸运蓝
1185,英国,7.3,咕噜牛
1186,美国,7.3,低能侦探
1187,以色列,7.3,生命的三秒半
1188,台湾,7.3,肉蛾天
1189,中国大陆,7.3,关于上海的三个短片
1190,中国大陆,7.3,八尾猫
1191,中国大陆,7.3,新年头老日子
1192,阿根廷,7.3,定格爱情小故事
1193,中国大陆,7.3,兔子的尾巴
1194,巴西,7.3,你，我和他
1195,英国,7.3,长手的猫
1196,美国,7.3,功夫熊猫之卷轴的秘密
1197,美国,7.3,绅士决斗
1198,加拿大,7.3,小丑宾果
1199,美国,7.3,小黄人番外篇：比赛
1200,中国大陆,7.3,一条大鱼叫海棠
1201,美国,7.3,野人
1202,美国,7.3,一些留下了，一些带走了
1203,爱尔兰,7.3,勇气游戏
1204,中国大陆,7.3,远方在哪里
1205,法国,7.3,胆量与实话
1206,日本,7.3,小野貓
1207,意大利,7.3,小虫子的爱情故事
1208,美国,7.3,乌龟和兔子
1209,西班牙,7.3,快钱
1210,德国,7.3,爱的倒叙
1211,荷兰,7.3,打鸡蛋
1212,美国,7.3,怪物史莱克 4D
1213,中国大陆,7.3,幸福速递
1214,瑞典,7.3,古画惊魂
1215,德国,7.3,超凡
1216,荷兰,7.3,辛彻
1217,比利时,7.3,噢，威利…
1218,美国,7.3,误打误撞单身男
1219,英国,7.3,咕噜牛宝宝
1220,加拿大,7.3,约翰内斯堡的外星人
1221,日本,7.3,槛囚
1222,法国,7.3,阖家观赏
1223,墨西哥,7.3,线先生的怀乡曲
1224,中国大陆,7.3,小胖妞4
1225,法国,7.3,摄影协会成员到达
1226,德国,7.3,生命如斯美丽
1227,德国,7.3,插翅难飞
1228,法国,7.3,候鸟迷途
1229,英国,7.3,买你自己的樱桃
1230,美国,7.3,命运
1231,澳大利亚,7.3,扳机
1232,阿根廷,7.3,过夜
1233,英国,7.3,茶客谜事
1234,中国大陆,7.3,泼水节的传说
1235,挪威,7.3,名为蒙斯的猫
1236,瑞典,7.3,银行事件
1237,德国,7.3,90年代初香港电影漫谈
1238,法国,7.3,纸牌
1239,中国大陆,7.3,老人愿
1240,美国,7.2,安因冈
1241,美国,7.2,亲爱的篮球
1242,美国,7.2,七日地狱
1243,美国,7.2,银翼杀手：2036复制人黎明
1244,中国大陆,7.2,男生日记
1245,美国,7.2,岩浆
1246,比利时,7.2,希腊悲剧
1247,美国,7.2,最后的
1248,美国,7.2,鬼撞墙
1249,法国,7.2,歌剧院广场
1250,英国,7.2,他为我褪去皮肤
1251,美国,7.2,声来如此
1252,美国,7.2,史瑞克的万圣游戏
1253,法国,7.2,猎户座阴谋
1254,台湾,7.2,爱情限量版
1255,澳大利亚,7.2,电锯惊魂前传
1256,法国,7.2,千禧年
1257,香港,7.2,八月的故事
1258,美国,7.2,我要你的爱
1259,加拿大,7.2,乔治和露丝玛丽
1260,中国大陆,7.2,女导演
1261,中国大陆,7.2,2015最美表演
1262,法国,7.2,跳舞的猪
1263,澳大利亚,7.2,橙子
1264,英国,7.2,说谎
1265,美国,7.2,DC展台：超人与沙赞之黑亚当归来
1266,美国,7.2,左右脑
1267,美国,7.2,吃鸟瘾
1268,摩尔多瓦,7.2,死神来了
1269,匈牙利,7.2,西绪福斯
1270,瑞典,7.2,室友
1271,Czechoslovakia,7.2,谜语和糖果
1272,德国,7.2,火烈鸟的骄傲
1273,法国,7.2,吃香蕉的鱼
1274,泰国,7.2,下一页，爱
1275,中国大陆,7.2,2014最美表演
1276,美国,7.2,千言万语
1277,美国,7.2,银河
1278,美国,7.2,砰砰杰瑞德
1263,澳大利亚,7.2,橙子
1264,英国,7.2,说谎
1265,美国,7.2,DC展台：超人与沙赞之黑亚当归来
1266,美国,7.2,左右脑
1267,美国,7.2,吃鸟瘾
1268,摩尔多瓦,7.2,死神来了
1269,匈牙利,7.2,西绪福斯
1270,瑞典,7.2,室友
1271,Czechoslovakia,7.2,谜语和糖果
1272,德国,7.2,火烈鸟的骄傲
1273,法国,7.2,吃香蕉的鱼
1274,泰国,7.2,下一页，爱
1275,中国大陆,7.2,2014最美表演
1276,美国,7.2,千言万语
1277,美国,7.2,银河
1278,美国,7.2,砰砰杰瑞德
1279,荷兰,7.2,太阳日
1280,法国,7.2,并非一部牛仔电影
1281,美国,7.2,Irreversible
1282,英国,7.2,77张床
1283,法国,7.2,基本同意
1284,加拿大,7.2,狂野生活
1285,香港,7.2,勃起之后
1286,中国大陆,7.2,门
1287,法国,7.2,人人都说我爱你
1288,法国,7.2,糟糕的时光
1289,中国大陆,7.2,金币国游记
1290,中国大陆,7.1,宅男电台
1291,美国,7.1,锡铁小兵
1292,美国,7.1,科尼 2012
1293,中国大陆,7.1,我是球迷
1294,中国大陆,7.1,地铁大逃杀
1295,美国,7.1,棕兔夫人
1296,日本,7.1,巨神兵在东京出现
1297,美国,7.1,功夫熊猫之师父的秘密
1298,法国,7.1,吻
1299,中国大陆,7.1,低头人生
1300,澳大利亚,7.1,祝生日
1301,韩国,7.1,南行
1302,美国,7.1,天堂上诉
1303,韩国,7.1,波澜万丈
1304,澳大利亚,7.1,旅客
1305,西班牙,7.1,残酷的放纵
1306,英国,7.1,序幕
1307,美国,7.1,废墟
1308,荷兰,7.1,死神和鹿
1309,美国,7.1,六天
1310,香港,7.1,子曰：食色性也
1311,法国,7.1,出航
1312,Czechoslovakia,7.1,巴赫狂想曲
1313,美国,7.1,鸽中谍
1314,英国,7.1,操纵
1315,美国,7.1,乡巴佬
1316,美国,7.1,下一站出口
1317,美国,7.1,史莱克惊悚夜
1318,美国,7.1,胡子的麻烦
1319,波兰,7.1,雄心
1320,美国,7.1,恐怖理发店
1321,美国,7.1,灰烬之后
1322,美国,7.1,天蝎星升起
1323,荷兰,7.1,大象的梦
1324,加拿大 Canada,7.1,祂都不爱我？
1325,德国,7.1,一次过一个
1326,美国,7.1,30美元
1327,英国,7.1,晨练
1328,英国,7.1,浅坟
1329,美国,7.1,不足一个
1330,德国,7.1,青春期一分钟
1331,美国,7.1,无聊
1332,中国大陆,7.0,前进，达瓦里希
1333,中国大陆,7.0,幽浮目击者
1334,美国,7.0,骑士酒店
1335,日本,7.0,笑颜
1336,美国,7.0,史瑞克外传：欢度圣诞
1337,中国大陆,7.0,金刚经
1338,美国,7.0,丧尸爱情故事
1339,美国,7.0,一头抑郁的鲸鱼
1340,捷克,7.0,布拉格秘境
1341,中国大陆,7.0,该死的胖子
1342,台湾,7.0,这一刻，爱吧2014
1343,中国大陆,7.0,狗的状况
1344,美国,7.0,圣子
1345,香港,7.0,自行我路
1346,美国,7.0,小黄人番外篇：疯狂小黄人
1347,美国,7.0,借来的时间
1348,美国,7.0,男男生子
1349,中国大陆,7.0,礼物
1350,美国,7.0,席德与南茜 恶搞版
1351,美国,7.0,回报
1352,美国,7.0,科技的威胁
1353,希腊,7.0,独行太空
1354,美国,7.0,退货
1355,香港,7.0,只有一个太阳
1356,西班牙,7.0,被劈开的门
1357,奥地利,7.0,恐同
1358,美国,7.0,小鸟派
1359,美国,7.0,离家出走的冰箱
1360,法国,7.0,你知道，你的楼梯很漂亮
1361,中国大陆,7.0,小胖妞前传（下）
1362,德国,7.0,假发匠
1363,法国,7.0,和理发师的美好一天
1364,加拿大,7.0,紧急迫升
1365,加拿大,7.0,小鹿班比遇见哥斯拉
1366,日本,7.0,超扁平之摩根
1367,美国,7.0,国家的骄傲
1368,加拿大,7.0,沙丘城堡
1369,美国,7.0,车载歌行
1370,中国大陆,7.0,顶缸
1371,波兰,7.0,灯
1372,美国,6.9,银翼杀手：2048无处可逃
1373,德国,6.9,欲望酒店
1374,中国大陆,6.9,茗记2：初织恋
1375,美国,6.9,雪宝的冰雪大冒险
1376,日本,6.9,苹果事件
1377,韩国,6.9,忽然之间，去年夏天
1378,美国,6.9,怪物大战外星人：来自外太空的变异南瓜
1379,日本,6.9,忧国
1380,中国大陆,6.9,2016最美表演
1381,美国,6.9,原型
1382,加拿大,6.9,北京烤鸡
1383,美国,6.9,埋伏
1384,加拿大,6.9,鲍伯的生日
1385,美国,6.9,爱情和蛋
1386,加拿大,6.9,礼拜天
1387,德国,6.9,骑士游戏
1388,西班牙,6.9,我们不一样
1389,法国,6.9,蜗牛马戏团
1390,台湾,6.9,昨日的记忆
1391,中国大陆,6.9,罐头
1392,美国,6.9,大土狼的落败
1393,美国,6.9,星期一闭馆
1394,英国,6.9,愿意和我跳支舞吗
1395,香港,6.9,蝙蝠侠：黑暗骑士陨落
1396,丹麦,6.9,下午
1397,台湾,6.8,这一刻，爱吧2013
1398,台湾,6.8,想幸福的人
1399,中国大陆,6.8,女生日记
1400,中国大陆,6.8,百年婚纱店
1401,中国大陆,6.8,裂合边缘
1402,中国大陆,6.8,鞋
1403,台湾,6.8,这一刻，爱吧！
1404,荷兰 Netherlands,6.8,钢铁之泪
1405,中国大陆,6.8,男艺伎回忆录
1406,中国大陆,6.8,一部佳作的诞生
1407,法国,6.8,篮球和数学
1408,台湾,6.8,西游
1409,德国,6.8,41秒
1410,丹麦,6.8,氦
1411,美国,6.8,求生之路
1412,台湾,6.8,薇阁小电影
1413,中国大陆,6.8,诺言
1414,加拿大,6.8,奇怪的入侵者
1415,德国,6.8,心之全蚀
1416,中国大陆,6.8,摘星的你
1417,美国,6.8,做一只鸟真不易
1418,澳大利亚,6.8,塑胶人
1419,瑞典,6.8,壁橱
1420,美国,6.8,怪兽大战外星人外传：活死人萝卜之夜
1421,中国大陆,6.8,跪族
1422,美国,6.8,今晚到我
1423,美国,6.8,卡瓦尔坎蒂城堡
1424,法国,6.8,蝶
1425,中国大陆,6.8,迷失的家园
1426,乌拉圭,6.8,恐慌发作！
1427,法国,6.8,莫迪斯
1428,中国大陆,6.8,对另一个自己说
1429,比利时,6.8,篝火
1430,韩国,6.8,文英
1431,中国大陆,6.7,初见
1432,韩国,6.7,一天
1433,美国,6.7,亚当与狗
1434,香港,6.7,眼
1435,中国大陆,6.7,爱·在线
1436,加拿大,6.7,哑迷
1437,英国,6.7,睡仙
1422,美国,6.8,今晚到我
1423,美国,6.8,卡瓦尔坎蒂城堡
1424,法国,6.8,蝶
1425,中国大陆,6.8,迷失的家园
1426,乌拉圭,6.8,恐慌发作！
1427,法国,6.8,莫迪斯
1428,中国大陆,6.8,对另一个自己说
1429,比利时,6.8,篝火
1430,韩国,6.8,文英
1431,中国大陆,6.7,初见
1432,韩国,6.7,一天
1433,美国,6.7,亚当与狗
1434,香港,6.7,眼
1435,中国大陆,6.7,爱·在线
1436,加拿大,6.7,哑迷
1437,英国,6.7,睡仙
1438,法国,6.7,通缉曲
1439,中国大陆,6.7,你在哪里
1440,美国,6.7,小黄人番外篇：不消停的宾齐·尼尔森
1441,法国,6.7,咖啡馆事件
1442,美国,6.7,蓝精灵：圣诞颂歌
1443,中国大陆,6.7,无无眠
1444,法国,6.7,当戈达尔遇见伍迪艾伦
1445,美国,6.7,范海辛：伦敦任务
1446,台湾,6.7,大佛
1447,法国,6.7,少女和云
1448,俄罗斯,6.7,开关
1449,美国,6.7,借一只爪
1450,美国,6.7,未来忍者
1451,新西兰,6.7,姜饼小人
1452,英国,6.7,双胞胎传奇
1453,法国,6.7,迷宫城堡
1454,爱尔兰,6.6,格林奶奶的睡美人
1455,美国,6.6,选角风云
1456,中国,6.6,河上的爱情
1457,中国大陆,6.6,特殊服务
1458,中国大陆,6.6,公共场所
1459,韩国,6.6,人形
1460,美国,6.6,超级大坏蛋短片：毁灭按钮
1461,韩国,6.6,最坏的朋友们
1462,美国,6.6,黑曼巴
1463,美国,6.6,兄弟
1464,美国,6.6,谈心
1465,中国大陆,6.6,猪肉与月亮
1466,中国大陆,6.6,治愈之岛
1467,中国大陆,6.6,那些年狂追我的女孩
1468,法国,6.6,切尔诺贝利的孩子们
1469,美国,6.6,天黑黑
1470,美国,6.6,六人患病
1471,加拿大,6.6,珍稀兽
1472,中国大陆,6.6,佳人
1473,苏联,6.6,杀手
1474,法国,6.6,这就是卡吕普索
1475,法国,6.6,狐仙记
1476,美国,6.6,马罗
1477,瑞典,6.6,阁楼惊魂
1478,香港,6.5,指甲刀人魔
1479,中国大陆,6.5,谁是你的菜2014
1480,中国大陆,6.5,幸福59厘米之爱有多久
1481,日本,6.5,爱如异形
1482,中国大陆,6.5,行者
1483,美国,6.5,马达加斯加的疯狂情人节
1484,中国大陆,6.5,龙头
1485,台湾,6.5,小幸感
1486,加拿大,6.5,黑蝇
1487,美国,6.5,野孩子
1488,美国,6.5,刺客信条：权势
1489,西班牙,6.5,妈妈
1490,中国大陆,6.5,夏日时光
1491,法国,6.5,一次心理治疗
1492,英国,6.5,红发
1493,美国,6.5,十分钟末
1494,美国,6.5,胆量游戏
1495,中国大陆,6.5,大明宫传奇
1496,美国,6.4,47号物品
1497,中国大陆,6.4,爱在微博蔓延时
1498,中国大陆,6.4,我是你的小幂phone
1499,中国大陆,6.4,如果爱
1500,加拿大,6.4,夏日的镜子
1501,美国,6.4,创：未来之日
1502,中国,6.4,我们的十年
1503,美国,6.4,生命圆周
1504,中国大陆,6.4,交易
1505,中国大陆,6.4,玛丽的自然卷世界
1506,美国,6.4,狗粮
1507,美国,6.4,一日英雄
1508,台湾,6.4,回忆抽屉
1509,法国,6.4,爱之初，欲本善
1510,美国,6.4,臭美公子的追求
1511,中国大陆,6.4,坚定的锡兵
1512,瑞典,6.4,别急
1513,中国大陆,6.3,青春感恩记《父亲》之《父子篇》
1514,中国大陆,6.3,看球记
1515,中国大陆,6.3,小夜游
1516,瑞典,6.3,拍照拍出鬼
1517,美国,6.3,飞毛腿冈萨雷斯
1518,中国大陆,6.3,2017最美表演
1519,中国大陆,6.2,床上关系
1520,中国大陆,6.2,地铁时间
1521,中国大陆,6.2,史前杯具
1522,美国,6.2,心灵领地
1523,英国,6.2,红气球
1524,法国,6.2,减肥时代
1525,英国,6.2,无奈的上帝
1526,美国,6.1,安德鲁和威利冒险记
1527,美国,6.1,冰山
1528,中国大陆,6.1,她的演技
1529,美国,6.1,凌晨两点钟：微笑的男人
1530,中国大陆,6.1,神秘吸引力
1531,西班牙,6.1,罗萨
1532,英国,6.1,被X
1533,中国大陆,6.1,星知我心
1534,加拿大,6.1,水平线
1535,中国大陆,6.0,11度青春之《阿泽的夏天》
1536,西班牙,6.0,后果
1537,美国,6.0,魔都传奇
1538,中国大陆,6.0,茗记3：取舍
1539,韩国,6.0,青出于蓝
1540,美国,6.0,斯蒂芬的盛宴
1541,中国大陆,6.0,城市映像-成都篇《火锅》
1542,香港,5.9,假戏真作
1543,美国,5.9,全境封锁：特工起源
1544,美国,5.9,弗兰克影片
1545,中国大陆,5.9,失眠笔记
1546,香港,5.9,老板， 我爱你
1547,中国大陆,5.9,霾没了
1548,英国,5.9,想要
1549,香港,5.8,谎言大作战
1550,美国,5.8,纽约冰淇淋
1551,美国,5.8,赫伯·阿尔帕特和“蒂华纳”铜管乐队 合奏二首
1552,美国,5.8,晚安，脚先生
1553,中国大陆,5.8,17把乐带回家
1554,韩国,5.8,咫尺之间
1555,中国大陆,5.8,吊车尾的逆袭
1556,中国大陆,5.7,11度青春之《李雷和韩梅梅》
1557,中国大陆,5.7,幸福59厘米之夜天使
1558,瑞典,5.7,肮脏日记：女权主义情色短片集
1559,中国大陆,5.6,11度青春之《L.I》
1560,日本,5.6,豚鼠系列之1：恶魔试验
1561,中国大陆,5.6,狠爱你
1562,中国大陆,5.6,三分钟
1563,中国大陆,5.6,夏雪薇安之念念不忘
1564,日本,5.5,豚鼠系列之2：血肉之花
1565,中国大陆,5.5,伏魔者
1566,日本,5.4,豚鼠系列之3：他不会死
1567,中国大陆,5.4,艳遇
1568,美国,5.4,口交
1569,英国,5.4,白头盔
1570,韩国,5.3,爱的剪刀石头布
1571,美国,5.0,泰坦尼克号2
1572,中国大陆,5.0,爱在水中央
1573,中国大陆,4.9,梦回鹿鼎记
1574,中国大陆,4.9,蓝可儿之旅
1575,新西兰,4.8,鳗女
1576,中国大陆,4.8,干爹
1577,香港,4.8,三生
1578,法国,4.5,蓝调上海
1579,中国大陆,4.3,岛国奇欲记
1580,中国大陆,4.2,纵身一跃
1581,中国大陆,4.2,幸福59厘米之无镜的爱
1582,挪威,4.0,林中女妖
1583,中国大陆,4.0,什么叫做爱
1584,中国大陆,3.9,身度
1585,美国,3.9,俺干掉了蕾丝边老婆，把这娘们吊在了肉钩子上，于是俺现在跟迪士尼签了三部电影的合约啦
1586,中国大陆,3.5,搜神记
1587,中国大陆,3.4,莫陌2
