1,美国,9.4,福尔摩斯二世
2,日本,9.3,千与千寻
3,中国大陆,9.3,大闹天宫
4,香港,9.2,大话西游之大圣娶亲
5,美国,9.2,生活多美好
6,中国大陆,9.2,狐妖小红娘剧场版：月红篇
7,美国,9.1,寻梦环游记
8,日本,9.1,龙猫
9,美国,9.1,指环王3：王者无敌
10,美国,9.0,少年派的奇幻漂流
11,日本,9.0,天空之城
12,美国,9.0,指环王2：双塔奇兵
13,意大利,9.0,流浪者之歌
14,香港,8.9,大话西游之月光宝盒
15,日本,8.9,哈尔的移动城堡
16,新西兰,8.9,指环王1：魔戒再现
17,中国大陆,8.9,哪吒闹海
18,美国,8.9,西力传
19,美国,8.8,本杰明·巴顿奇事
20,日本,8.8,幽灵公主
21,美国,8.8,玩具总动员3
22,日本,8.8,风之谷
23,日本,8.8,未麻的部屋
24,美国,8.8,坠入
25,日本,8.8,回忆三部曲
26,美国,8.8,幻想曲
27,美国,8.8,幻想曲2000
28,英国,8.8,黄色潜水艇
29,台湾,8.8,魔法阿妈
30,美国,8.8,月球漫步
31,日本,8.8,天鹅湖
32,意大利,8.8,金玫瑰洞
33,美国,8.7,剪刀手爱德华
34,美国,8.7,驯龙高手
35,美国,8.7,哈利·波特与死亡圣器(下)
36,美国,8.7,哈利·波特与魔法石
37,美国,8.7,大鱼
38,日本,8.7,借东西的小人阿莉埃蒂
39,日本,8.7,萤火之森
40,美国,8.7,绿里奇迹
41,日本,8.7,河童之夏
42,英国,8.7,迷墙
43,美国,8.7,指环王
44,日本,8.7,龙子太郎
45,日本,8.7,神奇独角马
46,德国,8.7,尼伯龙根：西格弗里德之死
47,日本,8.7,乱马1/2合集
48,法国,8.7,通烟囱工人与牧羊女
49,德国,8.7,尼伯龙根2：克里姆希尔德的复仇
50,美国,8.6,加勒比海盗
51,美国,8.6,怪兽电力公司
52,英国,8.6,时空恋旅人
53,美国,8.6,无敌破坏王
54,日本,8.6,梦
55,美国,8.6,亚当斯一家的价值观
56,美国,8.6,开罗紫玫瑰
57,美国,8.6,小公主
58,日本,8.6,人狼
59,法国,8.6,国王与小鸟
60,日本,8.6,悲伤的贝拉多娜
61,德国,8.6,浮士德
62,德国,8.6,阿赫迈德王子历险记
63,Czechoslovakia,8.6,吹笛子的男人
64,法国,8.6,爱丽丝漫游奇境
65,日本,8.5,魔女宅急便
66,美国,8.5,土拨鼠之日
67,日本,8.5,狼的孩子雨和雪
68,西德,8.5,柏林苍穹下
69,日本,8.5,雨月物语
70,日本,8.5,蜘蛛巢城
71,美国,8.5,解构爱情狂
72,日本,8.5,兽兵卫忍风帖
73,墨西哥,8.5,圣血
74,法国,8.5,审判
75,德国,8.5,三生计
76,美国,8.4,复仇者联盟3：无限战争
77,德国,8.4,香水
78,香港,8.4,青蛇
79,印度,8.4,我的个神啊
80,美国,8.4,暖暖内含光
81,日本,8.4,红猪
82,日本,8.4,百变狸猫
83,爱尔兰,8.4,凯尔经的秘密
84,美国,8.4,亚当斯一家
85,日本,8.4,借着雨点说爱你
86,意大利,8.4,八部半
87,日本,8.4,怪谈
88,美国,8.4,爱丽丝梦游仙境
89,美国,8.4,秘密花园
90,法国,8.4,画之国
91,墨西哥,8.4,圣山
92,捷克斯洛伐克,8.4,爱丽丝
93,墨西哥,8.4,泯灭天使
94,法国,8.4,奥菲斯
95,德国,8.4,马布斯博士的遗嘱
96,捷克斯洛伐克,8.4,三个老兵
97,美国,8.4,如此美好的一天
98,日本,8.4,星际5555：异星梦系统秘传
99,英国,8.4,救命！
100,美国,8.3,冰雪奇缘
101,美国,8.3,夜访吸血鬼
102,日本,8.3,悬崖上的金鱼姬
103,韩国,8.3,奇怪的她
104,美国,8.3,美女与野兽
105,日本,8.3,梦旅人
106,法国,8.3,两生花
107,美国,8.3,小美人鱼
108,瑞典,8.3,第七封印
109,美国,8.3,正义联盟：闪点悖论
110,法国,8.3,资产阶级的审慎魅力
111,日本,8.3,世界奇妙物语 电影特别篇
112,俄罗斯,8.3,水仙女
113,美国,8.3,最后的独角兽
114,捷克斯洛伐克,8.3,深坑、钟摆和希望
115,波兰,8.3,砂制时镜下的疗养院
116,捷克斯洛伐克,8.3,鸟，孤儿和愚人
117,英国,8.3,未了阴阳情
118,波兰,8.3,萨拉戈萨手稿
119,捷克,8.3,幸存的生命（理论与实践）
120,瑞典,8.3,面对面
121,中国大陆,8.3,“下次开船”港游记
122,中国大陆,8.2,西游记之大圣归来
123,美国,8.2,僵尸新娘
124,美国,8.2,霍比特人3：五军之战
125,美国,8.2,霍比特人2：史矛革之战
126,美国,8.2,哈利·波特与密室
127,西班牙,8.2,午夜巴黎
128,美国,8.2,美食总动员
129,英国,8.2,哈利·波特与阿兹卡班的囚徒
130,美国,8.2,人鬼情未了
131,美国,8.2,圣诞夜惊魂
119,捷克,8.3,幸存的生命（理论与实践）
120,瑞典,8.3,面对面
121,中国大陆,8.3,“下次开船”港游记
122,中国大陆,8.2,西游记之大圣归来
123,美国,8.2,僵尸新娘
124,美国,8.2,霍比特人3：五军之战
125,美国,8.2,霍比特人2：史矛革之战
126,美国,8.2,哈利·波特与密室
127,西班牙,8.2,午夜巴黎
128,美国,8.2,美食总动员
129,英国,8.2,哈利·波特与阿兹卡班的囚徒
130,美国,8.2,人鬼情未了
131,美国,8.2,圣诞夜惊魂
132,加拿大,8.2,无姓之人
133,美国,8.2,成为约翰·马尔科维奇
134,美国,8.2,小飞侠
135,美国,8.2,小熊维尼历险记
136,美国,8.2,爱丽丝梦游仙境
137,美国,8.2,半梦半醒的人生
138,美国,8.2,闪电奇迹
139,法国,8.2,夜幕下的故事
140,德国,8.2,诺斯费拉图
141,美国,8.2,欢乐满人间
142,西班牙,8.2,夜曲
143,法国,8.2,诗人之血
144,日本,8.2,机器人嘉年华
145,日本,8.2,草迷宫
146,瑞典,8.2,幽灵马车
147,阿根廷,8.2,木偶奇遇记
148,台湾,8.2,圣石传说
149,法国,8.2,风筝
150,美国,8.1,霍比特人1：意外之旅
151,美国,8.1,加勒比海盗2：聚魂棺
152,英国,8.1,哈利·波特与火焰杯
153,美国,8.1,鬼妈妈
154,美国,8.1,白雪公主和七个小矮人
155,英国,8.1,小飞侠彼得潘
156,美国,8.1,仙履奇缘
157,美国,8.1,绿野仙踪
158,美国,8.1,木偶奇遇记
159,中国大陆,8.1,魁拔Ⅲ战神崛起
160,韩国,8.1,现在去见你
161,美国,8.1,鬼马小精灵
162,香港,8.1,小倩
163,日本,8.1,杀妻总动员
164,美国,8.1,离魂异客
165,中国大陆,8.1,人参果
166,日本,8.1,阴差阳错的女演员们
167,美国,8.1,木头美人
168,美国,8.1,我嫁了个怪蜀黍！
169,日本,8.1,迷宫物语
170,台湾,8.1,山中传奇
171,法国,8.1,阿祖尔和阿斯马尔
172,墨西哥,8.1,鼹鼠
173,美国,8.1,欢乐谷
174,美国,8.1,蓝调之歌
175,捷克,8.1,捷克惊魂夜
176,美国,8.1,天堂可以等待
177,印度,8.1,黑帮大佬和平梦
178,加拿大,8.1,男情难了
179,捷克,8.1,浮士德
180,美国,8.1,屋顶上的男孩
181,德国,8.1,咫尺天涯
182,美国,8.1,小熊维尼之长鼻怪大冒险
183,美国,8.1,珍妮的画像
184,保加利亚,8.1,劳拉的星星
185,美国,8.1,青鸟
186,美国,8.0,复仇者联盟
187,中国大陆,8.0,功夫
188,美国,8.0,加勒比海盗3：世界的尽头
189,法国,8.0,小王子
190,美国,8.0,勇敢者的游戏
191,美国,8.0,玩具总动员2
192,美国,8.0,爱再来一次
193,美国,8.0,守护者联盟
194,美国,8.0,居家男人
195,法国,8.0,黑店狂想曲
196,美国,8.0,飞天小女警 剧场版
197,美国,8.0,长大
198,澳大利亚,8.0,小猪宝贝
199,美国,8.0,亚利桑那之梦
200,法国,8.0,童梦失魂夜
201,泰国,8.0,大狗民
202,日本,8.0,小飞龙
203,日本,8.0,天使之卵
204,美国,8.0,飞出个未来大电影3：班德的游戏
205,美国,8.0,我的朋友叫哈维
206,美国,8.0,回阵
207,美国,8.0,在天堂遇见的五个人
208,美国,8.0,二维世界
209,日本,8.0,奈克瑟斯奥特曼剧场版
210,美国,8.0,阿瓦隆的迷雾
211,日本,8.0,陷阱
212,美国,8.0,三骑士
213,日本,8.0,阳炎座
214,英国,8.0,新天方夜谭
215,美国,8.0,呆瓜的崛起
216,美国,8.0,情书
217,法国,8.0,科学睡眠：B版
218,美国,7.9,查理和巧克力工厂
219,英国,7.9,哈利·波特与死亡圣器(上)
220,美国,7.9,驯龙高手2
221,美国,7.9,怪物史瑞克
222,美国,7.9,天使之城
223,日本,7.9,猫的报恩
224,美国,7.9,夏洛特的网
225,比利时,7.9,超新约全书
226,香港,7.9,梁祝
227,香港,7.9,僵尸先生
228,新西兰,7.9,吸血鬼生活
229,美国,7.9,睡美人
230,美国,7.9,橡皮头
231,美国,7.9,美梦成真
232,美国,7.9,变身国王
233,中国大陆,7.9,女娲补天
234,美国,7.9,小叮当与失去的宝藏
235,捷克,7.9,贪吃树
236,美国,7.9,小叮当：永无兽传奇
237,法国,7.9,洞
238,加拿大,7.9,爱心熊宝宝：新一代
239,美国,7.9,小叮当：拯救精灵大作战
240,澳大利亚,7.9,小猪宝贝2：小猪进城
241,智利,7.9,诗无尽头
242,美国,7.9,玛蒂尔达
243,德国,7.9,吸血鬼
244,意大利,7.9,奥德赛
245,美国,7.9,龙的世界
246,美国,7.9,血茶与红绳
247,美国,7.9,金花鼠
248,法国,7.9,扎齐坐地铁
249,日本,7.9,樱之森之满开之下
250,意大利,7.9,米兰奇迹
251,墨西哥,7.9,凡多和莉丝
252,美国,7.9,穿梭阴阳间
253,美国,7.9,34街奇缘
254,台湾,7.9,喜怒哀乐
255,法国,7.9,甘达星人
244,意大利,7.9,奥德赛
245,美国,7.9,龙的世界
246,美国,7.9,血茶与红绳
247,美国,7.9,金花鼠
248,法国,7.9,扎齐坐地铁
249,日本,7.9,樱之森之满开之下
250,意大利,7.9,米兰奇迹
251,墨西哥,7.9,凡多和莉丝
252,美国,7.9,穿梭阴阳间
253,美国,7.9,34街奇缘
254,台湾,7.9,喜怒哀乐
255,法国,7.9,甘达星人
256,英国,7.9,英格兰末日
257,英国,7.8,神奇动物在哪里
258,中国大陆,7.8,大护法
259,新西兰,7.8,金刚
260,英国,7.8,哈利·波特与凤凰社
261,美国,7.8,奇幻森林
262,美国,7.8,变相怪杰
263,西班牙,7.8,潘神的迷宫
264,美国,7.8,精灵旅社
265,美国,7.8,康斯坦丁
266,韩国,7.8,狼少年
267,香港,7.8,回魂夜
268,美国,7.8,瑞士军刀男
269,韩国,7.8,触不到的恋人
270,美国,7.8,仙境之桥
271,美国,7.8,第六感生死缘
272,中国大陆,7.8,魁拔之十万火急
273,美国,7.8,时光倒流七十年
274,美国,7.8,奇幻人生
275,日本,7.8,秘密
276,法国,7.8,科学睡眠
277,日本,7.8,早死早投胎之地狱摇滚篇
278,美国,7.8,小叮当
279,美国,7.8,大力士
280,美国,7.8,小叮当：羽翼之谜
281,美国,7.8,终极细胞战
282,法国,7.8,诺斯费拉图：夜晚的幽灵
283,泰国,7.8,热带疾病
284,法国,7.8,美女与野兽
285,日本,7.8,黑猫
286,英国,7.8,终极天将
287,日本,7.8,真夜中的喜多郎和弥次郎
288,挪威,7.8,超完美地狱
289,意大利,7.8,爱情神话
290,英国,7.8,派对搭讪秘诀
291,美国,7.8,神气活现
292,美国,7.8,傻瓜与天使
293,美国,7.8,34街的奇迹
294,英国,7.8,反斗神偷
295,意大利,7.8,三艳嬉春
296,捷克斯洛伐克,7.8,海的女儿
297,美国,7.7,X战警：天启
298,美国,7.7,魔兽
299,美国,7.7,时间旅行者的妻子
300,美国,7.7,木乃伊
301,美国,7.7,人生遥控器
302,美国,7.7,斯巴达300勇士
303,美国,7.7,触不到的恋人
304,韩国,7.7,与神同行
305,香港,7.7,白发魔女传
306,美国,7.7,蒂莫西的奇异生活
307,日本,7.7,阴阳师
308,美国,7.7,盒子怪
309,法国,7.7,天使A
310,美国,7.7,生命之书
311,英国,7.7,波特小姐
312,法国,7.7,东京！
313,法国,7.7,神圣车行
314,美国,7.7,阴间大法师
315,香港,7.7,奇门遁甲
316,芬兰,7.7,圣诞传说
317,中国大陆,7.7,星游记之风暴法米拉
318,美国,7.7,正义联盟：战争
319,美国,7.7,熊的传说
320,挪威,7.7,苏菲的世界
321,美国,7.7,家有杰克
322,香港,7.7,倩女幽魂
323,英国,7.7,格列佛游记
324,美国,7.7,芭比梦幻仙境之人鱼公主
325,捷克斯洛伐克,7.7,瓦莱莉和她的奇迹一周
326,美国,7.7,阿拉丁和大盗之王
327,美国,7.7,欢乐糖果屋
328,意大利,7.7,朱丽叶与魔鬼
329,美国,7.7,芭比梦幻仙境之魔法彩虹
330,西班牙,7.7,被遗忘的孩子
331,保加利亚,7.7,海的女儿
332,日本,7.7,疯狂星期一
333,芬兰,7.7,冰雪皇后
334,意大利,7.7,星光迷乱
335,英国,7.7,巴格达大盗
336,德国,7.7,小鱼历险记
337,美国,7.7,米奇节日嘉年华
338,中国大陆,7.7,精变
339,美国,7.7,雪人情缘
340,美国,7.7,天鹅公主
341,美国,7.6,奇异博士
342,香港,7.6,不能说的秘密
343,美国,7.6,雨果
344,美国,7.6,精灵鼠小弟
345,美国,7.6,穿靴子的猫
346,美国,7.6,断头谷
347,美国,7.6,星尘
348,美国,7.6,极地特快
349,日本,7.6,怪物之子
350,意大利,7.6,故事的故事
351,日本,7.6,记忆中的玛妮
352,日本,7.6,东京少女
353,法国,7.6,怪兽在巴黎
354,日本,7.6,阴阳师2
355,美国,7.6,割腕者的天堂
356,英国,7.6,影子大亨
357,美国,7.6,非强力春药
358,美国,7.6,没有青春的青春
359,日本,7.6,果酱
360,俄罗斯,7.6,俄罗斯方舟
361,法国,7.6,红海龟
362,美国,7.6,战栗黑洞
363,美国,7.6,金刚
364,日本,7.6,大提琴手
365,英国,7.6,飞天巨桃历险记
366,西班牙,7.6,白雪公主斗牛记
367,美国,7.6,芭比之蝴蝶仙子
368,美国,7.6,梦幻之地
369,美国,7.6,乐高星球大战：学徒危机
370,西德,7.6,有机体的秘密
371,美国,7.6,鹰狼传奇
372,日本,7.6,黄泉归来
373,英国,7.6,碟形世界：圣猪老爹
374,法国,7.6,方托马斯大战苏格兰场
375,中国大陆,7.5,寻龙诀
376,美国,7.5,加勒比海盗4：惊涛怪浪
377,美国,7.5,雷神3：诸神黄昏
378,香港,7.5,2046
379,美国,7.5,冒牌天神
368,美国,7.6,梦幻之地
369,美国,7.6,乐高星球大战：学徒危机
370,西德,7.6,有机体的秘密
371,美国,7.6,鹰狼传奇
372,日本,7.6,黄泉归来
373,英国,7.6,碟形世界：圣猪老爹
374,法国,7.6,方托马斯大战苏格兰场
375,中国大陆,7.5,寻龙诀
376,美国,7.5,加勒比海盗4：惊涛怪浪
377,美国,7.5,雷神3：诸神黄昏
378,香港,7.5,2046
379,美国,7.5,冒牌天神
380,美国,7.5,海洋奇缘
381,爱尔兰,7.5,龙虾
382,美国,7.5,怪物史瑞克2
383,美国,7.5,精灵旅社2
384,美国,7.5,缘分天注定
385,韩国,7.5,内在美
386,美国,7.5,大话王
387,美国,7.5,恋恋书中人
388,美国,7.5,雷蒙·斯尼奇的不幸历险
389,美国,7.5,鬼魅浮生
390,德国,7.5,唯爱永生
391,日本,7.5,明日的我与昨日的你约会
392,美国,7.5,逗鸟外传：萌宝满天飞
393,美国,7.5,小红帽
394,香港,7.5,富贵逼人
395,英国,7.5,镜子面具
396,美国,7.5,星际旅行1：无限太空
397,韩国,7.5,被掩盖的时间
398,加拿大,7.5,裸体午餐
399,美国,7.5,天使在人间
400,美国,7.5,冰雪女王
401,香港,7.5,地狱无门
402,美国,7.5,不一样的本能
403,英国,7.5,卡蜜儿
404,英国,7.5,寻找埃里克
405,日本,7.5,中国鸟人
406,比利时,7.5,遥远的街区
407,法国,7.5,方托马斯的反击
408,美国,7.5,吸血鬼
409,加拿大,7.5,宇宙奇趣录
410,英国,7.5,水晶鞋与玫瑰花
411,法国,7.5,方托马斯
412,日本,7.5,太空游侠
413,台湾,7.5,新十二生肖
414,法国,7.5,内心的伤痕
415,英国,7.4,哈利·波特与混血王子
416,俄罗斯,7.4,他是龙
417,美国,7.4,勇敢传说
418,美国,7.4,天降美食
419,美国,7.4,木乃伊归来
420,英国,7.4,黑夜传说
421,美国,7.4,机器人9号
422,美国,7.4,魔弦传说
423,美国,7.4,穿越时空爱上你
424,中国大陆,7.4,十万个冷笑话2
425,香港,7.4,倩女幽魂3：道道道
426,美国,7.4,辣妈辣妹
427,美国,7.4,魔法保姆麦克菲
428,印度,7.4,功夫小蝇
429,日本,7.4,空气人偶
430,英国,7.4,魔法保姆麦克菲2
431,泰国,7.4,恶魔的艺术2：邪降
432,中国大陆,7.4,龙之谷：破晓奇兵
433,美国,7.4,失常
434,美国,7.4,美人鱼
435,俄罗斯,7.4,守日人
436,美国,7.4,幻影英雄
437,美国,7.4,菲比梦游奇境
438,日本,7.4,鬼怪屋
439,美国,7.4,小美人鱼3：爱丽儿的起源
440,日本,7.4,我和少女，还有猫
441,日本,7.4,妖兽都市
442,德国,7.4,隐墙
443,日本,7.4,美女罐头
444,法国,7.4,美丽新世界
445,美国,7.4,真爱无尽
446,美国,7.4,命运先生
447,美国,7.4,扭转乾坤
448,日本,7.4,双生儿
449,香港,7.4,阴阳错
450,中国大陆,7.4,宝葫芦的秘密
451,墨西哥,7.4,梦呓雨林
452,日本,7.4,睡衣男异次元空间
453,美国,7.4,爱丽丝
454,美国,7.4,伊老师与小蟾蜍大历险
455,美国,7.3,暮光之城
456,美国,7.3,加勒比海盗5：死无对证
457,美国,7.3,雷神2：黑暗世界
458,香港,7.3,百变星君
459,美国,7.3,鼠来宝
460,美国,7.3,猫头鹰王国：守卫者传奇
461,日本,7.3,最终幻想15：王者之剑
462,香港,7.3,东方三侠
463,印度,7.3,巴霍巴利王：开端
464,美国,7.3,森林战士
465,法国,7.3,解放军在巴黎
466,韩国,7.3,蝙蝠
467,美国,7.3,圣诞颂歌
468,香港,7.3,一眉道人
469,美国,7.3,乌鸦
470,美国,7.3,仲夏夜魔法
471,法国,7.3,圣歌
472,塞尔维亚,7.3,牛奶配送员的奇幻人生
473,美国,7.3,恐惧拉斯维加斯
474,美国,7.3,辛巴达七海传奇
475,美国,7.3,黑暗正义联盟
476,德国,7.3,罪孽天使
477,美国,7.3,小叮当与海盗仙子
478,美国,7.3,情话童真
479,意大利,7.3,一千零一夜
480,日本,7.3,阿瓦隆
481,美国,7.3,鬼作秀2
482,美国,7.3,杰克与豆茎
483,英国,7.3,查尔斯三世
484,美国,7.3,贾方复仇记
485,美国,7.3,熊的传说2
486,新加坡,7.3,我在政府部门的日子
487,美国,7.3,灵魂大搜索
488,意大利,7.3,金色大门
489,美国,7.3,直到永远
490,英国,7.3,纸屋恶魔
491,美国,7.3,鬼界超级混蛋
492,美国,7.3,兔子
493,美国,7.3,夜行骇传
494,美国,7.2,复仇者联盟2：奥创纪元
495,美国,7.2,水形物语
496,中国大陆,7.2,重返20岁
497,美国,7.2,美女与野兽
498,美国,7.2,博物馆奇妙夜
499,英国,7.2,纳尼亚传奇1：狮子、女巫和魔衣橱
500,美国,7.2,佩小姐的奇幻城堡
501,美国,7.2,蓝精灵
502,中国大陆,7.2,超时空同居
503,香港,7.2,赌侠2：上海滩赌圣
504,美国,7.2,黑夜传说2：进化
492,美国,7.3,兔子
493,美国,7.3,夜行骇传
494,美国,7.2,复仇者联盟2：奥创纪元
495,美国,7.2,水形物语
496,中国大陆,7.2,重返20岁
497,美国,7.2,美女与野兽
498,美国,7.2,博物馆奇妙夜
499,英国,7.2,纳尼亚传奇1：狮子、女巫和魔衣橱
500,美国,7.2,佩小姐的奇幻城堡
501,美国,7.2,蓝精灵
502,中国大陆,7.2,超时空同居
503,香港,7.2,赌侠2：上海滩赌圣
504,美国,7.2,黑夜传说2：进化
505,美国,7.2,怪物史瑞克3
506,美国,7.2,通灵男孩诺曼
507,日本,7.2,追逐繁星的孩子
508,中国大陆,7.2,灵魂摆渡·黄泉
509,法国,7.2,亚瑟和他的迷你王国
510,英国,7.2,独家新闻
511,美国,7.2,奇幻精灵事件簿
512,法国,7.2,第九道门
513,日本,7.2,死神的精度
514,西班牙,7.2,当怪物来敲门
515,美国,7.2,火星人玩转地球
516,香港,7.2,开心鬼
517,美国,7.2,从今以后
518,日本,7.2,假如猫从世界上消失了
519,印度,7.2,宝莱坞机器人之恋
520,韩国,7.2,田禹治
521,法国,7.2,星际之门
522,美国,7.2,怒犯天条
523,韩国,7.2,千年狐
524,中国大陆,7.2,阿唐奇遇
525,加拿大,7.2,潮涨海岸
526,西班牙,7.2,鬼童院
527,匈牙利,7.2,狐仙丽莎煞煞煞
528,美国,7.2,夺命感应
529,香港,7.2,邪
530,日本,7.2,乱步地狱
531,美国,7.2,魔幻迷宫
532,日本,7.2,梦十夜
533,中国大陆,7.2,北京小妞
534,美国,7.2,末世纪暴潮
535,韩国,7.2,美丽密语
536,意大利,7.2,仲夏夜之梦
537,英国,7.2,借东西的小人
538,美国,7.2,环游世界八十天
539,丹麦,7.2,扯线王子复仇记
540,美国,7.2,芭比之魅力公主学院
541,美国,7.2,妖夜传说
542,美国,7.2,木乃伊
543,日本,7.2,平壤怪兽
544,英国,7.2,穿梭阴阳恋
545,荷兰,7.2,猫女
546,台湾,7.2,六朝怪谈
547,日本,7.2,学校怪谈2
548,中国大陆,7.1,西游降魔篇
549,美国,7.1,神奇女侠
550,中国大陆,7.1,星空
551,美国,7.1,波斯王子：时之刃
552,美国,7.1,可爱的骨头
553,香港,7.1,星愿
554,美国,7.1,怪兽屋
555,美国,7.1,天降美食2
556,香港,7.1,人鱼传说
557,美国,7.1,魔发精灵
558,香港,7.1,超时空要爱
559,美国,7.1,宛如天堂
560,法国,7.1,埃及艳后的任务
561,西班牙,7.1,猛鬼毕业典礼
562,香港,7.1,鬼打鬼
563,英国,7.1,雾气蒙蒙
564,日本,7.1,催眠
565,法国,7.1,时空访客
566,法国,7.1,时空急转弯
567,俄罗斯,7.1,古墓迷途
568,新西兰,7.1,恐怖幽灵
569,美国,7.1,墨水
570,法国,7.1,龙战
571,法国,7.1,泡沫人生
572,美国,7.1,仙履奇缘3： 时间魔法
573,法国,7.1,时空急转弯2
574,美国,7.1,费城实验
575,法国,7.1,一千零一夜
576,Serbia,7.1,魔幻女儿国
577,法国,7.1,驴皮公主
578,日本,7.1,世纪末暑假
579,中国大陆,7.0,妖猫传
580,中国大陆,7.0,羞羞的铁拳
581,美国,7.0,爱丽丝梦游仙境
582,美国,7.0,勇敢者游戏：决战丛林
583,美国,7.0,博物馆奇妙夜3
584,日本,7.0,银魂
585,捷克,7.0,范海辛
586,美国,7.0,亚瑟王：斗兽争霸
587,美国,7.0,生命之树
588,美国,7.0,精灵鼠小弟2
589,美国,7.0,歪小子斯科特对抗全世界
590,美国,7.0,偷听女人心
591,美国,7.0,别惹蚂蚁
592,印度,7.0,巴霍巴利王2：终结
593,韩国,7.0,天国的邮递员
594,美国,7.0,野兽家园
595,香港,7.0,开心鬼撞鬼
596,美国,7.0,马格瑞姆的神奇玩具店
597,香港,7.0,开心鬼放暑假
598,俄罗斯,7.0,守夜人
599,香港,7.0,开心鬼救开心鬼
600,韩国,7.0,韩塞尔与葛雷特
601,美国,7.0,情人眼里出西施
602,美国,7.0,小美人鱼2：重返大海
603,德国,7.0,尼伯龙根的指环
604,法国,7.0,仙女
605,泰国,7.0,突然20岁
606,美国,7.0,若世界属于我
607,芬兰,7.0,梦魇之旅
608,美国,7.0,小精灵
609,美国,7.0,无敌大猩猩
610,瑞士,7.0,阿洛伊斯
611,美国,7.0,阴阳魔界
612,加拿大,7.0,回路人生
613,日本,7.0,镰仓物语
614,中国大陆,7.0,第二次爱你
615,中国大陆,7.0,神秘世界历险记
616,印度 India,7.0,终极武器
617,法国,7.0,高卢英雄大战维京海盗
618,美国,6.9,沉睡魔咒
619,法国,6.9,九条命
620,美国,6.9,地狱男爵
621,美国,6.9,刀锋战士
622,英国,6.9,魔法奇幻秀
623,美国,6.9,刀锋战士2
624,美国,6.9,女孩梦三十
625,美国,6.9,天降奇兵
626,台湾,6.9,人鱼朵朵
627,香港,6.9,蜀山：新蜀山剑侠
628,韩国,6.9,悲梦
616,印度 India,7.0,终极武器
617,法国,7.0,高卢英雄大战维京海盗
618,美国,6.9,沉睡魔咒
619,法国,6.9,九条命
620,美国,6.9,地狱男爵
621,美国,6.9,刀锋战士
622,英国,6.9,魔法奇幻秀
623,美国,6.9,刀锋战士2
624,美国,6.9,女孩梦三十
625,美国,6.9,天降奇兵
626,台湾,6.9,人鱼朵朵
627,香港,6.9,蜀山：新蜀山剑侠
628,韩国,6.9,悲梦
629,日本,6.9,伤
630,美国,6.9,公主新娘
631,香港,6.9,无限复活
632,美国,6.9,鬼镇
633,日本,6.9,阿修罗城之瞳
634,香港,6.9,恋爱行星
635,香港,6.9,非洲和尚
636,香港,6.9,人吓人
637,美国,6.9,鬼玩人3：魔界英豪
638,美国,6.9,铁钩船长
639,日本,6.9,奇怪的她
640,西班牙,6.9,伊娃
641,法国,6.9,再一次初恋
642,香港,6.9,画皮
643,德国,6.9,笑脸
644,美国,6.9,吵闹鬼
645,法国,6.9,太空英雌芭芭丽娜
646,香港,6.9,古镜幽魂
647,法国,6.9,黑月亮
648,美国,6.9,芭比之仙子的秘密
649,美国,6.9,消失的地平线
650,西德,6.9,大魔域
651,德国,6.9,地震调音师
652,美国,6.9,阿达一族3
653,意大利,6.9,青涩体验
654,美国,6.9,比尔和泰德畅游鬼门关
655,美国,6.8,灰姑娘
656,美国,6.8,博物馆奇妙夜2
657,法国,6.8,阿黛拉的非凡冒险
658,美国,6.8,纳尼亚传奇2：凯斯宾王子
659,香港,6.8,钟无艳
660,美国,6.8,圆梦巨人
661,美国,6.8,倒霉爱神
662,香港,6.8,风云雄霸天下
663,英国,6.8,道林·格雷
664,中国大陆,6.8,小门神
665,香港,6.8,古今大战秦俑情
666,中国大陆,6.8,秦时明月之龙腾万里
667,美国,6.8,老雷斯的故事
668,美国,6.8,小姐好辣
669,美国,6.8,鼠来宝：明星俱乐部
670,美国,6.8,最终幻想：灵魂深处
671,西班牙,6.8,51号星球
672,日本,6.8,多罗罗
673,日本,6.8,20世纪少年
674,泰国,6.8,能召回前世的布米叔叔
675,韩国,6.8,哼唱
676,香港,6.8,群星会
677,法国,6.8,夺面解码
678,美国,6.8,虫洞效应
679,美国,6.8,精灵鼠小弟3
680,美国,6.8,圣诞精灵
681,美国,6.8,神鬼愿望
682,美国,6.8,小鬼魔鞋
683,美国,6.8,神奇女侠
684,美国,6.8,龙之心
685,日本,6.8,狗神
686,美国,6.8,第十三个勇士
687,美国,6.8,鬼作秀3
688,美国,6.8,活魔人
689,韩国,6.8,爸爸是女儿
690,英国,6.8,时光大盗
691,英国,6.8,标心者
692,英国,6.8,穿越时空的古宅
693,香港,6.8,鬼叫春
694,美国,6.8,高地人：复仇之旅
695,英国,6.8,希望的诞生
696,法国,6.8,鸟瞰人生
697,泰国,6.8,蓝色时分
698,日本,6.8,里见八犬传
699,中国大陆,6.7,美人鱼
700,中国大陆,6.7,捉妖记
701,美国,6.7,雷神
702,美国,6.7,全民超人汉考克
703,美国,6.7,爱丽丝梦游仙境2：镜中奇遇记
704,中国大陆,6.7,健忘村
705,英国,6.7,真爱之吻
706,美国,6.7,地狱男爵2：黄金军团
707,美国,6.7,世界末日
708,美国,6.7,黑夜传说前传：狼族再起
709,新西兰,6.7,尼斯湖怪：深水传说
710,美国,6.7,微光城市
711,日本,6.7,甲贺忍法帖
712,香港,6.7,薰衣草
713,香港,6.7,师兄撞鬼
714,美国,6.7,鼠来宝4：萌在囧途
715,美国,6.7,捉鬼敢死队
716,香港,6.7,潘金莲之前世今生
717,美国,6.7,预言
718,美国,6.7,谎言的诞生
719,美国,6.7,疯狂金车
720,日本,6.7,亚人 真人版
721,美国,6.7,尼姆岛
722,法国,6.7,富兰克林
723,挪威,6.7,西尔玛
724,香港,6.7,花旗少林
725,香港,6.7,魂魄唔齐
726,美国,6.7,终极人鱼岛
727,韩国,6.7,你会在那里吗？
728,美国,6.7,仙履奇缘2：美梦成真
729,西班牙,6.7,异魔禁区
730,美国,6.7,九度空间
731,韩国,6.7,晴空战士
732,台湾,6.7,我的美丽与哀愁
733,美国,6.7,幻想之地
734,美国,6.7,蜻蜓
735,香港,6.7,捉鬼合家欢
736,美国,6.7,死亡地带
737,美国,6.7,恶魔咆哮
738,香港,6.7,鬼掹脚
739,法国,6.7,都会性男女
740,意大利,6.7,木偶奇遇记
741,Canada,6.7,白雪公主
742,法国,6.7,幽灵男孩
743,美国,6.7,蟑螂总动员
744,俄罗斯,6.7,1612动乱时代
745,中国大陆,6.6,大鱼海棠
746,美国,6.6,蝙蝠侠大战超人：正义黎明
747,美国,6.6,正义联盟
748,美国,6.6,金刚：骷髅岛
749,中国大陆,6.6,大魔术师
750,美国,6.6,暮光之城4：破晓(下)
751,美国,6.6,魔法灰姑娘
752,香港,6.6,十兄弟
740,意大利,6.7,木偶奇遇记
741,Canada,6.7,白雪公主
742,法国,6.7,幽灵男孩
743,美国,6.7,蟑螂总动员
744,俄罗斯,6.7,1612动乱时代
745,中国大陆,6.6,大鱼海棠
746,美国,6.6,蝙蝠侠大战超人：正义黎明
747,美国,6.6,正义联盟
748,美国,6.6,金刚：骷髅岛
749,中国大陆,6.6,大魔术师
750,美国,6.6,暮光之城4：破晓(下)
751,美国,6.6,魔法灰姑娘
752,香港,6.6,十兄弟
753,美国,6.6,黑夜传说4：觉醒
754,法国,6.6,卢浮魅影
755,捷克,6.6,格林兄弟
756,美国,6.6,贝奥武夫
757,美国,6.6,勇敢者的游戏2：太空飞行棋
758,日本,6.6,虫师
759,香港,6.6,再生号
760,香港,6.6,神经刀与飞天猫
761,美国,6.6,圣诞怪杰
762,美国,6.6,科学小怪蛋
763,斯洛伐克,6.6,吸血女伯爵
764,香港,6.6,音乐僵尸
765,日本,6.6,岸边之旅
766,法国,6.6,高卢英雄大战凯撒王子
767,法国,6.6,瑞奇
768,香港,6.6,灵幻至尊
769,巴西,6.6,未来之人
770,美国,6.6,太空巴迪
771,加拿大,6.6,星际之门：时空连续
772,美国,6.6,野蛮人柯南
773,日本,6.6,以藏
774,美国,6.6,豹人
775,香港,6.6,妖魔道
776,香港,6.6,卫斯理之霸王卸甲
777,台湾,6.6,红孩儿大话火焰山
778,美国,6.6,星际之门：真理之盒
779,日本,6.6,美好世界终结时
780,中国大陆,6.6,魔鬼发卡
781,香港,6.6,盘丝洞
782,中国大陆,6.5,画皮
783,美国,6.5,暮光之城2：新月
784,美国,6.5,神奇四侠
785,美国,6.5,纳尼亚传奇3：黎明踏浪号
786,美国,6.5,冒牌天神2
787,美国,6.5,美人鱼
788,美国,6.5,刀锋战士3
789,德国,6.5,蝎子王
790,香港,6.5,白发魔女2
791,美国,6.5,睡前故事
792,美国,6.5,鞋匠人生
793,美国,6.5,鼠来宝3
794,法国,6.5,亚瑟3：终极对决
795,美国,6.5,隐形人
796,日本,6.5,但丁的地狱之旅
797,中国大陆,6.5,那些五脊六兽的日子
798,日本,6.5,罗马浴场2
799,台湾,6.5,关公大战外星人
800,美国,6.5,捉鬼敢死队2
801,中国大陆,6.5,花眼
802,香港,6.5,运财智多星
803,美国,6.5,小尼基
804,日本,6.5,天使
805,日本,6.5,妖怪大战争
806,美国,6.5,北极的圣诞老人兄弟
807,美国,6.5,诸神之战
808,美国,6.5,奇石
809,美国,6.5,金刚：传奇重生
810,香港,6.5,缘份有TAKE2
811,香港,6.5,我爱神仙遮
812,美国,6.5,天魔回魂
813,美国,6.4,暮光之城3：月食
814,美国,6.4,灵魂战车
815,美国,6.4,黄金罗盘
816,中国大陆,6.4,蜀山传
817,美国,6.4,时光尽头的恋人
818,中国大陆,6.4,童梦奇缘
819,美国,6.4,神战：权力之眼
820,中国大陆,6.4,李献计历险记
821,法国,6.4,美女与野兽
822,美国,6.4,蓝精灵2
823,美国,6.4,超级英雄
824,日本,6.4,罗马浴场
825,香港,6.4,鬼域
826,香港,6.4,画皮之阴阳法王
827,德国,6.4,我们是夜晚
828,日本,6.4,少女杀手阿墨
829,美国,6.4,彼得的龙
830,美国,6.4,黄铜茶壶
831,美国,6.4,楼上的外星人
832,意大利,6.4,少年透明人
833,香港,6.4,画中仙
834,美国,6.4,鬼讯号2：灵异透视
835,美国,6.4,长毛狗
836,日本,6.4,恶梦侦探
837,美国,6.4,图书馆员：所罗门王的宝藏
838,美国,6.4,重返初遇之夜
839,香港,6.4,人吓鬼
840,日本,6.4,太阳王子霍尔斯的大冒险
841,美国,6.4,妖魔大闹唐人街
842,香港,6.4,杀人者唐斩
843,香港,6.4,孔雀王子
844,台湾,6.4,青田街一号
845,美国,6.4,正义联盟：新的边际
846,香港,6.4,鬼赌鬼
847,日本,6.4,凭神
848,香港,6.4,精灵变
849,香港,6.4,表哥到
850,香港,6.4,追女仔95之绮梦
851,台湾,6.4,穿墙人
852,美国,6.4,晚安好梦
853,中国大陆,6.3,神话
854,美国,6.3,暮光之城4：破晓(上)
855,中国大陆,6.3,十万个冷笑话
856,美国,6.3,异星战场
857,美国,6.3,黑暗阴影
858,美国,6.3,魔境仙踪
859,美国,6.3,吸血鬼猎人林肯
860,德国,6.3,墨水心
861,香港,6.3,忍者神龟
862,英国,6.3,胡桃夹子：魔境冒险
863,美国,6.3,蓝精灵：寻找神秘村
864,香港,6.3,贱精先生
865,美国,6.3,牙仙
866,香港,6.3,九一神雕侠侣
867,美国,6.3,超狗任务
868,美国,6.3,魔鬼末日
869,美国,6.3,最后约翰死了
870,俄罗斯,6.3,白虎
871,台湾,6.3,一年之初
872,美国,6.3,莫斯科2017
873,美国,6.3,超异能快感
874,香港,6.3,黄金岛历险记
875,台湾,6.3,新七龙珠
876,德国,6.3,呆呆精灵
865,美国,6.3,牙仙
866,香港,6.3,九一神雕侠侣
867,美国,6.3,超狗任务
868,美国,6.3,魔鬼末日
869,美国,6.3,最后约翰死了
870,俄罗斯,6.3,白虎
871,台湾,6.3,一年之初
872,美国,6.3,莫斯科2017
873,美国,6.3,超异能快感
874,香港,6.3,黄金岛历险记
875,台湾,6.3,新七龙珠
876,德国,6.3,呆呆精灵
877,加拿大,6.3,澎堤池
878,葡萄牙,6.3,鸟类学家
879,香港,6.3,谁是鬼?
880,香港,6.3,踢到宝
881,美国,6.3,地海传说
882,美国,6.3,乌鸦 2：天使之城
883,香港,6.3,武林圣火令
884,香港,6.3,猛鬼入侵黑社会
885,美国,6.3,毁灭者科南
886,香港,6.3,六指琴魔
887,美国,6.3,地心游记
888,美国,6.2,自杀小队
889,加拿大,6.2,逆世界
890,美国,6.2,神奇四侠2
891,香港,6.2,春田花花同学会
892,美国,6.2,光灵
893,香港,6.2,见鬼2
894,匈牙利,6.2,月亮坪的秘密
895,美国,6.2,十六个愿望
896,日本,6.2,人鬼情未了
897,法国,6.2,神奇手机
898,美国,6.2,图书馆员：圣杯的诅咒
899,香港,6.2,阿修罗
900,香港,6.2,凶猫
901,德国,6.2,鬼磨坊
902,美国,6.2,黑骑士
903,日本,6.2,蜜之哀伤
904,台湾,6.2,千人斩
905,英国,6.2,无情
906,香港,6.2,神偷燕子李三
907,美国,6.2,黑魔王
908,美国,6.2,吸血鬼之吻
909,日本,6.2,哥斯拉之终极战役
910,美国,6.2,魔女游戏
911,韩国,6.2,某一天
912,美国,6.2,奇异博士
913,美国,6.1,魔法师的学徒
914,美国,6.1,美少女特攻队
915,美国,6.1,巨人捕手杰克
916,美国,6.1,德古拉元年
917,香港,6.1,正牌韦小宝之奉旨沟女
918,日本,6.1,地海传说
919,美国,6.1,鸡皮疙瘩
920,美国,6.1,小飞侠：幻梦启航
921,美国,6.1,奇趣马戏团：吸血鬼的助手
922,澳大利亚,6.1,吸血鬼女王
923,美国,6.1,末日哲学家
924,日本,6.1,稀人
925,法国,6.1,死色
926,香港,6.1,天地玄门
927,香港,6.1,魔画情
928,美国,6.1,图书馆员：寻找命运之矛的探险
929,韩国,6.1,九尾狐家族
930,日本,6.1,咯咯咯的鬼太郎
931,美国,6.1,互换青春
932,美国,6.1,鬼屋
933,俄罗斯,6.1,猎狼犬
934,波兰,6.1,魅惑
935,法国,6.1,毁灭天使
936,日本,6.1,咯咯咯的鬼太郎：千年咒歌
937,美国,6.1,鬼追人4
938,中国大陆,6.1,绿林大冒险
939,爱尔兰,6.1,隐蔽处
940,美国,6.1,忍者神龟3
941,香港,6.1,金燕子
942,美国,6.0,诸神之战
943,美国,6.0,冥界警局
944,德国,6.0,韩赛尔与格蕾特：女巫猎人
945,美国,6.0,前女友们的幽灵
946,英国,6.0,火龙帝国
947,香港,6.0,幽灵人间
948,英国,6.0,拜占庭
949,香港,6.0,为你钟情
950,美国,6.0,怪兽卡车
951,法国,6.0,时空穿越者
952,USA,6.0,少年魔法师电影版
953,挪威,6.0,追击巨怪
954,香港,6.0,妖怪都市
955,法国,6.0,破坏欲
956,美国,6.0,佩姬苏要出嫁
957,香港,6.0,聊斋艳谭
958,中国大陆,6.0,男狐聊斋
959,芬兰,6.0,稀有出口：圣诞传说
960,美国,6.0,邪恶新世界
961,中国大陆,6.0,神秘世界历险记3
962,美国,6.0,人形净琉璃
963,加拿大,6.0,贝奥武夫与怪兽格兰戴尔
964,美国,6.0,史酷比2
965,美国,6.0,终极复仇者2：黑豹的崛起
966,印度,6.0,阿拉丁
967,中国大陆,5.9,画皮2
968,美国,5.9,白雪公主之魔镜魔镜
969,中国大陆,5.9,太极2：英雄崛起
970,英国,5.9,波西·杰克逊与神火之盗
971,美国,5.9,诸神之怒
972,美国,5.9,史前一万年
973,美国,5.9,家有仙妻
974,英国,5.9,拯救大明星
975,美国,5.9,王子殿下
976,美国,5.9,我去世的吃醋女友
977,香港,5.9,九二神雕之痴心情长剑
978,香港,5.9,完美情人
979,美国,5.9,死神有约：死后的生活
980,荷兰,5.9,杀人电梯
981,美国,5.9,后裔
982,中国大陆,5.9,伏妖白鱼镇
983,美国,5.9,白色杀机2
984,香港,5.9,捉鬼有限公司
985,中国大陆,5.9,释魔杖
986,香港,5.8,嫁个有钱人
987,美国,5.8,最后的巫师猎人
988,中国大陆,5.8,深海寻人
989,香港,5.8,飞龙再生
990,香港,5.8,虫不知
991,美国,5.8,变相怪杰2：面具之子
992,香港,5.8,飞侠小白龙
993,韩国,5.8,火山高校
994,芬兰,5.8,黑暗楼层
995,韩国,5.8,浪漫刺客
996,香港,5.8,聊斋三集之灯草和尚
997,法国,5.8,最后的兵团
998,美国,5.8,克朗普斯
999,中国大陆,5.8,星空日记
1000,美国,5.8,迷河
989,香港,5.8,飞龙再生
990,香港,5.8,虫不知
991,美国,5.8,变相怪杰2：面具之子
992,香港,5.8,飞侠小白龙
993,韩国,5.8,火山高校
994,芬兰,5.8,黑暗楼层
995,韩国,5.8,浪漫刺客
996,香港,5.8,聊斋三集之灯草和尚
997,法国,5.8,最后的兵团
998,美国,5.8,克朗普斯
999,中国大陆,5.8,星空日记
1000,美国,5.8,迷河
1001,美国,5.8,许愿
1002,法国,5.8,进化岛
1003,美国,5.8,陋室
1004,美国,5.8,大力神在纽约
1005,德国,5.8,G调的玛瑙红
1006,美国,5.8,美国颂歌
1007,香港,5.8,有鬼住在隔壁
1008,中国大陆,5.7,二代妖精之今生有幸
1009,中国大陆,5.7,太极1：从零开始
1010,美国,5.7,小红帽
1011,中国大陆,5.7,决战紫禁之巅
1012,美国,5.7,狂暴飞车
1013,美国,5.7,惊天战神
1014,美国,5.7,魔法黑森林
1015,美国,5.7,超胆侠
1016,美国,5.7,黑夜传说5：血战
1017,美国,5.7,猫女
1018,美国,5.7,野兽男孩
1019,中国大陆,5.7,洛克王国2：圣龙的心愿
1020,France / Czech Republic / UK,5.7,所罗门王凯恩
1021,韩国,5.7,中天
1022,美国,5.7,冬日奇缘
1023,印度,5.7,月光集市到中国
1024,日本,5.7,魔女宅急便 真人版
1025,中国大陆,5.7,年兽大作战
1026,日本,5.7,JOJO的奇妙冒险：不灭钻石 第一章
1027,日本,5.7,狸御殿
1028,英国,5.7,超人4：和平任务
1029,香港,5.7,天地雄心
1030,美国,5.7,戴帽子的猫
1031,法国,5.7,野兽
1032,美国,5.7,暴风雨
1033,中国大陆,5.6,西游记之孙悟空三打白骨精
1034,中国大陆,5.6,28岁未成年
1035,美国,5.6,龙骑士
1036,美国,5.6,波西·杰克逊与魔兽之海
1037,美国,5.6,四十七浪人
1038,中国大陆,5.6,美好的意外
1039,韩国,5.6,猛男诞生记
1040,美国,5.6,魔鬼山历险记
1041,日本,5.6,东京食尸鬼 真人版
1042,美国,5.6,蝎子王2：勇士的崛起
1043,美国,5.6,水中女妖
1044,美国,5.6,美丽生灵
1045,韩国,5.6,飞天舞
1046,日本,5.6,富江
1047,中国大陆,5.6,脱皮爸爸
1048,美国,5.6,裸婚大喜
1049,英国,5.6,深湖巨兽
1050,韩国,5.6,僵尸刑警
1051,俄罗斯,5.6,冰雪女王
1052,韩国,5.6,爱丽丝：从仙境来的少年
1053,澳大利亚,5.6,涤罪天使
1054,中国大陆,5.6,老九门番外之四屠黄葵
1055,中国大陆,5.6,玩偶奇兵
1056,中国大陆,5.5,西游伏妖篇
1057,中国大陆,5.5,万万没想到
1058,美国,5.5,女巫季节
1059,中国大陆,5.5,神笔马良
1060,意大利,5.5,伏地魔：传人的起源
1061,香港,5.5,心想事成
1062,美国,5.5,我杀死了巨人
1063,韩国,5.5,念力
1064,中国大陆,5.5,完美有多美
1065,美国,5.5,血腥巧克力
1066,美国,5.5,神鬼传奇之法老王的咒语
1067,美国,5.5,诅咒
1068,日本,5.5,案山子
1069,中国大陆,5.5,摩尔庄园冰世纪
1070,中国大陆,5.5,钟馗传奇之岁寒三友
1071,英国,5.5,奥德赛：海神的诅咒
1072,德国,5.5,龙与地下城2:龙王的愤怒
1073,俄罗斯,5.5,大师之书
1074,意大利,5.5,布达佩斯小酒馆
1075,中国大陆,5.4,道士下山
1076,美国,5.4,木乃伊3
1077,美国,5.4,白雪公主与猎人
1078,美国,5.4,詹妮弗的肉体
1079,美国,5.4,灵魂战车2：复仇时刻
1080,美国,5.4,猎神：冬日之战
1081,美国,5.4,圣杯神器：骸骨之城
1082,美国,5.4,闪灵侠
1083,加拿大,5.4,艾丽卡
1084,美国,5.4,复仇之角
1085,香港,5.4,天庭外传
1086,美国,5.4,血战墓碑镇
1087,美国,5.4,格斗之王
1088,美国,5.4,隐形姐妹
1089,日本,5.4,最终兵器彼女
1090,中国大陆,5.4,魔游纪1：盘古之心
1091,日本,5.4,沙尼达尔之花
1092,中国大陆,5.4,神兵小将
1093,中国大陆,5.4,兔子镇的火狐狸
1094,美国,5.3,功夫之王
1095,中国大陆,5.3,情癫大圣
1096,中国大陆,5.3,倩女幽魂
1097,中国大陆,5.3,千机变Ⅱ花都大战
1098,中国大陆,5.3,“吃吃”的爱
1099,美国,5.3,王者之剑
1100,中国大陆,5.3,一万年以后
1101,新西兰,5.3,黄沙武士
1102,中国大陆,5.3,齐天大圣·万妖之城
1103,德国,5.3,铁门
1104,英国,5.3,先发制人
1105,香港,5.3,灵狐
1106,加拿大,5.3,水世界
1107,中国大陆,5.3,萤火奇兵
1108,中国大陆,5.2,越光宝盒
1109,中国大陆,5.2,反转人生
1110,美国,5.2,屠魔战士
1111,日本,5.2,最近，妹妹的样子有点怪
1112,美国,5.2,龙与地下城
1113,日本,5.2,幕末高校生
1114,丹麦,5.2,代课老师不是人
1115,中国大陆,5.1,长城
1116,中国大陆,5.1,悟空传
1117,中国大陆,5.1,解忧杂货店
1118,美国,5.1,基督再临
1119,中国大陆,5.1,秘密花园
1120,日本,5.1,人形少女
1121,新西兰,5.1,完美生物
1122,中国大陆,5.1,老九门番外之虎骨梅花
1123,香港,5.1,聊斋艳谭续集五通神
1124,日本,5.1,棺材的传说
1125,法国,5.1,天文馆
1113,日本,5.2,幕末高校生
1114,丹麦,5.2,代课老师不是人
1115,中国大陆,5.1,长城
1116,中国大陆,5.1,悟空传
1117,中国大陆,5.1,解忧杂货店
1118,美国,5.1,基督再临
1119,中国大陆,5.1,秘密花园
1120,日本,5.1,人形少女
1121,新西兰,5.1,完美生物
1122,中国大陆,5.1,老九门番外之虎骨梅花
1123,香港,5.1,聊斋艳谭续集五通神
1124,日本,5.1,棺材的传说
1125,法国,5.1,天文馆
1126,美国,5.1,地球最末日
1127,中国大陆,5.0,捉妖记2
1128,中国大陆,5.0,无极
1129,英国,5.0,第七子：降魔之战
1130,美国,5.0,黑暗塔
1131,中国大陆,5.0,洛克王国3：圣龙的守护
1132,德国,5.0,南方传奇
1133,美国,5.0,无敌钢铁侠
1134,中国大陆,4.9,肩上蝶
1135,美国,4.9,最后的风之子
1136,中国大陆,4.9,老九门番外之二月花开
1137,美国,4.9,吸血鬼学院
1138,中国大陆,4.9,镇魂法师
1139,美国,4.9,黑暗崛起
1140,香港,4.9,聊斋艳谭之幽媾
1141,美国,4.9,地心游记
1142,美国,4.8,新木乃伊
1143,中国大陆,4.8,四大名捕2
1144,香港,4.8,风云2
1145,中国大陆,4.8,一起飞
1146,中国大陆,4.8,喜羊羊与灰太狼之羊年喜羊羊
1147,美国,4.8,人形恶吊
1148,美国,4.8,拉拉队员都死了
1149,土耳其,4.8,巴斯金
1150,中国大陆,4.7,盗墓笔记
1151,中国大陆,4.7,白蛇传说
1152,中国大陆,4.7,野蛮秘笈
1153,中国大陆,4.7,巨额交易
1154,中国大陆,4.7,赛尔号大电影6：圣者无敌
1155,中国大陆,4.7,巴啦啦小魔仙之魔箭公主
1156,中国大陆,4.7,大梦西游4伏妖记
1157,意大利,4.7,第三个妈妈
1158,中国大陆,4.7,洛克王国4：出发！巨人谷
1159,墨西哥,4.7,末世肉体
1160,俄罗斯,4.7,黑暗世界
1161,德国,4.6,地牢围攻
1162,美国,4.6,吸血莱恩
1163,中国大陆,4.6,梦回金沙城
1164,英国,4.6,冒险家：宝盒的诅咒
1165,中国大陆,4.5,画壁
1166,中国大陆,4.5,西游记女儿国
1167,中国大陆,4.5,奇门遁甲
1168,加拿大,4.5,街头霸王: 春丽传奇
1169,香港,4.5,喵星人
1170,中国大陆,4.5,猪猪侠之英雄猪少年
1171,加拿大,4.5,剥皮行者
1172,香港,4.4,神探驾到
1173,中国大陆,4.4,二次初恋
1174,中国大陆,4.4,魔幻仙踪
1175,中国大陆,4.4,大梦西游2铁扇公主
1176,美国,4.4,乌龙骑士团
1177,中国大陆,4.4,龙骑侠
1178,中国大陆,4.3,祖宗十九代
1179,中国大陆,4.3,鲛珠传
1180,中国大陆,4.3,喜羊羊与灰太狼之飞马奇遇记
1181,芬兰,4.3,玉战士
1182,罗马尼亚,4.3,冰与火
1183,中国大陆,4.3,老九门番外之恒河杀树
1184,美国,4.3,睡美人的诅咒
1185,中国大陆,4.2,钟馗伏魔：雪妖魔灵
1186,中国大陆,4.2,开心魔法
1187,加拿大,4.2,吸血莱恩2：解脱
1188,中国大陆,4.1,西游记之大闹天宫
1189,中国大陆,4.1,新步步惊心
1190,美国,4.1,蝎子王4：争权夺利
1191,英国,4.1,牛头人
1192,韩国,4.0,龙之战
1193,印度,4.0,欲蛇
1194,美国,4.0,堕落天使
1195,中国大陆,4.0,赛尔号大电影2之雷伊与迈尔斯
1196,中国大陆,3.9,三生三世十里桃花
1197,中国大陆,3.9,爵迹
1198,中国大陆,3.9,东成西就2011
1199,泰国,3.9,蝎子王3：救赎之战
1200,中国大陆,3.9,芳香之城传奇
1201,美国,3.8,驯龙战
1202,中国大陆,3.7,白发魔女传之明月天国
1203,美国,3.7,七龙珠
1204,中国大陆,3.7,战神纪
1205,澳大利亚,3.7,寻龙夺宝
1206,中国大陆,3.7,玩世英雄
1207,美国,3.7,吸血莱恩3：第三帝国
1208,中国大陆,3.7,神兽金刚之青龙再现
1209,中国大陆,3.6,大话西游3
1210,中国大陆,3.6,冰封：重生之门
1211,中国大陆,3.6,勇士之门
1212,中国大陆,3.6,西行平妖
1213,中国大陆,3.6,铠甲勇士捕王
1214,俄罗斯,3.6,黑暗终结者
1215,中国大陆,3.5,巴啦啦小魔仙
1216,加拿大,3.5,孤胆义侠
1217,中国大陆,3.4,白雪公主之矮人力量
1218,中国大陆,3.4,时光恋人
1219,中国大陆,3.4,超能太监
1220,英国,3.3,梦幻飞琴
1221,中国大陆,3.2,非狐外传
1222,中国大陆,3.2,白狐
1223,中国大陆,3.2,石器时代之百万大侦探
1224,中国大陆,3.2,赛尔号大电影之寻找凤凰神兽
1225,中国大陆,3.2,火焰山历险记
1226,中国大陆,3.2,新年来啦之大闹除夕
1227,中国大陆,3.1,济公之英雄归位
1228,德国,3.1,地牢围攻2
1229,中国大陆,3.0,大话天仙
1230,中国大陆,3.0,降魔传
1231,美国,3.0,史前一亿年
1232,中国大陆,3.0,蝴蝶公墓
1233,香港,2.9,封神传奇
1234,中国大陆,2.7,美人鱼之海盗来袭
1235,中国大陆,2.6,斗战胜佛
1236,中国大陆,2.6,轩辕剑传奇
1237,中国大陆,2.5,让熊猫飞
1238,中国大陆,2.5,太空熊猫总动员
1239,中国大陆,2.5,食人岛
1240,中国大陆,2.4,紫霞
1241,中国,2.3,齐天大圣前传
1242,中国大陆,2.2,女娲日记
