1,英国,9.6,憨豆先生精选辑
2,意大利,9.5,美丽人生
3,美国,9.4,福尔摩斯二世
4,英国,9.4,西蒙·阿姆斯特尔：顺其自然
5,英国,9.3,极品基老伴：完结篇
6,匈牙利,9.3,Kiss Vakond
7,印度,9.2,三傻大闹宝莱坞
8,美国,9.2,疯狂动物城
9,香港,9.2,大话西游之大圣娶亲
10,法国,9.2,触不可及
11,美国,9.2,摩登时代
12,美国,9.2,城市之光
13,美国,9.2,你逃我也逃
14,英国,9.2,极品基老伴：2013圣诞特辑
15,美国,9.2,欢乐树的朋友们：赶尽杀绝
16,美国,9.2,欢乐树的朋友们：第二发球
17,美国,9.2,欢乐树的朋友们：第三击
18,中国大陆,9.2,狐妖小红娘剧场版：王权富贵
19,美国,9.1,寻梦环游记
20,英国,9.1,两杆大烟枪
21,法国,9.1,地下
22,美国,9.1,寻子遇仙记
23,美国,9.1,马戏团
24,美国,9.1,欢乐树的朋友们
25,美国,9.1,欢乐树的朋友们：滑雪巡逻救生队
26,日本,9.1,日本之形
27,美国,9.0,雨中曲
28,美国,9.0,淘金记
29,美国,9.0,将军号
30,美国,9.0,欢乐树的朋友们：第一滴血
31,意大利,9.0,流浪者之歌
32,英国,9.0,小不列颠：现场版
33,美国,8.9,怦然心动
34,美国,8.9,飞屋环游记
35,香港,8.9,大话西游之月光宝盒
36,美国,8.9,罗马假日
37,法国,8.9,虎口脱险
38,美国,8.9,大独裁者
39,日本,8.9,心理游戏
40,美国,8.9,西力传
41,美国,8.9,玉女风流
42,日本,8.9,我出生了，但……
43,日本,8.9,木更津猫眼 世界系列
44,英国,8.9,阿德曼动画精选：超级无敌掌门狗
45,美国,8.8,低俗小说
46,美国,8.8,布达佩斯大饭店
47,韩国,8.8,阳光姐妹淘
48,美国,8.8,玩具总动员3
49,阿根廷,8.8,荒蛮故事
50,台湾,8.8,喜宴
51,日本,8.8,东京教父
52,美国,8.8,坠入
53,博茨瓦纳,8.8,上帝也疯狂2
54,韩国,8.8,我能说
55,美国,8.8,热情如火
56,法国,8.8,与玛格丽特的午后
57,苏联,8.8,办公室的故事
58,英国,8.8,黄色潜水艇
59,台湾,8.8,魔法阿妈
60,塞尔维亚和黑山,8.8,生命是个奇迹
61,美国,8.8,安全至下
62,美国,8.8,七次机会
63,捷克,8.8,秋天里的春光
64,美国,8.8,从军记
65,英国,8.8,阿曼动画之超级无敌掌门狗系列1
66,英国,8.8,小羊肖恩：美好时光
67,中国大陆,8.8,三毛学生意
68,日本,8.8,儿子
69,中国大陆,8.7,让子弹飞
70,法国,8.7,天使爱美丽
71,美国,8.7,疯狂原始人
72,美国,8.7,驯龙高手
73,香港,8.7,射雕英雄传之东成西就
74,美国,8.7,头脑特工队
75,美国,8.7,幸福终点站
76,日本,8.7,菊次郎的夏天
77,韩国,8.7,7号房的礼物
78,香港,8.7,纵横四海
79,德国,8.7,再见列宁
80,法国,8.7,疯狂约会美丽都
81,日本,8.7,河童之夏
82,美国,8.7,奇爱博士
83,日本,8.7,我的邻居山田君
84,美国,8.7,骗中骗
85,美国,8.7,一夜风流
86,美国,8.7,桃色公寓
87,意大利,8.7,邮差
88,意大利,8.7,甜蜜的生活
89,罗马尼亚,8.7,无声婚礼
90,意大利,8.7,阿玛柯德
91,美国,8.7,摇滚芭比
92,美国,8.7,黄阿丽：小眼镜蛇
93,瑞典,8.7,毕加索的奇异旅程
94,美国,8.7,街角的商店
95,美国,8.7,凡尔杜先生
96,英国,8.7,生命的舞动
97,美国,8.7,舞台春秋
98,美国,8.7,纸月亮
99,意大利,8.7,警察与小偷
100,USA,8.7,两头笨狗
101,美国,8.7,千面佳人
102,美国,8.7,三个臭皮匠
103,美国,8.7,看狗在说话
104,美国,8.6,超能陆战队
105,美国,8.6,怪兽电力公司
106,美国,8.6,无敌破坏王
107,意大利,8.6,完美陌生人
108,英国,8.6,海盗电台
109,印度,8.6,小萝莉的猴神大叔
110,法国,8.6,巴黎淘气帮
111,博茨瓦纳,8.6,上帝也疯狂
112,法国,8.6,蝴蝶
113,台湾,8.6,大佛普拉斯
114,美国,8.6,芝加哥
115,泰国,8.6,小情人
116,美国,8.6,热天午后
117,美国,8.6,内布拉斯加
118,美国,8.6,面子
119,俄罗斯,8.6,西伯利亚的理发师
120,美国,8.6,亚当斯一家的价值观
121,美国,8.6,开罗紫玫瑰
122,法国,8.6,音乐会
123,日本,8.6,笑之大学
124,印度,8.6,芭萨提的颜色
125,美国,8.6,霹雳五号
126,德国,8.6,敲开天堂的门
127,意大利,8.6,意大利人在俄罗斯的奇遇
128,日本,8.6,广播时间
129,美国,8.6,天堂陌影
130,法国,8.6,玩乐时间
131,美国,8.6,爵士春秋
132,日本,8.6,早安
133,日本,8.6,落叶
134,美国,8.6,飞出个未来大电影1：班德大行动
135,法国,8.6,自由的幻影
136,法国,8.6,母亲的城堡
137,日本,8.6,木更津猫眼 日本篇
138,捷克斯洛伐克,8.6,快乐的结局
139,美国,8.6,猫和老鼠：魔法戒指
140,苏联,8.6,命运的捉弄
141,南斯拉夫,8.6,谁在那儿歌唱？
142,美国,8.5,神偷奶爸
143,香港,8.5,喜剧之王
144,英国,8.5,真爱至上
145,美国,8.5,再次出发之纽约遇见你
146,美国,8.5,遗愿清单
147,韩国,8.5,开心家族
148,香港,8.5,麦兜故事
149,英国,8.5,偷拐抢骗
150,日本,8.5,哪啊哪啊神去村
151,美国,8.5,回到未来
152,美国,8.5,土拨鼠之日
153,奥地利,8.5,茜茜公主
154,美国,8.5,机器管家
155,美国,8.5,安妮·霍尔
156,日本,8.5,交响情人梦 最终乐章 前篇
157,美国,8.5,南方公园
158,美国,8.5,出水芙蓉
159,美国,8.5,水牛城66
160,台湾,8.5,麻将
161,美国,8.5,朝圣之路
162,美国,8.5,邦尼和琼
163,美国,8.5,海绵宝宝历险记
164,美国,8.5,二手狮王
165,日本,8.5,转转
166,中国,8.5,马路天使
167,瑞典,8.5,狗脸的岁月
168,美国,8.5,钢铁巨人
169,日本,8.5,少爷
170,南斯拉夫,8.5,黑猫白猫
171,苏联,8.5,莫斯科不相信眼泪
172,美国,8.5,午夜狂奔
173,香港,8.5,流星语
174,美国,8.5,解构爱情狂
175,美国,8.5,心灵点滴
176,美国,8.5,油炸绿番茄
177,台湾,8.5,热带鱼
178,法国,8.5,五至七时的克莱奥
179,日本,8.5,盗信情缘
180,德国,8.5,谁来为我摘月亮
181,英国,8.5,一夜狂欢
182,捷克,8.5,极乐同盟
183,美国,8.5,你逃我也逃
184,美国,8.5,战地军魂
185,英国,8.5,君臣人子小命呜呼
186,意大利,8.5,浪荡儿
187,台湾,8.5,稻草人
188,Bhutan,8.5,高山上的世界杯
189,西德,8.5,史楚锡流浪记
190,香港,8.5,三笑
191,美国,8.5,待客之道
192,韩国,8.5,初恋
193,意大利,8.5,工作
194,英国,8.4,王牌特工：特工学院
195,香港,8.4,唐伯虎点秋香
196,中国大陆,8.4,驴得水
197,美国,8.4,冰川时代
198,印度,8.4,我的个神啊
199,美国,8.4,了不起的狐狸爸爸
200,日本,8.4,盗钥匙的方法
201,中国大陆,8.4,麦兜·当当伴我心
202,法国,8.4,艺术家
203,美国,8.4,犬之岛
204,美国,8.4,辛普森一家
205,英国,8.4,小羊肖恩
206,日本,8.4,百变狸猫
207,法国,8.4,蓝白红三部曲之白
208,中国大陆,8.4,三毛从军记
209,印度,8.4,偶滴神啊
210,阿根廷,8.4,杰出公民
211,日本,8.4,五个扑水的少年
212,美国,8.4,亚当斯一家
213,美国,8.4,弗兰西丝·哈
214,德国,8.4,契克
215,日本,8.4,家族之苦2
216,日本,8.4,樱桃小丸子 真人版1
217,美国,8.4,小公主
218,芬兰,8.4,列宁格勒牛仔征美记
219,比利时,8.4,第八日
220,日本,8.4,蒲公英
221,意大利,8.4,我的舅舅
222,法国,8.4,游戏规则
223,法国,8.4,日以作夜
224,美国,8.4,宝贝小情人
225,捷克,8.4,给我一个爸
226,英国,8.4,飞行器里的好小伙，或我是怎样花25小时11分从伦敦飞到巴黎
227,英国,8.4,仁心与冠冕
228,意大利,8.4,意大利式离婚
229,波兰,8.4,影迷
230,墨西哥,8.4,泯灭天使
231,美国,8.4,福禄双霸天
232,美国,8.4,满城风雨
233,美国,8.4,小叛逆
234,意大利,8.4,七宗罪
235,芬兰,8.4,去往蒙巴萨的单程票
236,法国,8.4,吝啬鬼
237,美国,8.4,一路上有你
238,UK,8.4,我的家人和其他动物
239,法国,8.4,欢愉
240,美国,8.4,忍者小英雄
241,加拿大,8.4,圣·拉尔夫
242,美国,8.4,猫和老鼠：火星之旅
243,泰国,8.3,初恋这件小事
244,中国大陆,8.3,疯狂的石头
245,美国,8.3,冰雪奇缘
246,美国,8.3,里约大冒险
247,中国大陆,8.3,钢的琴
248,美国,8.3,白日梦想家
249,中国大陆,8.3,甲方乙方
250,韩国,8.3,奇怪的她
251,法国,8.3,巴黎，我爱你
252,美国,8.3,天生一对
253,美国,8.3,热血警探
254,美国,8.3,美女与野兽
255,香港,8.3,金枝玉叶
256,美国,8.3,回到未来2
257,中国大陆,8.3,顽主
258,日本,8.3,海鸥食堂
259,香港,8.3,麦兜我和我妈妈
260,美国,8.3,回到未来3
261,中国,8.3,洗澡
262,法国,8.3,贝利叶一家
263,香港,8.3,一个字头的诞生
264,韩国,8.3,率性而活
265,法国,8.3,普罗旺斯的夏天
266,日本,8.3,摇摆少女
267,法国,8.3,心房客
268,日本,8.3,魔幻时刻
269,美国,8.3,曼哈顿
270,英国,8.3,骄傲
271,法国,8.3,地球之夜
272,印度,8.3,印式英语
273,法国,8.3,黑道快餐店
274,捷克,8.3,我曾侍候过英国国王
275,爱尔兰,8.3,冥王星早餐
276,澳大利亚,8.3,红犬历险记
277,美国,8.3,子弹横飞百老汇
278,印度,8.3,巴菲的奇妙命运
279,法国,8.3,资产阶级的审慎魅力
280,英国,8.3,愈爱愈美丽
281,美国,8.3,金玉盟
282,新加坡,8.3,小孩不笨2
283,日本,8.3,遇人不熟
284,中国大陆,8.3,黑炮事件
285,英国,8.3,人生七部曲
286,法国,8.3,春天的故事
287,法国,8.3,美食家
288,日本,8.3,世界奇妙物语 电影特别篇
289,澳大利亚,8.3,沙漠妖姬
290,中国大陆,8.3,太太万岁
291,美国,8.3,骗徒臭事多
292,美国,8.3,爱与死
293,美国,8.3,哈洛与慕德
294,美国,8.3,小上校
295,香港,8.3,虎度门
296,沙特阿拉伯,8.3,瓦嘉达
297,法国,8.3,朦胧的欲望
298,墨西哥,8.3,行走距离
299,日本,8.3,秘密花园
300,芬兰,8.3,浮云世事
301,俄罗斯,8.3,水仙女
302,加拿大,8.3,成为朱莉娅
303,英国,8.3,秘密与谎言
304,美国,8.3,与男孩同车
305,韩国,8.3,假期
306,法国,8.3,轻松自由
307,法国,8.3,伦巴
308,美国,8.3,飞出个未来大电影2：万背之兽
309,意大利,8.3,罗马风情画
310,法国,8.3,双姝奇缘
311,捷克,8.3,布拉格狂想曲
312,中国大陆,8.3,找乐
313,美国,8.3,亮眼睛
314,俄罗斯,8.3,春天的杜鹃
315,美国,8.3,无名英雄
316,荷兰,8.3,安东尼娅家族
317,日本,8.3,葬礼
318,法国,8.3,善意的谎言
319,奥地利,8.3,味浓情更浓
320,波兰,8.3,追火车日记
321,捷克斯洛伐克,8.3,失翼灵雀
322,美国,8.3,跳跳虎历险记
323,德国,8.3,烟
324,西德,8.3,巴格达咖啡馆
325,中国大陆,8.2,西游记之大圣归来
326,美国,8.2,海底总动员
327,香港,8.2,九品芝麻官
328,美国,8.2,美食总动员
329,美国,8.2,阳光小美女
330,美国,8.2,冰川时代3
331,美国,8.2,玩具总动员
332,美国,8.2,欢乐好声音
333,美国,8.2,马达加斯加3
334,英国,8.2,帕丁顿熊2
335,香港,8.2,买凶拍人
336,香港,8.2,家有喜事
337,美国,8.2,当哈利遇到莎莉
338,意大利,8.2,年轻气盛
339,日本,8.2,南极料理人
340,法国,8.2,杀戮
341,美国,8.2,成为约翰·马尔科维奇
342,日本,8.2,濑户内海
343,英国,8.2,微不足道
344,墨西哥,8.2,小男孩
345,法国,8.2,大坏狐狸的故事
346,英国,8.2,超级无敌掌门狗：人兔的诅咒
347,美国,8.2,艾德·伍德
348,美国,8.2,为黛西小姐开车
349,香港,8.2,猛龙过江
350,日本,8.2,爱的曝光
351,日本,8.2,阿基里斯与龟
352,法国,8.2,小小的白色谎言
353,意大利,8.2,爱在记忆消逝前
354,香港,8.2,半斤八两
355,美国,8.2,早餐俱乐部
356,日本,8.2,投靠女与出走男
357,美国,8.2,小曼哈顿
358,美国,8.2,小姐与流浪汉
359,日本,8.2,谈谈情跳跳舞
360,美国,8.2,穿越美国
361,法国,8.2,狂人皮埃罗
362,美国,8.2,怪宴
363,日本,8.2,我们与驻在先生的700日战争
364,法国,8.2,情定日落桥
365,日本,8.2,奏鸣曲
366,美国,8.2,不法之徒
367,瑞典,8.2,简单西蒙
368,德国,8.2,伯尔尼的奇迹
369,日本,8.2,老人Z
370,日本,8.2,宛如阿修罗
371,日本,8.2,神秘列车
372,日本,8.2,茶之味
373,中国大陆,8.2,一年到头
374,美国,8.2,喜剧之王
375,台湾,8.2,逗阵儿
376,美国,8.2,幸福是一条温暖的毛毯
377,丹麦,8.2,二楼传来的歌声
378,美国,8.2,欢乐满人间
379,韩国,8.2,举起金刚
380,法国,8.2,双腿生风
381,捷克斯洛伐克,8.2,严密监视的列车
382,捷克斯洛伐克,8.2,雏菊
383,美国,8.2,心碎往事
384,法国,8.2,小孤星
385,意大利,8.2,猎艳狂魔
386,美国,8.2,无线电时代
387,南斯拉夫,8.2,战略大作战
388,美国,8.2,飞狗巴迪
389,中国大陆,8.2,小铃铛
390,日本,8.2,机器人嘉年华
391,美国,8.2,赤胆屠龙
392,美国,8.2,与安德烈晚餐
393,美国,8.2,天堂里的烦恼
394,英国,8.2,极度狂热
395,芬兰,8.2,波希米亚生活
396,丹麦,8.2,亚当的苹果
397,美国,8.2,猫儿历险记
398,捷克,8.2,甜蜜的永远
399,日本,8.2,三天兩夜
400,法国,8.2,只爱陌生人
401,挪威,8.2,他傻瓜谁聪明
402,美国,8.2,大人别出声
403,克罗地亚,8.2,克罗地亚宪法
404,阿根廷,8.2,木偶奇遇记
405,中国大陆,8.2,锦上添花
406,台湾,8.1,那些年，我们一起追的女孩
407,法国,8.1,两小无猜
408,韩国,8.1,我的野蛮女友
409,美国,8.1,小鬼当家
410,香港,8.1,国产凌凌漆
411,中国大陆,8.1,独自等待
412,日本,8.1,花与爱丽丝
413,美国,8.1,蒂凡尼的早餐
414,美国,8.1,魔发奇缘
415,美国,8.1,真实的谎言
416,中国大陆,8.1,有话好好说
417,美国,8.1,火柴人
418,英国,8.1,杀手没有假期
419,香港,8.1,堕落天使
420,美国,8.1,银河系漫游指南
421,法国,8.1,芳芳
422,英国,8.1,葬礼上的死亡
423,美国,8.1,我和厄尔以及将死的女孩
424,香港,8.1,金鸡
425,英国,8.1,流浪猫鲍勃
426,韩国,8.1,欢迎来到东莫村
427,日本,8.1,如月疑云
428,美国,8.1,托斯卡纳艳阳下
429,日本,8.1,家族之苦
430,美国,8.1,小鬼当街
431,西班牙,8.1,回归
432,香港,8.1,香港制造
433,中国大陆,8.1,光棍儿
434,日本,8.1,生存家族
435,法国,8.1,尽情游戏
395,芬兰,8.2,波希米亚生活
396,丹麦,8.2,亚当的苹果
397,美国,8.2,猫儿历险记
398,捷克,8.2,甜蜜的永远
399,日本,8.2,三天兩夜
400,法国,8.2,只爱陌生人
401,挪威,8.2,他傻瓜谁聪明
402,美国,8.2,大人别出声
403,克罗地亚,8.2,克罗地亚宪法
404,阿根廷,8.2,木偶奇遇记
405,中国大陆,8.2,锦上添花
406,台湾,8.1,那些年，我们一起追的女孩
407,法国,8.1,两小无猜
408,韩国,8.1,我的野蛮女友
409,美国,8.1,小鬼当家
410,香港,8.1,国产凌凌漆
411,中国大陆,8.1,独自等待
412,日本,8.1,花与爱丽丝
413,美国,8.1,蒂凡尼的早餐
414,美国,8.1,魔发奇缘
415,美国,8.1,真实的谎言
416,中国大陆,8.1,有话好好说
417,美国,8.1,火柴人
418,英国,8.1,杀手没有假期
419,香港,8.1,堕落天使
420,美国,8.1,银河系漫游指南
421,法国,8.1,芳芳
422,英国,8.1,葬礼上的死亡
423,美国,8.1,我和厄尔以及将死的女孩
424,香港,8.1,金鸡
425,英国,8.1,流浪猫鲍勃
426,韩国,8.1,欢迎来到东莫村
427,日本,8.1,如月疑云
428,美国,8.1,托斯卡纳艳阳下
429,日本,8.1,家族之苦
430,美国,8.1,小鬼当街
431,西班牙,8.1,回归
432,香港,8.1,香港制造
433,中国大陆,8.1,光棍儿
434,日本,8.1,生存家族
435,法国,8.1,尽情游戏
436,法国,8.1,欢迎来北方
437,美国,8.1,天才一族
438,日本,8.1,帝一之国
439,美国,8.1,鬼马小精灵
440,英国,8.1,历史系男生
441,美国,8.1,疯狂店员
442,美国,8.1,尽善尽美
443,美国,8.1,天生爱情狂
444,瑞典,8.1,养子十五岁
445,香港,8.1,小倩
446,美国,8.1,青春年少
447,英国,8.1,与女人们的对话
448,中国大陆,8.1,三毛流浪记
449,美国,8.1,死侍2
450,法国,8.1,斯大林之死
451,日本,8.1,幸福的黄手帕
452,美国,8.1,偷龙转凤
453,意大利,8.1,爱你如诗美丽
454,意大利,8.1,我去哪儿？
455,英国,8.1,四重唱
456,美国,8.1,星际旅行4：抢救未来
457,香港,8.1,摩登保镖
458,美国,8.1,汉娜姐妹
459,英国,8.1,痴男怨女
460,美国,8.1,木头美人
461,美国,8.1,我嫁了个怪蜀黍！
462,中国大陆,8.1,孝子贤孙伺候着
463,美国,8.1,神鬼奇谋
464,德国,8.1,在七月
465,美国,8.1,心灵驿站
466,美国,8.1,摇尾狗
467,美国,8.1,富贵逼人来
468,希腊,8.1,香料共和国
469,美国,8.1,马达加斯加企鹅：行动
470,英国,8.1,丽人行
471,美国,8.1,下班后
472,英国,8.1,达格纳姆制造
473,台湾,8.1,运转手之恋
474,法国,8.1,于洛先生的假期
475,捷克,8.1,布拉格练习曲
476,法国,8.1,女友的男友
477,香港,8.1,八两金
478,美国,8.1,旅程
479,香港,8.1,抢钱夫妻
480,法国,8.1,小楼的奇幻生活
481,美国,8.1,为所应为
482,美国,8.1,欢乐谷
483,英国,8.1,献给爱妻的歌
484,法国,8.1,沙滩上的宝莲
485,美国,8.1,星际宝贝史迪奇
486,美国,8.1,爱情我你他
487,日本,8.1,跳跃大搜查线：湾岸署史上最恶的3日间
488,美国,8.1,事先张扬的身后事件
489,美国,8.1,霹雳五号续集
490,美国,8.1,蓝调之歌
491,中国大陆,8.1,喊山
492,美国,8.1,变种外星人
493,美国,8.1,飞出个未来大电影4：绿色狂想
494,美国,8.1,天堂可以等待
495,印度,8.1,黑帮大佬和平梦
496,美国,8.1,马达加斯加的企鹅：僵尸企鹅就是我
497,南斯拉夫,8.1,你还记得多莉·贝尔吗？
498,法国,8.1,古巴万岁
499,芬兰,8.1,天堂孤影
500,日本,8.1,三心两性
501,法国,8.1,飞行员的妻子
502,意大利,8.1,芳心他属
503,芬兰,8.1,升空号
504,美国,8.1,礼帽
505,法国,8.1,我的美国舅舅
506,法国,8.1,天外来客
507,香港,8.0,志明与春娇
508,美国,8.0,和莎莫的500天
509,中国大陆,8.0,功夫
510,美国,8.0,功夫熊猫2
511,美国,8.0,神偷奶爸2
512,美国,8.0,怪兽大学
513,美国,8.0,黑衣人
514,美国,8.0,冰川时代4
515,美国,8.0,冰川时代2：融冰之灾
516,法国,8.0,你丫闭嘴！
517,美国,8.0,玩具总动员2
518,美国,8.0,秘密特工
519,香港,8.0,赌神
520,美国,8.0,修女也疯狂
521,美国,8.0,爱再来一次
522,印度,8.0,起跑线
523,日本,8.0,狗狗与我的十个约定
524,法国,8.0,初吻
525,香港,8.0,金玉满堂
526,香港,8.0,青春梦工场
527,香港,8.0,麦兜，菠萝油王子
528,美国,8.0,阿拉丁
529,美国,8.0,乐高蝙蝠侠大电影
530,美国,8.0,我，花样女王
531,法国,8.0,岳父岳母真难当
532,美国,8.0,居家男人
533,法国,8.0,黑店狂想曲
534,英国,8.0,飞鹰艾迪
535,英国,8.0,涉外大饭店
536,新西兰,8.0,追捕野蛮人
537,日本,8.0,座头市
538,美国,8.0,101忠狗
539,日本,8.0,扶桑花女孩
540,美国,8.0,感谢你抽烟
541,美国,8.0,蕾蒙娜和姐姐
542,美国,8.0,飞天小女警 剧场版
543,英国,8.0,洛基恐怖秀
544,美国,8.0,性爱宝典
545,伊朗,8.0,出租车
546,美国,8.0,长大
547,法国,8.0,佐罗
548,日本,8.0,有顶天酒店
549,日本,8.0,夏日时光机
550,法国,8.0,西班牙公寓
551,澳大利亚,8.0,小猪宝贝
552,美国,8.0,亚利桑那之梦
553,英国,8.0,万世魔星
554,日本,8.0,眼镜
555,香港,8.0,飞一般爱情小说
556,美国,8.0,窈窕淑男
557,日本,8.0,自虐之诗
558,英国,8.0,贵妇失踪记
559,比利时,8.0,人咬狗
560,韩国,8.0,孝子洞理发师
561,泰国,8.0,大狗民
562,美国,8.0,早安越南
563,美国,8.0,母女情深
564,美国,8.0,我的唯一
565,日本,8.0,鱼的故事
566,美国,8.0,最后的假期
567,香港,8.0,BEYOND日记之莫欺少年穷
568,马来西亚,8.0,一路有你
569,美国,8.0,傻瓜入狱记
570,英国,8.0,圣公会主学堂
571,法国,8.0,大饭店
572,美国,8.0,罪与错
573,美国,8.0,飞出个未来大电影3：班德的游戏
574,美国,8.0,丘奇先生
575,美国,8.0,曼哈顿谋杀疑案
576,美国,8.0,星尘往事
577,美国,8.0,真相大白
578,美国,8.0,我的朋友叫哈维
579,法国,8.0,周末
580,美国,8.0,爱我就让我快乐
581,印度,8.0,自杀现场直播
582,法国,8.0,男孩与鹈鹕
583,意大利,8.0,地中海
584,台湾,8.0,爱情来了
585,日本,8.0,12个温柔的日本人
586,法国,8.0,情场世界波
587,意大利,8.0,意大利式结婚
588,日本,8.0,猪与军舰
589,罗马尼亚,8.0,布加勒斯特东12点8分
590,以色列,8.0,道别派对
591,捷克斯洛伐克,8.0,消防员舞会
592,法国,8.0,人性
593,美国,8.0,星际宝贝：终极任务
594,法国,8.0,肝脏大夫
595,英国,8.0,第十二夜
596,美国,7.9,功夫熊猫
597,美国,7.9,查理和巧克力工厂
598,美国,7.9,初恋50次
599,英国,7.9,诺丁山
600,中国大陆,7.9,疯狂的赛车
601,美国,7.9,朱诺
602,美国,7.9,西雅图未眠夜
603,美国,7.9,鸟人
604,香港,7.9,鹿鼎记
605,美国,7.9,驯龙高手2
606,美国,7.9,超人总动员
607,韩国,7.9,非常主播
608,美国,7.9,怪物史瑞克
609,美国,7.9,毕业生
610,日本,7.9,猫的报恩
611,美国,7.9,漂亮女人
612,英国,7.9,憨豆的黄金周
613,日本,7.9,白兔糖
614,法国,7.9,我爱你莫里斯
615,日本,7.9,下妻物语
616,美国,7.9,夏洛特的网
617,美国,7.9,马利和我
618,美国,7.9,乐高大电影
619,比利时,7.9,超新约全书
620,美国,7.9,杯酒人生
621,中国大陆,7.9,每当变幻时
622,英国,7.9,逃狱三王
623,英国,7.9,憨豆先生的大灾难
624,日本,7.9,花与爱丽丝杀人事件
625,香港,7.9,僵尸先生
626,新西兰,7.9,吸血鬼生活
627,美国,7.9,星际宝贝
628,美国,7.9,怎样都行
629,台湾,7.9,情非得已之生存之道
630,英国,7.9,百万英镑
631,香港,7.9,新难兄难弟
632,中国大陆,7.9,我是你爸爸
633,美国,7.9,春天不是读书天
634,英国,7.9,巨蟒与圣杯
635,法国,7.9,梅子鸡之味
636,美国,7.9,幽灵世界
637,香港,7.9,花月佳期
638,美国,7.9,水中生活
639,美国,7.9,谜中谜
640,英国,7.9,苏默斯小镇
641,英国,7.9,我们假期做了什么
642,美国,7.9,蠢蛋搞怪秀2
643,西班牙,7.9,情迷高跟鞋
644,新加坡,7.9,小孩不笨
645,美国,7.9,变身国王
646,美国,7.9,蠢蛋搞怪秀3D
647,美国,7.9,陆军野战医院
648,法国,7.9,地下铁
649,美国,7.9,咖啡与香烟
650,瑞典,7.9,噪反城市
651,法国,7.9,一件幸福的事
652,美国,7.9,小叮当与失去的宝藏
653,捷克,7.9,贪吃树
654,日本,7.9,暗金丑岛君2
655,美国,7.9,警察学校
656,美国,7.9,十一罗汉
657,法国,7.9,起名风波
658,美国,7.9,关于施密特
659,法国,7.9,女人就是女人
660,法国,7.9,女收藏家
661,印度,7.9,大篷车
662,美国,7.9,女友礼拜五
663,美国,7.9,小叮当：拯救精灵大作战
664,澳大利亚,7.9,小猪宝贝2：小猪进城
665,美国,7.9,笑破铁幕
666,美国,7.9,我的表兄维尼
667,日本,7.9,蒲田进行曲
668,日本,7.9,五个相扑的少年
669,美国,7.9,玛蒂尔达
670,德国,7.9,赤足情缘
671,美国,7.9,呆头鹅
672,美国,7.9,妮诺契卡
673,瑞典,7.9,夏夜的微笑
674,香港,7.9,猫头鹰
675,法国,7.9,爱情狂奔
676,法国,7.9,王中王
677,塞尔维亚,7.9,给我承诺
678,法国,7.9,柳媚花娇
679,英国,7.9,24小时狂欢派对
680,法国,7.9,疯狂的贵族
681,美国,7.9,金花鼠
682,意大利,7.9,午夜之后狂恋
683,日本,7.9,斩
684,台湾,7.8,我的少女时代
685,中国大陆,7.8,大护法
686,香港,7.8,食神
687,美国,7.8,变相怪杰
688,美国,7.8,精灵旅社
689,中国大陆,7.8,不见不散
690,中国,7.8,斗牛
691,美国,7.8,超级大坏蛋
692,美国,7.8,兰戈
693,英国,7.8,超市夜未眠
694,香港,7.8,旋风小子
695,美国,7.8,我家买了动物园
696,美国,7.8,小鬼当家2
697,香港,7.8,回魂夜
698,美国,7.8,电子情书
699,美国,7.8,瑞士军刀男
700,中国大陆,7.8,看上去很美
701,美国,7.8,虫虫危机
702,韩国,7.8,悲伤电影
703,泰国,7.8,下一站，说爱你
704,法国,7.8,的士速递
705,美国,7.8,摇滚校园
706,英国,7.8,爱情三选一
707,英国,7.8,有关时间旅行的热门问题
708,美国,7.8,霍顿与无名氏
709,中国大陆,7.8,飞越老人院
710,美国,7.8,上帝保佑美国
711,美国,7.8,捕蝇纸
712,法国,7.8,的士速递2
713,英国,7.8,弗兰克
714,中国大陆,7.8,我不是王毛
715,法国,7.8,八美图
716,日本,7.8,愚人节
717,美国,7.8,神奇队长
718,英国,7.8,污垢
719,香港,7.8,金枝玉叶2
720,美国,7.8,奇幻人生
721,日本,7.8,月代头布丁
722,英国,7.8,光猪六壮士
723,美国,7.8,初学者
724,澳大利亚,7.8,狮子王3
725,泰国,7.8,季节变幻
726,中国大陆,7.8,任逍遥
727,德国,7.8,最爽的一天
728,台湾,7.8,征婚启事
729,德国,7.8,红酒烩鸡
730,法国,7.8,科学睡眠
731,日本,7.8,早死早投胎之地狱摇滚篇
732,香港,7.8,偷偷爱你
733,英国,7.8,高斯福庄园
734,瑞典,7.8,寒枝雀静
735,美国,7.8,二十世纪女人
736,英国,7.8,月亮上的男人
737,美国,7.8,破碎之花
738,泰国,7.8,电击女孩
739,美国,7.8,判我有罪
740,韩国,7.8,长寿商会
741,美国,7.8,蠢蛋搞怪秀
742,芬兰,7.8,希望的另一面
743,英国,7.8,27个遗失的吻
744,中国大陆,7.8,大撒把
745,法国,7.8,大鼻子情圣
746,黎巴嫩,7.8,焦糖
747,泰国,7.8,教师日记
748,法国,7.8,阿薇尔与虚构世界
749,美国,7.8,小叮当
750,泰国,7.8,我家乐翻天
751,法国,7.8,晚餐游戏
752,日本,7.8,啄木鸟和雨
753,法国,7.8,美味毒妇
754,日本,7.8,阪急电车 单程15分的奇迹
755,美国,7.8,大力士
756,英国,7.8,第二滴血
757,美国,7.8,惊爆银河系
758,瑞典,7.8,百岁老人跷家去
759,爱尔兰,7.8,少年犯
760,美国,7.8,小叮当：羽翼之谜
761,美国,7.8,终极细胞战
762,西班牙,7.8,崩溃边缘的女人
763,日本,7.8,速成沼泽
764,法国,7.8,传教士
765,美国,7.8,真爱同心
766,法国,7.8,黑郁金香
767,日本,7.8,圈套剧场版2
768,荷兰,7.8,虔诚的鳏夫
769,美国,7.8,甜蜜与卑微
770,印度,7.8,天生一对
771,加拿大,7.8,野蛮入侵
772,法国,7.8,六楼的女人
773,美国,7.8,绅士爱美人
774,美国,7.8,芭比之真假公主
775,美国,7.8,灰色花园
776,法国,7.8,声梦奇遇
777,法国,7.8,偷吻
778,美国,7.8,银色·性·男女
779,英国,7.8,我与长指甲
780,英国,7.8,小乌龟是如何长大的
781,美国,7.8,现代爱情故事
782,法国,7.8,婚姻生活
783,法国,7.8,我最好的朋友
784,印度,7.8,卡普尔家的儿子们
785,法国,7.8,难兄难弟
786,美国,7.8,卡夫卡
787,日本,7.8,东京合唱
788,英国,7.8,终极天将
789,日本,7.8,家族游戏
790,英国,7.8,意大利任务
791,台湾,7.8,好小子
792,法国,7.8,吾等何处去
793,美国,7.8,我行我素
794,日本,7.8,真夜中的喜多郎和弥次郎
795,日本,7.8,东京新爱人
796,法国,7.8,警察与女兵
797,美国,7.8,华清春暖
798,法国,7.8,人约巴黎
799,挪威,7.8,超完美地狱
800,韩国,7.8,哭泣的女人
801,美国,7.8,死亡计中计
802,美国,7.8,冰上奇缘
803,美国,7.8,我爱红娘
804,意大利,7.8,圣特鲁佩斯的警察
805,中国大陆,7.8,大路
806,美国,7.8,落水姻缘
807,美国,7.8,无敌当家
808,美国,7.8,神气活现
809,美国,7.8,圣诞故事
810,美国,7.8,恋爱编织梦
811,美国,7.8,傻瓜与天使
812,美国,7.8,逃亡
813,美国,7.7,他其实没那么喜欢你
814,美国,7.7,一条狗的使命
815,香港,7.7,大内密探零零发
816,美国,7.7,华尔街之狼
817,美国,7.7,乌云背后的幸福线
818,美国,7.7,马达加斯加
819,中国大陆,7.7,大腕
820,韩国,7.7,隐秘而伟大
821,美国,7.7,歌舞青春
822,美国,7.7,实习生
823,美国,7.7,人生遥控器
824,香港,7.7,鹿鼎记2：神龙教
825,美国,7.7,赛车总动员
826,中国大陆,7.7,一个勺子
827,美国,7.7,欲望都市
828,香港,7.7,倩女幽魂2：人间道
829,香港,7.7,方世玉
830,美国,7.7,闰年
831,泰国,7.7,你好，陌生人
832,香港,7.7,A计划
833,香港,7.7,新扎师妹
834,香港,7.7,警察故事
835,美国,7.7,抗癌的我
836,德国,7.7,希特勒回来了
837,美国,7.7,相见恨早
838,美国,7.7,早间主播
839,美国,7.7,蒂莫西的奇异生活
840,美国,7.7,我恨你的十件事
841,美国,7.7,谋杀绿脚趾
842,美国,7.7,穿越大吉岭
843,美国,7.7,双宝斗恶魔
844,英国,7.7,保持缄默
845,新西兰,7.7,群尸玩过界
846,美国,7.7,一条叫旺达的鱼
847,日本,7.7,了不起的亡灵
848,日本,7.7,食梦者
849,美国,7.7,制造伍德斯托克音乐节
809,美国,7.8,圣诞故事
810,美国,7.8,恋爱编织梦
811,美国,7.8,傻瓜与天使
812,美国,7.8,逃亡
813,美国,7.7,他其实没那么喜欢你
814,美国,7.7,一条狗的使命
815,香港,7.7,大内密探零零发
816,美国,7.7,华尔街之狼
817,美国,7.7,乌云背后的幸福线
818,美国,7.7,马达加斯加
819,中国大陆,7.7,大腕
820,韩国,7.7,隐秘而伟大
821,美国,7.7,歌舞青春
822,美国,7.7,实习生
823,美国,7.7,人生遥控器
824,香港,7.7,鹿鼎记2：神龙教
825,美国,7.7,赛车总动员
826,中国大陆,7.7,一个勺子
827,美国,7.7,欲望都市
828,香港,7.7,倩女幽魂2：人间道
829,香港,7.7,方世玉
830,美国,7.7,闰年
831,泰国,7.7,你好，陌生人
832,香港,7.7,A计划
833,香港,7.7,新扎师妹
834,香港,7.7,警察故事
835,美国,7.7,抗癌的我
836,德国,7.7,希特勒回来了
837,美国,7.7,相见恨早
838,美国,7.7,早间主播
839,美国,7.7,蒂莫西的奇异生活
840,美国,7.7,我恨你的十件事
841,美国,7.7,谋杀绿脚趾
842,美国,7.7,穿越大吉岭
843,美国,7.7,双宝斗恶魔
844,英国,7.7,保持缄默
845,新西兰,7.7,群尸玩过界
846,美国,7.7,一条叫旺达的鱼
847,日本,7.7,了不起的亡灵
848,日本,7.7,食梦者
849,美国,7.7,制造伍德斯托克音乐节
850,美国,7.7,说来有点可笑
851,中国大陆,7.7,耳朵大有福
852,英国,7.7,潜水艇
853,法国,7.7,天使A
854,美国,7.7,生命之书
855,香港,7.7,大富之家
856,美国,7.7,兄弟出头天
857,香港,7.7,流氓医生
858,美国,7.7,捕鼠记
859,美国,7.7,龙凤配
860,韩国,7.7,奶奶强盗团
861,美国,7.7,二见钟情
862,美国,7.7,美好的一年
863,墨西哥,7.7,非常父女档
864,香港,7.7,奇迹
865,美国,7.7,爱情限时恋未尽
866,法国,7.7,东京！
867,美国,7.7,蓝色吉祥物
868,美国,7.7,白头神探
869,美国,7.7,窈窕奶爸
870,香港,7.7,亚飞与亚基
871,美国,7.7,与外婆同行
872,美国,7.7,美国战队：世界警察
873,日本,7.7,三分之一
874,英国,7.7,四头狮子
875,美国,7.7,鱿鱼和鲸
876,香港,7.7,精装难兄难弟
877,日本,7.7,莫西干回到故乡
878,加拿大,7.7,亡命夺宝
879,美国,7.7,阴间大法师
880,香港,7.7,奇门遁甲
881,日本,7.7,父亲与伊藤先生
882,瑞典,7.7,同窗的爱
883,意大利,7.7,前任
884,中国大陆,7.7,巧奔妙逃
885,阿根廷,7.7,在人海中遇见你
886,西班牙,7.7,美好的一天
887,台湾,7.7,狗蛋大兵
888,美国,7.7,城市岛屿
889,美国,7.7,反斗神鹰2
890,香港,7.7,表姐，你好嘢！
891,美国,7.7,大人物乔
892,美国,7.7,星际宝贝2：史迪奇有问题
893,意大利,7.7,非诚勿语
894,美国,7.7,这就是我
895,中国大陆,7.7,站直啰，别趴下
896,美国,7.7,私恋失调
897,中国大陆,7.7,全能囧爸
898,香港,7.7,圣诞快乐
899,德国,7.7,特工插班生
900,美国,7.7,萨维奇一家
901,美国,7.7,永不止步：戴维·寇克斯的故事
902,香港,7.7,卖身契
903,美国,7.7,香蕉
904,西班牙,7.7,红松鼠杀人事件
905,香港,7.7,山水有相逢
906,英国,7.7,艾玛
907,美国,7.7,家有杰克
908,美国,7.7,情迷V女郎
909,美国,7.7,我为勾勾狂
910,日本,7.7,暗金丑岛君：完结篇
911,美国,7.7,好奇的乔治
912,日本,7.7,完全没问题
913,美国,7.7,永远的北极熊
914,西班牙,7.7,特鲁曼
915,香港,7.7,年年有今日
916,意大利,7.7,我行我素
917,新西兰,7.7,鹰与鲨鱼
918,美国,7.7,大玩家
919,日本,7.7,去见小洋葱的母亲
920,日本,7.7,守灵夜
921,日本,7.7,跳跃大搜查线2：封锁彩虹桥
922,美国,7.7,美国风情画
923,英国,7.7,贼博士
924,美国,7.7,我们梦中见
925,法国,7.7,警察智斗外星人
926,美国,7.7,七宝奇谋
927,法国,7.7,我是你的眼
928,加拿大,7.7,拉扎老师
929,日本,7.7,染血将军的凯旋
930,印度,7.7,再生缘
931,美国,7.7,魔鞋
932,德国,7.7,柏林召唤
933,美国,7.7,浮生若梦
934,美国,7.7,我们的故事
935,日本,7.7,母亲河
936,法国,7.7,长翅膀的猪
937,法国,7.7,不害臊的姑娘
938,香港,7.7,记得香蕉成熟时2：初恋情人
939,美国,7.7,霹雳舞
940,塞尔维亚,7.7,火车司机日记
941,美国,7.7,淑女伊芙
942,意大利,7.7,朱丽叶与魔鬼
943,捷克,7.7,柔浪
944,美国,7.7,灵魂歌手
945,香港,7.7,全家福
946,英国,7.7,派对搭讪秘诀
947,丹麦,7.7,一片好心
948,印度,7.7,他和她的故事
949,美国,7.7,都市浪人
950,美国,7.7,潜艇总动员
951,加拿大,7.7,伟大诱惑
952,意大利,7.7,女人城
953,美国,7.7,单身公寓
954,日本,7.7,无敌青春
955,美国,7.7,牧场之家好做伴
956,法国,7.7,警察结婚记
957,美国,7.7,乐鼓热线
958,美国,7.6,史密斯夫妇
959,美国,7.6,死侍
960,美国,7.6,功夫熊猫3
961,美国,7.6,宿醉
962,香港,7.6,逃学威龙
963,美国,7.6,独裁者
964,台湾,7.6,第36个故事
965,英国,7.6,帕丁顿熊
966,中国大陆,7.6,追凶者也
967,英国,7.6,僵尸肖恩
968,美国,7.6,加菲猫
969,美国,7.6,恋爱假期
970,美国,7.6,精灵鼠小弟
971,美国,7.6,穿靴子的猫
972,美国,7.6,里约大冒险2
973,美国,7.6,牛仔裤的夏天
974,美国,7.6,马达加斯加2：逃往非洲
975,美国,7.6,好好先生
976,美国,7.6,给朱丽叶的信
977,英国,7.6,七个神经病
978,马来西亚,7.6,初恋红豆冰
979,美国,7.6,保罗
980,美国,7.6,赛车总动员2
981,美国,7.6,洋葱电影
982,美国,7.6,小鬼当家3
983,香港,7.6,方世玉续集
984,香港,7.6,赌神2
985,美国,7.6,天气预报员
986,美国,7.6,落魄大厨
987,美国,7.6,三个老枪手
988,香港,7.6,笑林小子2：新乌龙院
989,香港,7.6,江湖告急
990,美国,7.6,成长边缘
991,美国,7.6,灾难艺术家
992,捷克,7.6,有希望的男人
993,日本,7.6,恋爱写真
994,美国,7.6,阳光清洗
995,美国,7.6,最长的一码
996,西班牙,7.6,捆着我，绑着我
997,香港,7.6,奇谋妙计五福星
998,法国,7.6,怪兽在巴黎
999,香港,7.6,刀马旦
1000,美国,7.6,谁陷害了兔子罗杰
1001,日本,7.6,龙三和他的七人党
1002,美国,7.6,完美盗贼
1003,美国,7.6,拜见罗宾逊一家
1004,日本,7.6,机器人大爷
1005,韩国,7.6,加油站袭击事件
1006,美国,7.6,圣人文森特
1007,英国,7.6,影子大亨
1008,法国,7.6,女儿国的杰基
1009,英国,7.6,已经开始想你
1010,法国,7.6,理发师的情人
1011,美国,7.6,非强力春药
1012,美国,7.6,迷途知返
1013,美国,7.6,为子搬迁
1014,爱尔兰,7.6,国民警卫队
1015,日本,7.6,果酱
1016,香港,7.6,鸡同鸭讲
1017,美国,7.6,白头神探2½：恐怖的气味
1018,美国,7.6,加州之王
1019,美国,7.6,大人物拿破仑
1020,英国,7.6,住货车的女士
1021,美国,7.6,天雷勾动地火
1022,美国,7.6,丹尼·科林斯
1023,澳大利亚,7.6,绿卡
1024,美国,7.6,消防犬
1025,美国,7.6,小熊维尼
1026,日本,7.6,金田一少年事件簿之上海人鱼传说
1027,日本,7.6,琳达！琳达！琳达！
1028,香港,7.6,基佬四十
1029,法国,7.6,中国益智游戏
1030,日本,7.6,洋芋片
1031,中国大陆,7.6,埋伏
1032,德国,7.6,该死的歌德
1033,日本,7.6,乒乓
1034,日本,7.6,小野寺姐弟
1035,美国,7.6,黄昏之恋
1036,美国,7.6,你好布拉德
1037,香港,7.6,记得香蕉成熟时
1038,德国,7.6,玉蝎子的魔咒
1039,法国,7.6,和其他人一样
1040,美国,7.6,校园风云
1041,泰国,7.6,恋爱诊疗中
1042,英国,7.6,孤独先生
1043,英国,7.6,甜心大话王
1044,美国,7.6,火箭科学
1045,韩国,7.6,夏夏夏
1046,美国,7.6,芳心何处
1047,法国,7.6,芳名卡门
1048,日本,7.6,两个穿运动服的人
1049,美国,7.6,摇滚万万岁
1050,英国,7.6,末路爱神
1051,法国,7.6,魔诫坟场
1052,美国,7.6,同志音乐剧
1053,美国,7.6,神犬小巴迪
1054,泰国,7.6,宇宙只有我和你
1055,英国,7.6,他们最好的
1056,印度,7.6,那些年我们疯狂的青春
1057,德国,7.6,爱即所求
1058,美国,7.6,情到深处
1059,美国,7.6,再无可失
1060,香港,7.6,上海之夜
1061,美国,7.6,10件或更少
1062,中国大陆,7.6,绿草地
1063,美国,7.6,猫和老鼠：胡桃夹子的传奇
1064,美国,7.6,苏利文的旅行
1065,芬兰,7.6,我聘请了职业杀手
1066,美国,7.6,都是戴茜惹的祸
1067,美国,7.6,最后的话
1068,美国,7.6,瘪四与大头蛋
1069,美国,7.6,毒药与老妇
1070,匈牙利,7.6,爱情最终剪：女士们先生们
1071,法国,7.6,黄金时代
1072,英国,7.6,福尔摩斯秘史
1073,西班牙,7.6,斗牛士
1074,加拿大,7.6,少年托洛茨基
1075,美国,7.6,黑白游龙
1076,美国,7.6,走过冬季
1077,加拿大,7.6,唐皇游地府
1078,美国,7.6,摇滚巨星
1079,美国,7.6,莫扎特和鲸鱼
1080,美国,7.6,达尔文奖
1081,原西德,7.6,罗拉
1082,香港,7.6,B420
1083,美国,7.6,女人的烦恼
1084,法国,7.6,他们结婚了还有很多孩子
1085,美国,7.6,丹尼玫瑰
1086,西德,7.6,有机体的秘密
1087,法国,7.6,如果我们生活在一起
1088,美国,7.6,醋海风波
1089,美国,7.6,鹰狼传奇
1090,法国,7.6,节日
1091,英国,7.6,生活是甜蜜的
1092,中国大陆,7.5,唐人街探案
1093,中国大陆,7.5,人在囧途
1094,台湾,7.5,海角七号
1095,美国,7.5,黑衣人3
1096,美国,7.5,公主日记
1097,美国,7.5,海扁王
1098,英国,7.5,BJ单身日记
1099,美国,7.5,爱宠大机密
1100,美国,7.5,冒牌天神
1101,美国,7.5,黑衣人2
1102,美国,7.5,女间谍
1103,泰国,7.5,想爱就爱
1104,美国,7.5,全民情敌
1105,中国大陆,7.5,一个都不能少
1106,英国,7.5,小鸡快跑
1107,爱尔兰,7.5,龙虾
1108,美国,7.5,怪物史瑞克2
1109,美国,7.5,K歌情人
1110,美国,7.5,赤焰战场
1111,美国,7.5,精灵旅社2
1112,香港,7.5,太极张三丰
1113,英国,7.5,憨豆特工
1114,中国大陆,7.5,落叶归根
1115,中国大陆,7.5,没完没了
1116,美国,7.5,爱在罗马
1117,香港,7.5,破事儿
1118,英国,7.5,妈妈咪呀
1119,香港,7.5,人间喜剧
1120,美国,7.5,缘分天注定
1121,美国,7.5,大话王
1122,美国,7.5,怪物史瑞克4
1123,美国,7.5,录取通知
1124,美国,7.5,后裔
1125,美国,7.5,充气娃娃之恋
1126,香港,7.5,花田喜事
1127,泰国,7.5,荷尔蒙
1128,香港,7.5,飞鹰计划
1129,美国,7.5,恋恋书中人
1130,香港,7.5,大丈夫
1131,香港,7.5,醉拳2
1132,美国,7.5,孩子们都很好
1133,英国,7.5,吐司
1134,美国,7.5,雷蒙·斯尼奇的不幸历险
1135,中国大陆,7.5,此间的少年
1136,香港,7.5,色情男女
1137,美国,7.5,逗鸟外传：萌宝满天飞
1138,中国大陆,7.5,没事偷着乐
1139,英国,7.5,狂野目标
1140,英国,7.5,爷们儿些
1141,香港,7.5,呆佬拜寿
1142,美国,7.5,名扬四海
1143,美国,7.5,机器人历险记
1144,德国,7.5,四角关系
1145,美国,7.5,亲爱的，我把孩子缩小了
1146,美国,7.5,改编剧本
1147,中国,7.5,二子开店
1148,香港,7.5,最佳拍档
1149,香港,7.5,六楼后座
1150,德国,7.5,托尼·厄德曼
1151,美国,7.5,大病
1152,美国,7.5,草叶
1153,美国,7.5,小红帽
1154,香港,7.5,富贵逼人
1155,美国,7.5,爱是妥协
1156,英国,7.5,水性杨花
1157,波兰,7.5,盗走达芬奇
1158,美国,7.5,狗狗旅馆
1159,法国,7.5,初吻2
1160,日本,7.5,地狱为何恶劣
1161,英国,7.5,双面情人
1162,美国,7.5,笨贼妙探
1163,美国,7.5,机器人与弗兰克
1164,美国,7.5,闪亮的日子
1165,英国,7.5,亚瑟·圣诞
1166,日本,7.5,奇迹，那天如此重要
1167,美国,7.5,橘色
1168,法国,7.5,巴黎
1169,日本,7.5,乌龟意外之速游
1170,美国,7.5,谈谈情，跳跳舞
1171,美国,7.5,观鸟大年
1172,法国,7.5,心动的感觉
1173,中国大陆,7.5,股疯
1174,美国,7.5,情归新泽西
1175,美国,7.5,月色撩人
1176,韩国,7.5,优雅的世界
1177,加拿大,7.5,保卫者
1178,美国,7.5,贝拉的魔法
1179,英国,7.5,天使的一份
1180,英国,7.5,灵通人士
1181,美国,7.5,天使在人间
1182,德国,7.5,夏日风暴
1183,中国大陆,7.5,父与子
1184,中国大陆,7.5,美丽新世界
1185,美国,7.5,费城故事
1186,美国,7.5,双赢
1187,美国,7.5,古怪因子
1188,日本,7.5,放课后
1189,美国,7.5,飞越长生
1190,中国大陆,7.5,天津闲人
1191,德国,7.5,共产小子西游记
1192,英国,7.5,爱的初体验
1193,台湾,7.5,不散
1194,美国,7.5,傻瓜大闹科学城
1195,法国,7.5,俄罗斯玩偶
1196,台湾,7.5,爱情灵药
1197,美国,7.5,重返荣耀
1198,香港,7.5,地狱无门
1199,香港,7.5,人间色相
1200,美国,7.5,颠倒乾坤
1201,美国,7.5,热力四射
1202,法国,7.5,憨憨公主的心思
1203,中国大陆,7.5,火线追凶之惊魂宴
1204,美国,7.5,好运之人
1205,英国,7.5,卡蜜儿
1206,英国,7.5,寻找埃里克
1207,香港,7.5,败家仔
1208,香港,7.5,风月奇谭
1209,意大利,7.5,人艰不拆
1210,中国大陆,7.5,今天我休息
1211,西班牙,7.5,基佬大厨
1212,美国,7.5,送子成婚
1213,美国,7.5,落难见真情
1214,美国,7.5,外星人报到
1215,英国,7.5,无事生非
1216,美国,7.5,希德姐妹帮
1217,意大利,7.5,巴阿里亚
1218,德国,7.5,解剖外星人
1219,法国,7.5,男人要自爱
1220,香港,7.5,辣椒教室
1221,日本,7.5,中国鸟人
1222,香港,7.5,大军阀
1223,阿根廷,7.5,九个皇后
1224,比利时,7.5,尚格·云顿
1225,比利时,7.5,侯爵
1226,比利时,7.5,比利时国王
1227,英国,7.5,荒岛惊魂
1228,美国,7.5,邻家小鬼
1229,日本,7.5,福福庄的阿福
1230,美国,7.5,挡不住的奇迹
1231,美国,7.5,新科学怪人
1232,印度,7.5,季风婚宴
1233,美国,7.5,老幸运
1234,美国,7.5,心灵深处的音乐
1235,中国大陆,7.5,李双双
1236,法国,7.5,我略知她一二
1237,罗马尼亚,7.5,喝彩！
1238,日本,7.5,间宫兄弟
1239,香港,7.5,开心乐园
1240,法国,7.5,请吻我
1241,西班牙,7.5,我的酷儿婚礼
1242,法国,7.5,方托马斯的反击
1243,中国大陆,7.5,百变神偷
1244,中国大陆,7.5,上一当
1245,香港,7.5,滑稽时代
1246,韩国,7.5,电台之星
1247,英国,7.5,春光奏鸣曲
1248,法国,7.5,警察在纽约
1249,美国,7.5,101忠狗续集：伦敦大冒险
1250,美国,7.5,床伴
1251,美国,7.5,脱线先生
1252,美国,7.5,异想天开大逃亡
1253,美国,7.5,街头俏妞
1254,西班牙,7.5,我为什么命该如此?
1255,爱尔兰,7.5,疯狂玛丽的约会
1256,日本,7.5,夫妻成长日记
1257,中国大陆,7.4,人再囧途之泰囧
1258,中国大陆,7.4,夏洛特烦恼
1259,中国大陆,7.4,北京遇上西雅图
1260,中国大陆,7.4,滚蛋吧！肿瘤君
1261,香港,7.4,少林足球
1262,香港,7.4,武状元苏乞儿
1263,美国,7.4,林中小屋
1264,日本,7.4,我的机器人女友
1223,阿根廷,7.5,九个皇后
1224,比利时,7.5,尚格·云顿
1225,比利时,7.5,侯爵
1226,比利时,7.5,比利时国王
1227,英国,7.5,荒岛惊魂
1228,美国,7.5,邻家小鬼
1229,日本,7.5,福福庄的阿福
1230,美国,7.5,挡不住的奇迹
1231,美国,7.5,新科学怪人
1232,印度,7.5,季风婚宴
1233,美国,7.5,老幸运
1234,美国,7.5,心灵深处的音乐
1235,中国大陆,7.5,李双双
1236,法国,7.5,我略知她一二
1237,罗马尼亚,7.5,喝彩！
1238,日本,7.5,间宫兄弟
1239,香港,7.5,开心乐园
1240,法国,7.5,请吻我
1241,西班牙,7.5,我的酷儿婚礼
1242,法国,7.5,方托马斯的反击
1243,中国大陆,7.5,百变神偷
1244,中国大陆,7.5,上一当
1245,香港,7.5,滑稽时代
1246,韩国,7.5,电台之星
1247,英国,7.5,春光奏鸣曲
1248,法国,7.5,警察在纽约
1249,美国,7.5,101忠狗续集：伦敦大冒险
1250,美国,7.5,床伴
1251,美国,7.5,脱线先生
1252,美国,7.5,异想天开大逃亡
1253,美国,7.5,街头俏妞
1254,西班牙,7.5,我为什么命该如此?
1255,爱尔兰,7.5,疯狂玛丽的约会
1256,日本,7.5,夫妻成长日记
1257,中国大陆,7.4,人再囧途之泰囧
1258,中国大陆,7.4,夏洛特烦恼
1259,中国大陆,7.4,北京遇上西雅图
1260,中国大陆,7.4,滚蛋吧！肿瘤君
1261,香港,7.4,少林足球
1262,香港,7.4,武状元苏乞儿
1263,美国,7.4,林中小屋
1264,日本,7.4,我的机器人女友
1265,中国大陆,7.4,闪光少女
1266,美国,7.4,勇敢传说
1267,美国,7.4,天降美食
1268,香港,7.4,审死官
1269,香港,7.4,赌圣
1270,中国大陆,7.4,麦兜响当当
1271,美国,7.4,马达加斯加的企鹅
1272,香港,7.4,赌侠
1273,香港,7.4,分手说爱你
1274,英国,7.4,四个婚礼和一个葬礼
1275,美国,7.4,我最好朋友的婚礼
1276,英国,7.4,加菲猫2
1277,美国,7.4,海底总动员2：多莉去哪儿
1278,美国,7.4,穿越时空爱上你
1279,中国大陆,7.4,十万个冷笑话2
1280,美国,7.4,天才眼镜狗
1281,香港,7.4,倩女幽魂3：道道道
1282,香港,7.4,97家有喜事
1283,美国,7.4,辣妈辣妹
1284,美国,7.4,冒牌家庭
1285,法国,7.4,相思成灾
1286,美国,7.4,牛仔裤的夏天2
1287,美国,7.4,伊丽莎白镇
1288,美国,7.4,科学怪狗
1289,英国,7.4,世界尽头
1290,美国,7.4,波拉特
1291,美国,7.4,魔法保姆麦克菲
1292,美国,7.4,赶尽杀绝
1293,香港,7.4,A计划续集
1294,印度,7.4,功夫小蝇
1295,美国,7.4,甜心先生
1296,香港,7.4,快餐车
1297,香港,7.4,警察故事3：超级警察
1298,美国,7.4,绝地战警
1299,美国,7.4,完美音调
1300,日本,7.4,杀手阿一
1301,美国,7.4,美国行动
1302,美国,7.4,绝地战警2
1303,英国,7.4,魔法保姆麦克菲2
1304,泰国,7.4,音为爱
1305,美国,7.4,爱很复杂
1306,美国,7.4,篱笆墙外
1307,澳大利亚,7.4,爱的那点性事
1308,美国,7.4,亡灵
1309,美国,7.4,七年之痒
1310,香港,7.4,92黑玫瑰对黑玫瑰
1311,美国,7.4,小屁孩日记2
1312,美国,7.4,心如折纸
1313,香港,7.4,大丈夫日记
1314,美国,7.4,失常
1315,美国,7.4,夏日之王
1316,香港,7.4,少年黄飞鸿之铁马骝
1317,美国,7.4,美人鱼
1318,美国,7.4,空前绝后满天飞
1319,美国,7.4,世界上最伟大的父亲
1320,美国,7.4,困在爱中
1321,美国,7.4,业余小偷
1322,日本,7.4,我只是还没有全力以赴
1323,美国,7.4,甜姐儿
1324,美国,7.4,抚养亚利桑纳
1325,英国,7.4,情定巴黎
1326,美国,7.4,倾城佳话
1327,法国,7.4,追踪长尾豹马修
1328,美国,7.4,寻找午夜之吻
1329,英国,7.4,艾玛
1330,美国,7.4,无须多言
1331,香港,7.4,安娜玛德莲娜
1332,美国,7.4,白头神探3
1333,意大利,7.4,十日谈
1334,香港,7.4,吉星拱照
1335,香港,7.4,锦绣前程
1336,中国大陆,7.4,警察有约
1337,印度,7.4,爱情的尸检报告
1338,德国,7.4,心灵厨房
1339,美国,7.4,好景在望
1340,韩国,7.4,舞蹈皇后
1341,美国,7.4,冰球坏小子
1342,美国,7.4,幻影英雄
1343,美国,7.4,好莱坞式结局
1344,泰国,7.4,亿万少年的顶级机密
1345,美国,7.4,王牌制片家
1346,韩国,7.4,绑架门口狗
1347,美国,7.4,亲爱的，我把我们缩小了
1348,法国,7.4,一键成名
1349,日本,7.4,生活艰难也许快乐
1350,美国,7.4,菲比梦游奇境
1351,日本,7.4,鬼怪屋
1352,香港,7.4,富贵黄金屋
1353,德国,7.4,诺亚方舟漂流记
1354,德国,7.4,好男不当兵
1355,美国,7.4,出柜第4格
1356,法国,7.4,流浪巴黎
1357,英国,7.4,早春
1358,香港,7.4,我爱夜来香
1359,美国,7.4,名人百态
1360,香港,7.4,七十二家房客
1361,韩国,7.4,南方大作战
1362,日本,7.4,狗狗与你的故事
1363,美国,7.4,蠢蛋搞怪秀3.5
1364,新加坡,7.4,茶舞
1365,韩国,7.4,愉快的人生
1366,美国,7.4,忍者神龟
1367,法国,7.4,99法郎
1368,香港,7.4,天才与白痴
1369,美国,7.4,勇闯黄金城
1370,韩国,7.4,伟大的愿望
1371,韩国,7.4,时失2公里
1372,美国,7.4,四个毕业生
1373,英国,7.4,事不过三
1374,韩国,7.4,可疑的顾客们
1375,美国,7.4,赌侠马华力
1376,丹麦,7.4,男人与鸡
1377,日本,7.4,向着阴天绽放
1378,日本,7.4,美女罐头
1379,美国,7.4,第二十二条军规
1380,丹麦,7.4,白痴
1381,美国,7.4,育婴奇谭
1382,日本,7.4,大家，再见
1383,法国,7.4,美丽新世界
1384,法国,7.4,阿斯特里克斯历险记：诸神之宫殿
1385,加拿大,7.4,坚信礼
1386,韩国,7.4,越狱二人组
1387,美国,7.4,成长的烦恼：电影版
1388,美国,7.4,十二点零一分
1389,美国,7.4,小富翁里奇
1390,美国,7.4,雾水总统
1391,西班牙,7.4,老表三贱客
1392,美国,7.4,我钟情的人
1393,韩国,7.4,海边的女人
1394,英国,7.4,人生驾驶课
1395,丹麦,7.4,亲爱的温迪
1396,法国,7.4,会说话的照片
1397,美国,7.4,好事成双
1398,美国,7.4,命运先生
1399,美国,7.4,霍拉一家
1400,美国,7.4,扭转乾坤
1401,英国,7.4,百万小宝贝
1402,韩国,7.4,没教养的家伙
1403,美国,7.4,妙探寻凶
1404,日本,7.4,绝不流泪
1405,日本,7.4,东京快递
1406,美国,7.4,红粉联盟
1407,英国,7.4,奇迹小子
1408,美国,7.4,老妈操碎心
1409,西班牙,7.4,闭上眼睛活着很容易
1410,意大利,7.4,爱情手册
1411,波兰,7.4,铁幕性史
1412,美国,7.4,格里芬与菲尼克斯
1413,奥地利,7.4,我最好的敌人
1414,美国,7.4,散弹露露
1415,美国,7.4,摘星梦难圆
1416,新加坡,7.4,当海南遇上潮州
1417,法国,7.4,莫里哀情史
1418,香港,7.3,春娇与志明
1419,美国,7.3,重返十七岁
1420,美国,7.3,小黄人大眼萌
1421,香港,7.3,百变星君
1422,中国大陆,7.3,手机
1423,香港,7.3,整蛊专家
1424,美国,7.3,王牌保镖
1425,美国,7.3,闪电狗
1426,美国,7.3,血肉之躯
1427,香港,7.3,逃学威龙2
1428,美国,7.3,101真狗
1429,香港,7.3,我是谁
1430,美国,7.3,美国派
1431,香港,7.3,破坏之王
1432,英国,7.3,莎翁情史
1433,澳大利亚,7.3,快乐的大脚
1434,中国大陆,7.3,Hello！树先生
1435,美国,7.3,疯狂愚蠢的爱
1436,德国,7.3,爱你，罗茜
1437,美国,7.3,歌舞青春3：毕业季
1438,美国,7.3,波普先生的企鹅
1439,美国,7.3,足球尤物
1440,香港,7.3,红番区
1441,香港,7.3,20 30 40
1442,美国,7.3,疯狂外星人
1443,香港,7.3,双龙会
1444,美国,7.3,鼠来宝
1445,美国,7.3,公主与青蛙
1446,英国,7.3,单身日记：好孕来袭
1447,美国,7.3,宝贝老板
1448,香港,7.3,醉拳
1449,日本,7.3,不求上进的玉子
1450,韩国,7.3,我妻子的一切
1451,美国,7.3,粉红豹
1452,香港,7.3,警察故事续集
1453,美国,7.3,公牛历险记
1454,法国,7.3,的士速递3
1455,美国,7.3,海绵宝宝
1456,美国,7.3,长大成人
1457,香港,7.3,警察故事4：简单任务
1458,法国,7.3,解放军在巴黎
1459,法国,7.3,私奔B计划
1460,英国,7.3,关于一个男孩
1461,韩国,7.3,寻找金钟旭
1462,美国,7.3,发胶
1463,美国,7.3,修女也疯狂2
1464,美国,7.3,滑轮女孩
1465,美国,7.3,人人都说我爱你
1466,香港,7.3,八星报喜
1467,美国,7.3,遭遇陌生人
1468,美国,7.3,单亲度假村
1469,美国,7.3,猪头逛大街
1470,美国,7.3,最后的维加斯
1471,美国,7.3,史努比：花生大电影
1472,韩国,7.3,幸运钥匙
1473,荷兰,7.3,意外制造公司
1474,香港,7.3,臭屁王
1475,美国,7.3,西蒙妮
1476,台湾,7.3,新乌龙院2无敌反斗星
1477,英国,7.3,酒会
1478,香港,7.3,一眉道人
1479,美国,7.3,冒牌老爸
1480,台湾,7.3,一路顺风
1481,韩国,7.3,计划男
1482,美国,7.3,春心荡漾
1483,日本,7.3,恋爱情结
1484,韩国,7.3,曾是超人的男子
1485,中国大陆,7.3,熊出没之雪岭熊风
1486,美国,7.3,反斗神鹰
1487,美国,7.3,疯狂店员2
1488,美国,7.3,同居牢友
1489,加拿大,7.3,星爸客
1490,韩国,7.3,妻子小姐
1491,香港,7.3,最佳拍档2：大显神通
1492,美国,7.3,中间人
1493,英国,7.3,失恋排行榜
1494,美国,7.3,女招待
1495,美国,7.3,老大靠边闪
1496,香港,7.3,为你钟情
1497,台湾,7.3,梦游夏威夷
1498,德国,7.3,新龙凤配
1499,塞尔维亚,7.3,牛奶配送员的奇幻人生
1500,美国,7.3,活跳尸
1501,韩国,7.3,如此美好
1502,英国,7.3,贝拉的奇幻花园
1503,西德,7.3,爱比死更冷
1504,美国,7.3,关键一票
1505,美国,7.3,林中漫步
1506,美国,7.3,摇滚之王
1507,韩国,7.3,杀手公司
1508,法国,7.3,穿越少女梦
1509,美国,7.3,情话童真
1510,美国,7.3,查理·巴特利
1511,美国,7.3,双生美莲达
1512,法国,7.3,临时保姆
1513,美国,7.3,大都会传奇
1514,意大利,7.3,一千零一夜
1515,比利时,7.3,好奇天使心
1516,香港,7.3,鬼马双星
1517,美国,7.3,西班牙女佣
1518,加拿大,7.3,雪地狂奔
1519,美国,7.3,一日钟情
1520,日本,7.3,麦子小姐
1521,美国,7.3,蠢蛋搞怪秀2.5
1522,法国,7.3,小淘气尼古拉的假期
1523,美国,7.3,雪崩王子
1524,西班牙,7.3,基卡
1525,意大利,7.3,坎特伯雷故事集
1526,意大利,7.3,黑手党只在夏天杀人
1527,英国,7.3,兔子和公牛
1528,美国,7.3,鬼作秀2
1529,美国,7.3,哭泣宝贝
1530,香港,7.3,合家欢
1531,台湾,7.3,黑眼圈
1532,中国大陆,7.3,绝境逢生
1533,日本,7.3,五个暴走的少年
1534,日本,7.3,暗金丑岛君3
1535,印度,7.3,厕所英雄
1536,香港,7.3,少林搭棚大师
1537,印度,7.3,女王旅途
1538,美国,7.3,危险思想的自白
1539,西班牙,7.3,幸福的黄色电影
1540,日本,7.3,沸点
1541,美国,7.3,年度人物
1542,美国,7.3,警察学校2：初露锋芒
1543,台湾,7.3,国士无双
1544,挪威,7.3,失踪顺序
1545,美国,7.3,布里斯比熊
1546,美国,7.3,愿嫁金龟婿
1547,美国,7.3,伯纳德与桃瑞丝
1548,美国,7.3,酒业风云
1549,法国,7.3,属于我们的圣诞节
1550,香港,7.3,蝎子战士
1551,英国,7.3,性的本质
1552,加拿大,7.3,无枪侠
1553,美国,7.3,怪奇秀
1554,美国,7.3,猫和老鼠: 飆风天王
1555,法国,7.3,无物申报
1556,美国,7.3,我心属于你
1557,韩国,7.3,光复节特赦
1558,美国,7.3,飞车手罗德
1559,法国,7.3,借你的手儿牵
1560,香港,7.3,救姜刑警
1561,法国,7.3,失魂家族
1562,韩国,7.3,577计划
1563,法国,7.3,金丝笼
1564,法国,7.3,都市外来客
1565,日本,7.3,熟女杀人事件
1566,日本,7.3,恋之涡
1567,美国,7.3,恋恋视距离
1568,法国,7.3,吾儿唐吉
1569,韩国,7.3,倒霉熊的杯子之旅
1570,英国,7.3,小嗓门
1571,香港,7.3,三十年细说从头
1572,美国,7.3,灼热的马鞍
1573,英国,7.3,春光满古城
1574,美国,7.3,六月虫
1575,印度,7.3,追踪再现
1576,美国,7.3,无人陪伴的儿童
1577,德国,7.3,亚当变奏曲
1578,香港,7.2,宝贝计划
1579,中国大陆,7.2,重返20岁
1580,美国,7.2,博物馆奇妙夜
1581,中国大陆,7.2,我是路人甲
1582,美国,7.2,律政俏佳人
1583,美国,7.2,蓝精灵
1584,韩国,7.2,色即是空
1585,中国大陆,7.2,超时空同居
1586,英国,7.2,BJ单身日记2：理性边缘
1587,英国,7.2,王牌贱谍：格林斯比
1588,美国,7.2,歌舞青春2
1589,香港,7.2,赌侠2：上海滩赌圣
1590,美国,7.2,随波逐流
1591,美国,7.2,怪物史瑞克3
1592,美国,7.2,通灵男孩诺曼
1593,日本,7.2,恋爱回旋
1594,美国,7.2,丧尸乐园
1595,香港,7.2,城市猎人
1596,中国大陆,7.2,姨妈的后现代生活
1597,美国,7.2,比得兔
1598,美国,7.2,极速蜗牛
1599,香港,7.2,独家试爱
1600,英国,7.2,独家新闻
1601,美国,7.2,青春爱欲吻
1602,美国,7.2,阿呆与阿瓜
1603,日本,7.2,死神的精度
1604,韩国,7.2,检察官外传
1605,美国,7.2,火星人玩转地球
1606,美国,7.2,神探飞机头
1607,澳大利亚,7.2,快乐的大脚2
1608,香港,7.2,开心鬼
1609,日本,7.2,桃花期
1610,美国,7.2,军火贩
1611,香港,7.2,金鸡2
1612,印度,7.2,宝莱坞机器人之恋
1613,韩国,7.2,田禹治
1614,英国,7.2,明星助理
1615,西班牙,7.2,僵尸胡安
1616,美国,7.2,冲浪企鹅
1617,新加坡,7.2,海南鸡饭
1618,香港,7.2,福星高照
1619,韩国,7.2,青年警察
1620,西班牙,7.2,乳房与月亮
1621,日本,7.2,性爱狂想曲
1622,香港,7.2,富贵再逼人
1623,美国,7.2,四个房间
1624,美国,7.2,美国情人
1625,英国,7.2,谢利
1626,香港,7.2,现代豪侠传
1627,德国,7.2,甜蜜幼儿园
1628,美国,7.2,血色孤语
1629,日本,7.2,少年手指虎
1630,英国,7.2,房车之旅
1631,泰国,7.2,我很好，谢谢，我爱你
1632,日本,7.2,俺物语
1633,香港,7.2,大三元
1634,中国大陆,7.2,这里有情况
1635,美国,7.2,怒犯天条
1636,美国,7.2,超级杯奶爸
1637,日本,7.2,道歉大师
1638,日本,7.2,海边旅店
1639,美国,7.2,吮拇指的人
1640,台湾,7.2,阿嬷的梦中情人
1641,美国,7.2,蹩脚英语
1642,英国,7.2,无忧无虑
1643,美国,7.2,鬼玩人2
1644,英国,7.2,了不起的大盗奶奶
1645,美国,7.2,亲亲老爸
1646,美国,7.2,独领风骚
1647,台湾,7.2,阵头
1648,新西兰,7.2,足不出户
1649,德国,7.2,美味关系
1650,韩国,7.2,死不张扬离奇失魂事件
1651,日本,7.2,宇宙兄弟
1652,美国,7.2,伯尼
1653,匈牙利,7.2,狐仙丽莎煞煞煞
1654,巴西,7.2,变焦
1655,美国,7.2,不知不觉爱上你
1656,美国,7.2,最后一吻
1657,美国,7.2,婚礼歌手
1658,香港,7.2,富贵列车
1659,美国,7.2,世界是平的
1660,法国,7.2,爱丽舍宫的女大厨
1661,日本,7.2,恋妻家宫本
1662,中国大陆,7.2,不是闹着玩的
1663,法国,7.2,男孩们和吉约姆
1664,美国,7.2,命中雷霆
1665,日本,7.2,剽悍少年
1666,美国,7.2,同志圣诞节
1667,美国,7.2,矮子当道
1668,法国,7.2,法国万岁
1669,美国,7.2,混沌理论
1670,法国,7.2,无巧不成婚
1671,韩国,7.2,高龄化家族
1672,美国,7.2,纽约客的故事
1673,韩国,7.2,情侣们
1674,日本,7.2,老师与流浪猫
1675,美国,7.2,年少轻狂
1676,法国,7.2,母女情深
1677,美国,7.2,三个奶爸一个娃
1678,香港,7.2,新半斤八两
1637,日本,7.2,道歉大师
1638,日本,7.2,海边旅店
1639,美国,7.2,吮拇指的人
1640,台湾,7.2,阿嬷的梦中情人
1641,美国,7.2,蹩脚英语
1642,英国,7.2,无忧无虑
1643,美国,7.2,鬼玩人2
1644,英国,7.2,了不起的大盗奶奶
1645,美国,7.2,亲亲老爸
1646,美国,7.2,独领风骚
1647,台湾,7.2,阵头
1648,新西兰,7.2,足不出户
1649,德国,7.2,美味关系
1650,韩国,7.2,死不张扬离奇失魂事件
1651,日本,7.2,宇宙兄弟
1652,美国,7.2,伯尼
1653,匈牙利,7.2,狐仙丽莎煞煞煞
1654,巴西,7.2,变焦
1655,美国,7.2,不知不觉爱上你
1656,美国,7.2,最后一吻
1657,美国,7.2,婚礼歌手
1658,香港,7.2,富贵列车
1659,美国,7.2,世界是平的
1660,法国,7.2,爱丽舍宫的女大厨
1661,日本,7.2,恋妻家宫本
1662,中国大陆,7.2,不是闹着玩的
1663,法国,7.2,男孩们和吉约姆
1664,美国,7.2,命中雷霆
1665,日本,7.2,剽悍少年
1666,美国,7.2,同志圣诞节
1667,美国,7.2,矮子当道
1668,法国,7.2,法国万岁
1669,美国,7.2,混沌理论
1670,法国,7.2,无巧不成婚
1671,韩国,7.2,高龄化家族
1672,美国,7.2,纽约客的故事
1673,韩国,7.2,情侣们
1674,日本,7.2,老师与流浪猫
1675,美国,7.2,年少轻狂
1676,法国,7.2,母女情深
1677,美国,7.2,三个奶爸一个娃
1678,香港,7.2,新半斤八两
1679,美国,7.2,鬼作秀
1680,加拿大,7.2,甜蜜电影
1681,美国,7.2,怪尸案
1682,德国,7.2,杀手安全套
1683,美国,7.2,请给予
1684,美国,7.2,猜·情·寻
1685,美国,7.2,五美元过一天
1686,瑞典,7.2,肥皂
1687,韩国,7.2,元卓的天使
1688,新西兰,7.2,坏品位
1689,法国,7.2,中国姑娘
1690,英国,7.2,我美丽的洗衣店
1691,台湾,7.2,台北异想
1692,韩国,7.2,我们学校的ET
1693,美国,7.2,家长指导
1694,澳大利亚,7.2,鳄鱼邓迪
1695,美国,7.2,鸭羹
1696,美国,7.2,新岳父大人
1697,意大利,7.2,仲夏夜之梦
1698,日本,7.2,森山中教习所
1699,美国,7.2,天师捉妖
1700,英国,7.2,借东西的小人
1701,日本,7.2,快乐飞行
1702,法国,7.2,花瓶
1703,香港,7.2,表姐，你好嘢！3之大人驾到
1704,法国,7.2,我最好的朋友哈利
1705,美国,7.2,环游世界八十天
1706,美国,7.2,不凡之路
1707,美国,7.2,贴身兄弟
1708,加拿大,7.2,麻木
1709,香港,7.2,港督最后一个保镖
1710,香港,7.2,情逢敌手
1711,德国,7.2,九顶假发的女孩
1712,美国,7.2,大麻烦
1713,英国,7.2,命案目睹记
1714,美国,7.2,星战迷友
1715,法国,7.2,她在路上
1716,美国,7.2,蓝色杰伊
1717,美国,7.2,婚礼如战场
1718,日本,7.2,机器人竞赛
1719,法国,7.2,巡演
1720,香港,7.2,撞板风流
1721,墨西哥,7.2,爱在歇斯底里时
1722,韩国,7.2,拉面人生
1723,中国大陆,7.1,西游降魔篇
1724,中国大陆,7.1,非诚勿扰
1725,中国大陆,7.1,盲探
1726,美国,7.1,假结婚
1727,韩国,7.1,丑女大翻身
1728,美国,7.1,国家宝藏：夺宝秘笈
1729,台湾,7.1,翻滚吧！阿信
1730,美国,7.1,香肠派对
1731,法国,7.1,别惹我
1732,英国,7.1,野孩子
1733,美国,7.1,赤焰战场2
1734,美国,7.1,咖啡公社
1735,香港,7.1,逃学威龙3之龙过鸡年
1736,美国,7.1,预产期
1737,美国,7.1,魔法奇缘
1738,韩国,7.1,我的P.S.搭档
1739,中国,7.1,即日启程
1740,美国,7.1,小姐好白
1741,香港,7.1,我左眼见到鬼
1742,美国,7.1,小屁孩日记
1743,香港,7.1,情圣
1744,美国,7.1,鲨鱼黑帮
1745,中国大陆,7.1,卡拉是条狗
1746,美国,7.1,恐龙当家
1747,捷克,7.1,欧洲性旅行
1748,美国,7.1,魔力月光
1749,法国,7.1,真爱无价
1750,香港,7.1,出埃及记
1751,法国,7.1,绿芥刑警
1752,美国,7.1,拜见岳父大人2
1753,美国,7.1,天降美食2
1754,香港,7.1,人鱼传说
1755,美国,7.1,一个头两个大
1756,美国,7.1,丛林大反攻
1757,香港,7.1,鼠胆龙威
1758,美国,7.1,赛车总动员3：极速挑战
1759,美国,7.1,我们所知道的生活
1760,美国,7.1,神偷联盟
1761,香港,7.1,打擂台
1762,美国,7.1,假期历险记
1763,香港,7.1,缘份
1764,韩国,7.1,请别相信她
1765,美国,7.1,卡萨诺瓦
1766,韩国,7.1,西洋古董洋果子店
1767,泰国,7.1,鬼夫
1768,美国,7.1,小贼、美女和妙探
1769,中国大陆,7.1,老港正传
1770,台湾,7.1,宝米恰恰
1771,法国,7.1,大厨
1772,美国,7.1,游戏之夜
1773,香港,7.1,超时空要爱
1774,美国,7.1,宛如天堂
1775,法国,7.1,埃及艳后的任务
1776,香港,7.1,夏日福星
1777,美国,7.1,老妇杀手
1778,香港,7.1,伊波拉病毒
1779,美国,7.1,你好，我叫多蕾丝
1780,美国,7.1,定制伴郎
1781,美国,7.1,猪头逛大街2
1782,香港,7.1,追男仔
1783,英国,7.1,鼠国流浪记
1784,英国,7.1,歇斯底里
1785,中国大陆,7.1,父子老爷车
1786,西班牙,7.1,猛鬼毕业典礼
1787,香港,7.1,鬼打鬼
1788,台湾,7.1,总铺师
1789,香港,7.1,怪谈协会
1790,香港,7.1,飞龙猛将
1791,中国大陆,7.1,妈妈咪鸭
1792,美国,7.1,魔鬼司令
1793,英国,7.1,胖男孩快跑
1794,法国,7.1,时空访客
1795,日本,7.1,花牌情缘 下之句
1796,美国,7.1,离婚不分手
1797,美国,7.1,瓶装火箭
1798,日本,7.1,清须会议
1799,美国,7.1,泽西女孩
1800,法国,7.1,时空急转弯
1801,美国,7.1,酷毙了
1802,日本,7.1,导演万岁！
1803,美国,7.1,无处为家
1804,法国,7.1,巴黎两日情
1805,法国,7.1,直到遇见你
1806,日本,7.1,双面北野武
1807,日本,7.1,乌冬
1808,新西兰,7.1,恐怖幽灵
1809,美国,7.1,旗鼓相当
1810,美国,7.1,飞天法宝
1811,美国,7.1,奇招尽出
1812,美国,7.1,我的废墟生活
1813,韩国,7.1,别告诉爸爸
1814,韩国,7.1,一番街奇迹
1815,日本,7.1,殿下，给点利息
1816,香港,7.1,风尘三侠
1817,美国,7.1,白烂贱客
1818,德国,7.1,拜见希特勒
1819,香港,7.1,男歌女唱
1820,法国,7.1,替身演员
1821,美国,7.1,燕麦饼干店
1822,韩国,7.1,两个坏小子
1823,英国,7.1,游龙戏凤
1824,美国,7.1,格瑞的困扰
1825,日本,7.1,舞妓班
1826,法国,7.1,丑小鸭和小老鼠
1827,印度,7.1,年度推销员
1828,德国,7.1,甜蜜幼儿园2
1829,日本,7.1,圆桌
1830,美国,7.1,一些怪人
1831,美国,7.1,活死人归来
1832,加拿大,7.1,跳支华尔兹
1833,法国,7.1,浪得过火
1834,日本,7.1,中学生圆山
1835,德国,7.1,摩根先生最后的爱
1836,美国,7.1,同性之光
1837,韩国,7.1,求偶一支公
1838,德国,7.1,杀人是我的职业，亲爱的
1839,美国,7.1,站稳了
1840,法国,7.1,时空急转弯2
1841,香港,7.1,杂家小子
1842,美国,7.1,麦田守望的女孩
1843,英国,7.1,王牌罪犯
1844,美国,7.1,艺校的秘密
1845,法国,7.1,丛林法则
1846,美国,7.1,警察学校3：初为人师
1847,美国,7.1,夹缝求生
1848,法国,7.1,史坦顿岛
1849,英国,7.1,老公不及格
1850,美国,7.1,放电无罪
1851,日本,7.1,巴提斯塔团队的荣光
1852,日本,7.1,无厘头森林之第一次接触
1853,德国,7.1,时装店风波
1854,日本,7.1,新宿小偷日记
1855,美国,7.1,上班女郎
1856,德国,7.1,衣柜里的男人
1857,美国,7.1,警察学校5：迈阿密之旅
1858,英国,7.1,九擒九纵九基佬
1859,香港,7.1,八喜临门
1860,台湾,7.1,四个不平凡的少年
1861,法国,7.1,一千零一夜
1862,美国,7.1,威猩闯天涯
1863,香港,7.1,难兄难弟
1864,中国大陆,7.0,羞羞的铁拳
1865,中国大陆,7.0,心花路放
1866,英国,7.0,王牌特工2：黄金圈
1867,美国,7.0,泰迪熊
1868,中国大陆,7.0,厨子戏子痞子
1869,美国,7.0,爱情与灵药
1870,香港,7.0,春娇救志明
1871,中国大陆,7.0,天下无双
1872,美国,7.0,博物馆奇妙夜3
1873,美国,7.0,情人节
1874,日本,7.0,银魂
1875,芬兰,7.0,愤怒的小鸟
1876,美国,7.0,阅后即焚
1877,香港,7.0,济公
1878,美国,7.0,憨豆特工2
1879,香港,7.0,渺渺
1880,韩国,7.0,我的小小新娘
1881,美国,7.0,恶老板
1882,美国,7.0,拜见岳父大人
1883,美国,7.0,美国派2
1884,韩国,7.0,宝贝和我
1885,香港,7.0,我爱HK 开心万岁
1886,法国,7.0,自杀专卖店
1887,美国,7.0,美国派3：美国婚礼
1888,美国,7.0,精灵鼠小弟2
1889,美国,7.0,歪小子斯科特对抗全世界
1890,美国,7.0,美国派4：美国重逢
1891,美国,7.0,偷听女人心
1892,美国,7.0,姐弟恋
1893,美国,7.0,汉娜·蒙塔娜：电影版
1894,美国,7.0,别惹蚂蚁
1895,香港,7.0,神经侠侣
1896,美国,7.0,我盛大的同志婚礼
1897,美国,7.0,情归阿拉巴马
1898,香港,7.0,新仙鹤神针
1899,美国,7.0,X计划
1900,香港,7.0,开心鬼撞鬼
1901,美国,7.0,菠萝快车
1902,中国,7.0,谁说我不在乎
1903,英国,7.0,到也门钓鲑鱼
1904,美国,7.0,马格瑞姆的神奇玩具店
1905,美国,7.0,铜牌巨星
1906,美国,7.0,儿女一箩筐
1907,香港,7.0,开心鬼放暑假
1908,美国,7.0,神探飞机头2
1909,美国,7.0,寻找伴郎
1910,中国大陆,7.0,幸福59厘米之小马
1911,日本,7.0,海月姬
1912,挪威,7.0,死亡之雪2
1913,德国,7.0,疯狂农庄
1914,美国,7.0,102真狗
1915,日本,7.0,我的叔叔
1916,香港,7.0,开心鬼救开心鬼
1917,美国,7.0,荒野大飚客
1918,香港,7.0,与龙共舞
1919,韩国,7.0,神汉流氓
1920,日本,7.0,忍之国
1921,香港,7.0,富贵再三逼人
1922,香港,7.0,最佳拍档3：女皇密令
1923,美国,7.0,麻辣宝贝
1924,泰国,7.0,争钱斗爱ATM
1925,美国,7.0,布鲁姆兄弟
1926,韩国,7.0,S日记
1927,美国,7.0,异形魔怪
1928,美国,7.0,夺金三王
1929,韩国,7.0,美娜的文具店
1930,美国,7.0,情人眼里出西施
1931,香港,7.0,四大天王
1932,美国,7.0,森林泰山
1933,美国,7.0,蚁哥正传
1934,香港,7.0,尸家重地
1935,美国,7.0,已是香港明日
1936,韩国,7.0,浪漫岛屿
1937,美国,7.0,整九码
1938,中国大陆,7.0,爷儿俩开歌厅
1939,香港,7.0,墨斗先生
1940,美国,7.0,色衰应召男
1941,美国,7.0,现金
1942,美国,7.0,金牌制作人
1943,韩国,7.0,头师父一体
1944,香港,7.0,公子多情
1945,美国,7.0,纠结之旅
1946,香港,7.0,柠檬可乐
1947,法国,7.0,仙女
1948,印度,7.0,燃情迈阿密
1949,美国,7.0,致命武器2
1950,西班牙,7.0,地中海厨娘
1951,中国大陆,7.0,男妇女主任
1952,美国,7.0,双姝奇恋
1953,香港,7.0,玫瑰玫瑰我爱你
1954,美国,7.0,大甩卖
1955,泰国,7.0,突然20岁
1956,美国,7.0,若世界属于我
1957,日本,7.0,小乃海苔便当
1958,美国,7.0,挂线情未了
1959,德国,7.0,办砸了
1960,美国,7.0,小精灵
1961,美国,7.0,空前绝后满天飞2：瞒天过海飞飞飞
1962,日本,7.0,黑猫鲁道夫
1963,法国,7.0,桑巴
1964,日本,7.0,歌魂
1965,美国,7.0,一爱到底
1966,日本,7.0,团地
1967,德国,7.0,第十个夏天
1968,美国,7.0,爱是唯一
1969,日本,7.0,演员龟冈拓次
1970,美国,7.0,朋友和家庭
1971,美国,7.0,新欢乐满堂
1972,美国,7.0,警察学校4：全民警察
1973,美国,7.0,魔茧
1974,美国,7.0,多余的人
1975,西班牙,7.0,西班牙处男
1976,美国,7.0,大巧局
1977,美国,7.0,无事生非
1978,印度,7.0,一不小心爱上你
1979,香港,7.0,八彩林亚珍
1980,德国,7.0,爱情谎言
1981,美国,7.0,美国之旅
1982,中国大陆,7.0,我是好人
1983,美国,7.0,极度狂热
1984,意大利,7.0,爱情手册2
1985,美国,7.0,仲夏夜性喜剧
1986,英国,7.0,再见完美结局
1987,中国大陆,6.9,唐人街探案2
1988,美国,6.9,神偷奶爸3
1989,美国,6.9,公主日记2
1990,法国,6.9,九条命
1991,美国,6.9,伴娘
1992,美国,6.9,尖峰时刻
1993,美国,6.9,美味情缘
1994,美国,6.9,惊声尖笑
1995,美国,6.9,女男变错身
1996,韩国,6.9,热血青春
1997,美国,6.9,女孩梦三十
1998,美国,6.9,空中大灌篮
1999,香港,6.9,龙的传人
2000,香港,6.9,咖喱辣椒
2001,美国,6.9,大战外星人
2002,美国,6.9,新抢钱夫妻
2003,法国,6.9,的士速递4
2004,美国,6.9,耐撕侦探
2005,香港,6.9,新精武门1991
2006,中国大陆,6.9,提着心吊着胆
2007,香港,6.9,黄飞鸿之铁鸡斗蜈蚣
2008,韩国,6.9,野蛮师姐
2009,韩国,6.9,二十
2010,香港,6.9,力王
2011,中国大陆,6.9,我要成名
2012,英国,6.9,新乌龙女校
2013,香港,6.9,望夫成龙
2014,美国,6.9,我为玛丽狂
2015,美国,6.9,粉红豹2
2016,中国大陆,6.9,草莓百分百
2017,美国,6.9,冰雪公主
2018,英国,6.9,跑调天后
2019,香港,6.9,龙兄虎弟
2020,台湾,6.9,鸡排英雄
2021,中国大陆,6.9,别拿自己不当干部
2022,英国,6.9,阿尔菲
2023,英国,6.9,吉诺密欧与朱丽叶
2024,美国,6.9,午夜邂逅
2025,英国,6.9,神奇海盗团
2026,香港,6.9,小亲亲
2027,法国,6.9,微妙爱情
2028,美国,6.9,告密者
2029,美国,6.9,皮帕李的私生活
2030,美国,6.9,公主新娘
2031,香港,6.9,龙的心
2032,美国,6.9,性本恶
2033,美国,6.9,墨西哥人
2034,美国,6.9,鬼镇
2035,香港,6.9,猛鬼差馆
2036,美国,6.9,儿女一箩筐2
2037,香港,6.9,超级计划
2038,美国,6.9,诱惑十七岁
2039,美国,6.9,摇滚斗阵
2040,香港,6.9,非洲和尚
2041,美国,6.9,海狸
2042,美国,6.9,一酷到底
2043,美国,6.9,我们的傻老哥
2044,香港,6.9,人吓人
2045,美国,6.9,模范家庭
2046,法国,6.9,臆想成病
2047,美国,6.9,亲爱的，我把孩子放大了
2048,法国,6.9,邂逅幸福
2049,美国,6.9,鬼玩人3：魔界英豪
2050,美国,6.9,乔治亚法则
2051,香港,6.9,僵尸至尊
2052,香港,6.9,鬼咬鬼
2053,美国,6.9,魅力四射
2054,美国,6.9,女狼俱乐部
2055,英国,6.9,曼斯菲尔德庄园
2056,日本,6.9,奇怪的她
2057,德国,6.9,寻找幸福的赫克托
2058,韩国,6.9,在地球上恋爱
2059,香港,6.9,一蚊鸡保镖
2060,中国大陆,6.9,荒城纪
2061,美国,6.9,一如既往
2062,中国大陆,6.9,小娇妻谋生记
2063,保加利亚,6.9,伦敦任务
2064,西班牙,6.9,四千金的情人
2065,香港,6.9,神勇双响炮
2066,美国,6.9,10年计划
2067,香港,6.9,愿望树
2068,法国,6.9,再一次初恋
2069,日本,6.9,史上最大作弊战争
2070,美国,6.9,圣诞坏公公
2071,美国,6.9,布鲁克林最愤怒的人
2072,日本,6.9,弯曲吧！汤匙
2073,美国,6.9,危机大逆袭
2074,加拿大,6.9,比巧克力还甜
2075,美国,6.9,性瘾者
2076,美国,6.9,珍妮的婚礼
2077,美国,6.9,流行歌星：永不停歇
2078,荷兰,6.9,热血新仔
2079,美国,6.9,迷幻高中
2080,香港,6.9,表姐，你好嘢！2
2081,美国,6.9,追讨者
2082,日本,6.9,东京僵尸
2083,香港,6.9,一世好命
2084,德国,6.9,笑脸
2085,美国,6.9,加菲猫：现实世界历险记
2086,美国,6.9,精神导师之梦
2087,美国,6.9,爱神有约
2088,美国,6.9,东区故事
2089,日本,6.9,超高速！ 参勤交代
2090,美国,6.9,无敌雷诺
2091,法国,6.9,太空英雌芭芭丽娜
2092,日本,6.9,民男的幸福
2051,香港,6.9,僵尸至尊
2052,香港,6.9,鬼咬鬼
2053,美国,6.9,魅力四射
2054,美国,6.9,女狼俱乐部
2055,英国,6.9,曼斯菲尔德庄园
2056,日本,6.9,奇怪的她
2057,德国,6.9,寻找幸福的赫克托
2058,韩国,6.9,在地球上恋爱
2059,香港,6.9,一蚊鸡保镖
2060,中国大陆,6.9,荒城纪
2061,美国,6.9,一如既往
2062,中国大陆,6.9,小娇妻谋生记
2063,保加利亚,6.9,伦敦任务
2064,西班牙,6.9,四千金的情人
2065,香港,6.9,神勇双响炮
2066,美国,6.9,10年计划
2067,香港,6.9,愿望树
2068,法国,6.9,再一次初恋
2069,日本,6.9,史上最大作弊战争
2070,美国,6.9,圣诞坏公公
2071,美国,6.9,布鲁克林最愤怒的人
2072,日本,6.9,弯曲吧！汤匙
2073,美国,6.9,危机大逆袭
2074,加拿大,6.9,比巧克力还甜
2075,美国,6.9,性瘾者
2076,美国,6.9,珍妮的婚礼
2077,美国,6.9,流行歌星：永不停歇
2078,荷兰,6.9,热血新仔
2079,美国,6.9,迷幻高中
2080,香港,6.9,表姐，你好嘢！2
2081,美国,6.9,追讨者
2082,日本,6.9,东京僵尸
2083,香港,6.9,一世好命
2084,德国,6.9,笑脸
2085,美国,6.9,加菲猫：现实世界历险记
2086,美国,6.9,精神导师之梦
2087,美国,6.9,爱神有约
2088,美国,6.9,东区故事
2089,日本,6.9,超高速！ 参勤交代
2090,美国,6.9,无敌雷诺
2091,法国,6.9,太空英雌芭芭丽娜
2092,日本,6.9,民男的幸福
2093,德国,6.9,三角关系
2094,美国,6.9,史密斯夫妇
2095,美国,6.9,前妻俱乐部
2096,香港,6.9,恋爱的天空
2097,香港,6.9,去吧！揸Fit人兵团
2098,日本,6.9,大日本人
2099,美国,6.9,寡居的一年
2100,美国,6.9,三代人
2101,中国大陆,6.8,乘风破浪
2102,香港,6.8,单身男女
2103,中国大陆,6.8,喜欢你
2104,中国大陆,6.8,黄金大劫案
2105,中国大陆,6.8,天台爱情
2106,中国大陆,6.8,大兵小将
2107,美国,6.8,博物馆奇妙夜2
2108,美国,6.8,宿醉2
2109,美国,6.8,贱女孩
2110,香港,6.8,千王之王2000
2111,法国,6.8,阿黛拉的非凡冒险
2112,香港,6.8,算死草
2113,香港,6.8,钟无艳
2114,中国大陆,6.8,你好，疯子！
2115,美国,6.8,倒霉爱神
2116,美国,6.8,危情谍战
2117,加拿大,6.8,灰姑娘的故事
2118,美国,6.8,欲望都市2
2119,美国,6.8,保姆日记
2120,美国,6.8,死在西部的一百万种方式
2121,香港,6.8,孤男寡女
2122,美国,6.8,糊涂侦探
2123,香港,6.8,无敌幸运星
2124,美国,6.8,背水一战
2125,中国大陆,6.8,小门神
2126,美国,6.8,龙虎少年队
2127,美国,6.8,热带惊雷
2128,加拿大,6.8,神勇奶爸
2129,中国大陆,6.8,心急吃不了热豆腐
2130,美国,6.8,特工佳丽
2131,美国,6.8,远距离爱情
2132,美国,6.8,落跑新娘
2133,美国,6.8,小姐好辣
2134,美国,6.8,龙虎少年队2
2135,美国,6.8,高楼大劫案
2136,美国,6.8,约会之夜
2137,英国,6.8,如何众叛亲离
2138,美国,6.8,太坏了
2139,中国大陆,6.8,少年巴比伦
2140,美国,6.8,莉琪的异想世界
2141,美国,6.8,单身指南
2142,美国,6.8,蜜蜂总动员
2143,美国,6.8,鼠来宝：明星俱乐部
2144,香港,6.8,一个好人
2145,美国,6.8,我盛大的希腊婚礼
2146,韩国,6.8,舞女纯情
2147,美国,6.8,偷穿高跟鞋
2148,美国,6.8,女孩要什么
2149,中国大陆,6.8,求求你，表扬我
2150,美国,6.8,纽约时刻
2151,中国大陆,6.8,蛋炒饭
2152,中国大陆,6.8,幸福时光
2153,香港,6.8,豪门夜宴
2154,美国,6.8,前往希腊剧院
2155,韩国,6.8,珍妮和朱诺
2156,美国,6.8,进化危机
2157,美国,6.8,青少年
2158,美国,6.8,超级妈妈
2159,法国,6.8,芳心终结者
2160,香港,6.8,新碧血剑
2161,西班牙,6.8,51号星球
2162,美国,6.8,贴身情人
2163,美国,6.8,笨人晚宴
2164,美国,6.8,女人们
2165,美国,6.8,像男人一样思考
2166,美国,6.8,富贵吉娃娃
2167,香港,6.8,蛇形刁手
2168,法国,6.8,20岁的差距
2169,美国,6.8,怪医杜立德
2170,日本,6.8,电车男
2171,美国,6.8,卧底肥妈2
2172,美国,6.8,狱中豪杰
2173,美国,6.8,好景当前
2174,香港,6.8,一碌蔗
2175,香港,6.8,九星报喜
2176,美国,6.8,性爱之后
2177,中国大陆,6.8,熊出没·变形记
2178,法国,6.8,床的另一边
2179,中国大陆,6.8,太后吉祥
2180,日本,6.8,信长协奏曲 电影版
2181,香港,6.8,霹雳先锋
2182,英国,6.8,雪场女孩
2183,法国,6.8,时差
2184,香港,6.8,长短脚之恋
2185,香港,6.8,师弟出马
2186,香港,6.8,最佳拍档4：千里救差婆
2187,美国,6.8,布偶大电影
2188,英国,6.8,温布尔登
2189,美国,6.8,小镇怪客托马斯
2190,德国,6.8,疯狂神父
2191,美国,6.8,离别七日情
2192,美国,6.8,少女大盗
2193,美国,6.8,上班一条虫
2194,加拿大,6.8,僵尸管家
2195,美国,6.8,聪明人
2196,香港,6.8,将计就计
2197,香港,6.8,富贵开心鬼
2198,美国,6.8,摇滚之神
2199,美国,6.8,脏话
2200,美国,6.8,我为钱狂
2201,德国,6.8,红酒烩鸡2
2202,美国,6.8,魅力四射3
2203,美国,6.8,第一夫人的保镖
2204,中国大陆,6.8,红灯梦
2205,香港,6.8,群星会
2206,美国,6.8,不可思议
2207,美国,6.8,一路响叮当
2208,美国,6.8,威士忌、探戈、狐步舞
2209,美国,6.8,精灵鼠小弟3
2210,中国大陆,6.8,无底洞
2211,美国,6.8,圣诞精灵
2212,台湾,6.8,逆转胜
2213,美国,6.8,哈拉上路
2214,美国,6.8,神鬼愿望
2215,韩国,6.8,热情似火
2216,日本,6.8,六宅一生
2217,美国,6.8,插画情缘
2218,美国,6.8,小鬼魔鞋
2219,美国,6.8,盲目约会
2220,印度,6.8,新年行动
2221,美国,6.8,乐自芳邻来
2222,美国,6.8,那些爱人
2223,美国,6.8,伟大的巴克·霍华德
2224,香港,6.8,横财三千万
2225,美国,6.8,堕落指南
2226,美国,6.8,小马宝莉大电影
2227,德国,6.8,非我吉日
2228,比利时,6.8,东京婚约
2229,美国,6.8,黑色炸药
2230,美国,6.8,金粉世界
2231,美国,6.8,美国总统
2232,日本,6.8,大家早上好！
2233,日本,6.8,鸭川荷尔摩
2234,韩国,6.8,全顺粉女士绑架事件
2235,美国,6.8,迈耶罗维茨的故事
2236,日本,6.8,花之武者
2237,香港,6.8,情义我心知
2238,香港,6.8,广东五虎之铁拳无敌孙中山
2239,美国,6.8,开放的美国学府
2240,美国,6.8,高尔夫球也疯狂
2241,韩国,6.8,爸爸是女儿
2242,美国,6.8,比佛利山超级警探
2243,美国,6.8,美丽坏姐妹
2244,香港,6.8,天赐良缘
2245,美国,6.8,终极尖兵
2246,英国,6.8,时光大盗
2247,美国,6.8,斗牛士
2248,香港,6.8,小小小警察
2249,美国,6.8,纸人
2250,香港,6.8,开心勿语
2251,英国,6.8,标心者
2252,德国,6.8,真相大白
2253,香港,6.8,2人三足
2254,美国,6.8,橘郡男孩
2255,美国,6.8,神魂颠倒
2256,法国,6.8,马克斯我的爱
2257,韩国,6.8,请在鼓掌的时候离开
2258,香港,6.8,我爱扭纹柴
2259,香港,6.8,鬼叫春
2260,日本,6.8,超时空泡泡机
2261,韩国,6.8,恋爱的目的
2262,美国,6.8,杀了我吧
2263,香港,6.8,提防小手
2264,美国,6.8,爱情黑名单
2265,美国,6.8,亲吻新郎
2266,美国,6.8,狩猎聚会
2267,美国,6.8,小公寓
2268,德国,6.8,该死的歌德2
2269,中国大陆,6.7,美人鱼
2270,中国大陆,6.7,捉妖记
2271,中国大陆,6.7,我不是潘金莲
2272,中国大陆,6.7,缝纫机乐队
2273,中国大陆,6.7,河东狮吼
2274,香港,6.7,瘦身男女
2275,香港,6.7,月满轩尼诗
2276,韩国,6.7,那小子真帅
2277,香港,6.7,72家租客
2278,香港,6.7,夏日么么茶
2279,中国大陆,6.7,健忘村
2280,美国,6.7,27套礼服
2281,美国,6.7,霹雳娇娃
2282,香港,6.7,龙凤斗
2283,英国,6.7,真爱之吻
2284,美国,6.7,冰川时代5：星际碰撞
2285,美国,6.7,尖峰时刻2
2286,美国,6.7,世界末日
2287,韩国,6.7,特工强档
2288,美国,6.7,大学新生
2289,美国,6.7,两男变错身
2290,美国,6.7,邻家女优
2291,美国,6.7,猫狗大战
2292,美国,6.7,丑陋的真相
2293,美国,6.7,焦点
2294,美国,6.7,惊声尖笑3
2295,台湾,6.7,天边一朵云
2296,香港,6.7,黑侠
2297,韩国,6.7,我的见鬼女友
2298,美国,6.7,十日拍拖手册
2299,台湾,6.7,十七岁的天空
2300,美国,6.7,四眼天鸡
2301,香港,6.7,漫画威龙
2302,美国,6.7,安娜与国王
2303,美国,6.7,布鲁诺
2304,香港,6.7,师兄撞鬼
2305,香港,6.7,龙在少林
2306,日本,6.7,不要嘲笑我们的性
2307,美国,6.7,爸爸的好儿子
2308,美国,6.7,小鬼当家4
2309,英国,6.7,恋爱学分
2310,韩国,6.7,恋爱操作团
2311,美国,6.7,爱情无限谱
2312,美国,6.7,幸存的女孩
2313,香港,6.7,赌神3之少年赌神
2314,美国,6.7,辣手保姆
2315,美国,6.7,超级英雄
2316,美国,6.7,飙风战警
2317,美国,6.7,年轻时候
2318,美国,6.7,鼠来宝4：萌在囧途
2319,日本,6.7,鼹鼠之歌
2320,香港,6.7,开心鬼上错身
2321,香港,6.7,精装追女仔
2322,美国,6.7,五年之约
2323,美国,6.7,临终千言
2324,美国,6.7,捉鬼敢死队
2325,美国,6.7,丛林奇兵
2326,美国,6.7,冰刀双人组
2327,德国,6.7,留级之王
2328,美国,6.7,冒险乐园
2329,法国,6.7,侠盗魅影
2330,美国,6.7,谎言的诞生
2331,美国,6.7,鬼娃新娘
2332,美国,6.7,各有少年时
2333,韩国,6.7,随风而逝
2334,英国,6.7,性别之战
2335,香港,6.7,逃学外传
2336,美国,6.7,丛林大反攻2
2337,德国,6.7,夺金四贱客
2338,香港,6.7,伦文叙老点柳先开
2339,日本,6.7,菜鸟评审员
2340,美国,6.7,小屁孩日记3
2341,香港,6.7,富贵兵团
2342,美国,6.7,疯狂金车
2343,美国,6.7,双层公寓
2344,美国,6.7,征婚广告
2345,日本,6.7,变身西装
2346,香港,6.7,中国龙
2347,美国,6.7,大公司小老板
2348,美国,6.7,涉外大饭店2
2349,美国,6.7,尼姆岛
2350,香港,6.7,最佳福星
2351,美国,6.7,外出就餐2
2352,法国,6.7,纽约两日情
2353,美国,6.7,严肃的月光
2354,日本,6.7,是我是我
2355,法国,6.7,玛奇丝
2356,香港,6.7,老虎出更
2357,韩国,6.7,家族荣誉4：家门的受难
2358,香港,6.7,新最佳拍档
2359,香港,6.7,驱魔道长
2360,香港,6.7,猛鬼大厦
2361,香港,6.7,神勇飞虎霸王花
2362,韩国,6.7,家族荣誉2：家门的危机
2363,美国,6.7,女人领地
2364,美国,6.7,外出就餐
2365,西班牙,6.7,西班牙情事
2366,美国,6.7,孤独的人
2367,爱尔兰,6.7,爱情与友谊
2368,韩国,6.7,我的爱我的新娘
2369,美国,6.7,速度超越激情
2370,英国,6.7,X加Y
2371,韩国,6.7,侦探：开端
2372,韩国,6.7,总统早上好
2373,法国,6.7,火山对对碰
2374,美国,6.7,冷冻灵魂
2375,美国,6.7,飞机总动员2：火线救援
2376,香港,6.7,魂魄唔齐
2377,英国,6.7,奇异恐惧
2378,韩国,6.7,朝鲜男人在韩国
2379,西班牙,6.7,苏镇巫女
2380,日本,6.7,苦中带甜的滋味
2381,法国,6.7,缩水情人梦
2382,香港,6.7,神算
2383,韩国,6.7,蒙面达虎
2384,美国,6.7,感谢分享
2385,中国大陆,6.7,二十五个孩子一个爹
2386,中国大陆,6.7,就是闹着玩的
2387,香港,6.7,灵气逼人
2388,美国,6.7,贝城歹徒
2389,法国,6.7,圣诞奇妙公司
2390,韩国,6.7,头师父一体2
2391,美国,6.7,好家伙
2392,美国,6.7,老大靠边闪2
2393,英国,6.7,不惜一切
2394,英国,6.7,蓝眼睛米奇
2395,美国,6.7,杰克去划船
2396,英国,6.7,布克和海尔
2397,美国,6.7,天使的微笑
2398,美国,6.7,随爱沉沦
2399,香港,6.7,鬼马智多星
2400,美国,6.7,亚历克斯与艾玛
2401,加拿大,6.7,黑金风暴
2402,法国,6.7,爱情强气流
2403,韩国,6.7,永无结局的故事
2404,中国大陆,6.7,海带
2405,印度 India,6.7,年度最佳学生
2406,中国大陆,6.7,命运速递
2407,美国,6.7,割喉岛
2408,韩国,6.7,格斗术
2409,美国,6.7,乐高DC超级英雄：哥谭大越狱
2410,美国,6.7,电话情缘
2411,法国,6.7,敬畏
2412,美国,6.7,哈啦猛男秀
2413,美国,6.7,幻想之地
2414,美国,6.7,马桶妖怪2
2415,韩国,6.7,谋杀快乐
2416,德国,6.7,土耳其语入门
2417,香港,6.7,双肥临门
2418,美国,6.7,在我走之前
2419,法国,6.7,脸
2420,香港,6.7,不文骚
2421,日本,6.7,啦啦队之舞：女高中生用啦啦队舞蹈征服全美的真实故事
2422,香港,6.7,瘦虎肥龙
2423,美国,6.7,地理俱乐部
2424,美国,6.7,爱情和香烟
2425,美国,6.7,活跳尸2
2426,美国,6.7,巴黎假期
2427,美国,6.7,乖仔也疯狂
2428,美国,6.7,超级大骗子
2429,美国,6.7,诺贝尔赎金
2430,法国,6.7,我决定留下
2431,法国,6.7,游泳的女孩
2432,香港,6.7,双龙出海
2433,香港,6.7,南北妈打
2434,美国,6.7,生活伴侣
2435,香港,6.7,捉鬼合家欢
2436,法国,6.7,外交风云
2437,中国大陆,6.6,十二生肖
2438,中国大陆,6.6,大魔术师
2439,中国,6.6,夜·店
2440,美国,6.6,爱情无线牵
2441,美国,6.6,炮友
2442,台湾,6.6,一页台北
2443,美国,6.6,结婚大作战
2444,美国,6.6,魔法灰姑娘
2445,芬兰,6.6,钢铁苍穹
2446,美国,6.6,绯闻计划
2447,香港,6.6,十兄弟
2448,美国,6.6,律政俏佳人2
2449,美国,6.6,我配不上她
2450,香港,6.6,新扎师妹2
2451,香港,6.6,行运一条龙
2452,香港,6.6,冲锋车
2453,美国,6.6,特工争风
2454,香港,6.6,行运超人
2455,捷克,6.6,格林兄弟
2456,美国,6.6,惊声尖笑4
2457,美国,6.6,惊声尖笑2
2458,香港,6.6,飞虎出征
2459,韩国,6.6,我的野蛮女老师
2460,台湾,6.6,变身超人
2461,英国,6.6,战鸽总动员
2462,美国,6.6,四十岁的老处男
2463,美国,6.6,王子与我
2464,美国,6.6,完美音调2
2465,美国,6.6,奋斗的乔伊
2466,中国大陆,6.6,爱神
2467,美国,6.6,辣手警花
2468,香港,6.6,杀手之王
2469,美国,6.6,以眼杀人
2470,中国大陆,6.6,双城计中计
2471,美国,6.6,拯救小兔
2472,法国,6.6,郁金香芳芳
2473,韩国,6.6,长腿叔叔
2474,香港,6.6,神经刀与飞天猫
2475,美国,6.6,童军手册之僵尸启示录
2476,美国,6.6,日落之后
2477,中国大陆,6.6,鸡犬不宁
2478,西班牙,6.6,火腿，火腿
2479,美国,6.6,查理·威尔森的战争
2480,美国,6.6,圣诞怪杰
2481,香港,6.6,龙少爷
2482,香港,6.6,小飞侠
2483,美国,6.6,愤怒管理
2484,美国,6.6,拉里·克劳
2485,美国,6.6,四十而惑
2486,香港,6.6,最佳损友
2487,美国,6.6,葬礼上的死亡
2488,香港,6.6,异灵灵异2002
2489,美国,6.6,逃离地球
2490,美国,6.6,结婚证书
2491,美国,6.6,亚历山大和他最糟糕的一天
2492,美国,6.6,神探南茜
2493,中国大陆,6.6,万万没想到：千钧一发
2494,美国,6.6,美眉校探 电影版
2495,中国大陆,6.6,京都球侠
2496,南非,6.6,赞鸟历险记
2497,香港,6.6,生化寿尸
2498,美国,6.6,科学小怪蛋
2499,加拿大,6.6,狂野大自然
2500,美国,6.6,大丹麦狗马默杜克
2501,美国,6.6,跟别人睡了
2502,韩国,6.6,朝鲜名侦探：高山乌头花的秘密
2503,日本,6.6,湿濡的女人
2504,美国,6.6,王牌特派员
2505,加拿大,6.6,偷盗艺术
2506,美国,6.6,希望温泉
2465,美国,6.6,奋斗的乔伊
2466,中国大陆,6.6,爱神
2467,美国,6.6,辣手警花
2468,香港,6.6,杀手之王
2469,美国,6.6,以眼杀人
2470,中国大陆,6.6,双城计中计
2471,美国,6.6,拯救小兔
2472,法国,6.6,郁金香芳芳
2473,韩国,6.6,长腿叔叔
2474,香港,6.6,神经刀与飞天猫
2475,美国,6.6,童军手册之僵尸启示录
2476,美国,6.6,日落之后
2477,中国大陆,6.6,鸡犬不宁
2478,西班牙,6.6,火腿，火腿
2479,美国,6.6,查理·威尔森的战争
2480,美国,6.6,圣诞怪杰
2481,香港,6.6,龙少爷
2482,香港,6.6,小飞侠
2483,美国,6.6,愤怒管理
2484,美国,6.6,拉里·克劳
2485,美国,6.6,四十而惑
2486,香港,6.6,最佳损友
2487,美国,6.6,葬礼上的死亡
2488,香港,6.6,异灵灵异2002
2489,美国,6.6,逃离地球
2490,美国,6.6,结婚证书
2491,美国,6.6,亚历山大和他最糟糕的一天
2492,美国,6.6,神探南茜
2493,中国大陆,6.6,万万没想到：千钧一发
2494,美国,6.6,美眉校探 电影版
2495,中国大陆,6.6,京都球侠
2496,南非,6.6,赞鸟历险记
2497,香港,6.6,生化寿尸
2498,美国,6.6,科学小怪蛋
2499,加拿大,6.6,狂野大自然
2500,美国,6.6,大丹麦狗马默杜克
2501,美国,6.6,跟别人睡了
2502,韩国,6.6,朝鲜名侦探：高山乌头花的秘密
2503,日本,6.6,湿濡的女人
2504,美国,6.6,王牌特派员
2505,加拿大,6.6,偷盗艺术
2506,美国,6.6,希望温泉
2507,日本,6.6,我在一家黑公司上班，已经快撑不下去了
2508,德国,6.6,分手专家
2509,美国,6.6,地狱归来
2510,美国,6.6,住在家里的杰夫
2511,爱尔兰,6.6,如果的事
2512,泰国,6.6,变鬼
2513,香港,6.6,音乐僵尸
2514,韩国,6.6,告别单身
2515,美国,6.6,加州公路巡警
2516,美国,6.6,龙兄鼠弟
2517,香港,6.6,鬼新娘
2518,法国,6.6,高卢英雄大战凯撒王子
2519,香港,6.6,鬼打鬼之黄金道士
2520,美国,6.6,送子先生
2521,美国,6.6,震撼性教育
2522,美国,6.6,麦吉的计划
2523,法国,6.6,瑞奇
2524,美国,6.6,魅力四射4：一鼓作气
2525,香港,6.6,千王1991
2526,比利时,6.6,魔法总动员
2527,美国,6.6,第一次
2528,美国,6.6,如何抢银行
2529,香港,6.6,得闲饮茶
2530,泰国,6.6,恋爱超男女
2531,香港,6.6,义盖云天
2532,美国,6.6,我盛大的希腊婚礼2
2533,美国,6.6,情不自禁爱上你
2534,法国,6.6,洛洛
2535,日本,6.6,重返17岁
2536,香港,6.6,怪侠一枝梅
2537,墨西哥,6.6,我们是贵族
2538,美国,6.6,心在彼处
2539,日本,6.6,Z岛
2540,韩国,6.6,心心历险记
2541,美国,6.6,偷心俏佳人
2542,日本,6.6,县厅招待课
2543,香港,6.6,我老婆不是人
2544,香港,6.6,求爱反斗星
2545,美国,6.6,伴我梦游
2546,美国,6.6,爱情达阵
2547,巴西,6.6,未来之人
2548,美国,6.6,呆呆向前冲
2549,中国,6.6,夜玫瑰
2550,美国,6.6,幼儿园警探
2551,香港,6.6,猛鬼佛跳墙
2552,日本,6.6,窈窕舞妓
2553,香港,6.6,仙乐飘飘
2554,英国,6.6,新娘与偏见
2555,日本,6.6,早安秀
2556,美国,6.6,乡下姑娘
2557,香港,6.6,小生怕怕
2558,加拿大,6.6,女兵报到
2559,韩国,6.6,肩外的恋人
2560,美国,6.6,在这个世界
2561,美国,6.6,编剧情缘
2562,香港,6.6,神探朱古力
2563,韩国,6.6,麻婆岛
2564,美国,6.6,捉放爱
2565,英国,6.6,古巴浪人
2566,韩国,6.6,老小姐日记
2567,台湾,6.6,红孩儿大话火焰山
2568,韩国,6.6,钱袋
2569,德国,6.6,淑男奇遇记
2570,美国,6.6,平淡无奇的孩子
2571,美国,6.6,当铺大乱斗
2572,英国,6.6,旭日婚礼
2573,韩国,6.6,老幺
2574,韩国,6.6,救世主2：出租车司机
2575,美国,6.6,男人众生相
2576,香港,6.6,小男人周记
2577,美国,6.6,似曾相识
2578,韩国,6.6,光植的弟弟光泰
2579,美国,6.6,谁都想成为意大利人
2580,中国大陆,6.5,非诚勿扰2
2581,中国大陆,6.5,北京遇上西雅图之不二情书
2582,美国,6.5,采访
2583,香港,6.5,完美嫁衣
2584,香港,6.5,我老公不靠谱
2585,中国,6.5,高兴
2586,美国,6.5,冒牌天神2
2587,美国,6.5,霹雳娇娃2
2588,香港,6.5,我老婆未满十八岁
2589,美国,6.5,美人鱼
2590,香港,6.5,下一站…天后
2591,美国,6.5,一夜大肚
2592,美国,6.5,魔力麦克
2593,加拿大,6.5,美国派(番外篇)5：裸奔
2594,香港,6.5,干柴烈火
2595,美国,6.5,热浴盆时光机
2596,香港,6.5,赌侠1999
2597,美国,6.5,灰姑娘之舞动奇迹
2598,美国,6.5,别惹小孩
2599,韩国,6.5,机器人之恋
2600,美国,6.5,婚礼傲客
2601,美国,6.5,情迷拉斯维加斯
2602,美国,6.5,睡前故事
2603,日本,6.5,拜访者Q
2604,法国,6.5,了不起的菲丽西
2605,中国大陆,6.5,分手再说我爱你
2606,德国,6.5,动物总动员
2607,美国,6.5,鞋匠人生
2608,韩国,6.5,工作女郎
2609,美国,6.5,实习大叔
2610,美国,6.5,警察游戏
2611,挪威,6.5,艾玛好色
2612,中国大陆,6.5,跟踪孔令学
2613,美国,6.5,新年前夜
2614,美国,6.5,蠢蛋进化论
2615,韩国,6.5,爱情储蓄罐
2616,美国,6.5,坏妈妈
2617,法国,6.5,终极快递
2618,韩国,6.5,逃学威凤
2619,美国,6.5,哈拉十诫
2620,美国,6.5,鼠来宝3
2621,美国,6.5,大婚告急
2622,美国,6.5,总统千金欧游记
2623,德国,6.5,我爱贝克汉姆
2624,美国,6.5,忘掉莎拉·马歇尔
2625,日本,6.5,极道鲜师电影版
2626,美国,6.5,亨利的罪行
2627,美国,6.5,的士飚花
2628,英国,6.5,狗舍
2629,美国,6.5,戴夫号飞船
2630,美国,6.5,滑稽人物
2631,美国,6.5,卧底肥妈3
2632,美国,6.5,惊叫大电影
2633,美国,6.5,性感女特工
2634,韩国,6.5,请点赞
2635,美国,6.5,一吻定江山
2636,日本,6.5,高校痞子田中
2637,美国,6.5,猪头逛大街3
2638,香港,6.5,阴阳路2：我在你左右
2639,日本,6.5,脑内中毒大作战
2640,意大利,6.5,不知不觉诱惑你
2641,法国,6.5,橡皮轮胎杀手
2642,美国,6.5,临时特工
2643,美国,6.5,真命天子
2644,美国,6.5,单身汉
2645,中国大陆,6.5,情况不妙
2646,韩国,6.5,青春漫画
2647,英国,6.5,自杀四人组
2648,美国,6.5,外出就餐3:饕餮自助
2649,香港,6.5,龍咁威2003
2650,美国,6.5,安全没有保障
2651,中国大陆,6.5,那些五脊六兽的日子
2652,台湾,6.5,学校霸王
2653,美国,6.5,政坛混战
2654,美国,6.5,浪漫主义者
2655,日本,6.5,罗马浴场2
2656,英国,6.5,杀死汝伴
2657,香港,6.5,最佳损友闯情关
2658,香港,6.5,龙腾四海
2659,日本,6.5,达令是外国人
2660,英国,6.5,小混乱
2661,香港,6.5,笑拳怪招
2662,意大利,6.5,情人别为我哭泣
2663,美国,6.5,上海之吻
2664,日本,6.5,今天的吉良同学
2665,美国,6.5,怪医杜立德2
2666,台湾,6.5,茱丽叶
2667,美国,6.5,麻烦中的女人
2668,美国,6.5,迪兹先生
2669,香港,6.5,救世神棍
2670,韩国,6.5,女老师与女学生
2671,美国,6.5,怀胎九月
2672,英国,6.5,我之前的五位女友
2673,法国,6.5,玛·鲁特
2674,美国,6.5,猫王与尼克松
2675,韩国,6.5,落跑老爸
2676,美国,6.5,捉鬼敢死队2
2677,法国,6.5,不惜一切回巴黎
2678,韩国,6.5,家族荣誉3：家门的复活
2679,香港,6.5,龙凤智多星
2680,美国,6.5,她找我
2681,美国,6.5,浮沉洛杉矶
2682,中国大陆,6.5,考试一家亲
2683,泰国,6.5,30正美丽
2684,中国大陆,6.5,春风得意梅龙镇
2685,马来西亚,6.5,老师嫁老大
2686,日本,6.5,荒川爆笑团 电影版
2687,西班牙,6.5,奇奇欲爱世界
2688,美国,6.5,A片特攻队
2689,香港,6.5,运财智多星
2690,韩国,6.5,放学后的屋顶
2691,美国,6.5,甜蜜地狱之家
2692,新加坡,6.5,大喜事
2693,美国,6.5,失贞
2694,泰国,6.5,Oh！我的幽灵鬼
2695,South Korea,6.5,我爱上了朋友的姐姐
2696,美国,6.5,小尼基
2697,香港,6.5,霹雳大喇叭
2698,美国,6.5,窒色
2699,英国,6.5,农家小屋
2700,香港,6.5,青蛙王子
2701,美国,6.5,爱你就捧你
2702,马来西亚,6.5,结婚那件事
2703,韩国,6.5,大演员
2704,香港,6.5,废柴同盟
2705,意大利,6.5,激情信箱
2706,美国,6.5,一九四一
2707,美国,6.5,比佛利拜金狗2
2708,香港,6.5,返老还童
2709,香港,6.5,铁板烧
2710,日本,6.5,妖怪大战争
2711,美国,6.5,杂牌军东征
2712,台湾,6.5,行动代号：孙中山
2713,美国,6.5,北极的圣诞老人兄弟
2714,中国大陆,6.4,长江七号
2715,中国大陆,6.4,武林外传
2716,美国,6.4,忍者神龟：变种时代
2717,中国大陆,6.4,万有引力
2718,美国,6.4,泰迪熊2
2719,中国大陆,6.4,举起手来！
2720,香港,6.4,东京攻略
2721,美国,6.4,一个购物狂的自白
2722,美国,6.4,宿醉3
2723,香港,6.4,玻璃樽
2724,中国大陆,6.4,搞定岳父大人
2725,中国大陆,6.4,童梦奇缘
2726,美国,6.4,尖峰时刻3
2727,韩国,6.4,色即是空2
2728,美国,6.4,曼哈顿女佣
2729,美国,6.4,燃情主厨
2730,加拿大,6.4,美国派(番外篇)6：兄弟会
2731,美国,6.4,蓝精灵2
2732,香港,6.4,特务迷城
2733,韩国,6.4,搭讪的法则
2734,美国,6.4,床伴逐个数
2735,美国,6.4,情敌复仇战
2736,香港,6.4,一本漫画闯天涯
2737,香港,6.4,见鬼十法
2738,美国,6.4,超完美男人
2739,中国大陆,6.4,熊出没之夺宝熊兵
2740,美国,6.4,摇滚夏令营
2741,香港,6.4,最佳女婿
2742,日本,6.4,女主角失格
2743,英国,6.4,魔法老师
2744,美国,6.4,超级英雄
2745,美国,6.4,换精计划
2746,日本,6.4,罗马浴场
2747,韩国,6.4,奴隶情人
2748,美国,6.4,上海正午2：上海骑士
2749,英国,6.4,凯撒万岁
2750,美国,6.4,人面兽心
2751,美国,6.4,关于史蒂夫的一切
2752,美国,6.4,怎么又是你
2753,美国,6.4,真情假爱
2754,美国,6.4,猫狗大战：珍珠猫复仇
2755,美国,6.4,为什么是他？
2756,美国,6.4,狱前教育
2757,美国,6.4,美国甜心
2758,美国,6.4,蒙特卡洛
2759,美国,6.4,新郎不是我
2760,香港,6.4,赌霸
2761,韩国,6.4,两个婚礼一个葬礼
2762,美国,6.4,破处之旅
2763,美国,6.4,青春大反抗
2764,韩国,6.4,淘气少女求爱记
2765,美国,6.4,流言蜚语
2766,美国,6.4,飞机总动员
2767,美国,6.4,遇见波莉
2768,美国,6.4,纽约客@上海
2769,美国,6.4,孕期完全指导
2770,美国,6.4,老爸当家
2771,美国,6.4,末日情缘
2772,英国,6.4,一年之痒
2773,美国,6.4,黄铜茶壶
2774,美国,6.4,安全邻域
2775,香港,6.4,精装追女仔之2
2776,韩国,6.4,双面女友
2777,韩国,6.4,家族荣誉
2778,香港,6.4,阴阳路3：升棺发财
2779,英国,6.4,撒哈拉
2780,美国,6.4,老家伙
2781,美国,6.4,蠢蛋搞怪秀4：坏外公
2782,香港,6.4,一狱一世界：高登阔少蹲监日记
2783,香港,6.4,画中仙
2784,美国,6.4,美国空姐
2785,香港,6.4,杀妻2人组
2786,罗马尼亚,6.4,查理必死
2787,美国,6.4,三个臭皮匠
2788,日本,6.4,结婚欺诈师
2789,韩国,6.4,食客
2790,美国,6.4,老娘说了算
2791,香港,6.4,92霸王花与霸王花
2792,韩国,6.4,完美广播
2793,美国,6.4,盗墓人
2794,香港,6.4,急冻奇侠
2795,美国,6.4,即时发生
2796,美国,6.4,拳王开饭馆
2797,中国大陆,6.4,云下的日子
2798,美国,6.4,单身男子俱乐部
2799,香港,6.4,爱上百分百英雄
2800,韩国,6.4,我女友的男朋友
2801,德国,6.4,速度与激情之A2狂飙
2802,美国,6.4,国家保安
2803,美国,6.4,婚礼上的玛戈特
2804,中国大陆,6.4,二龙湖浩哥之风云再起
2805,美国,6.4,长毛狗
2806,韩国,6.4,地狱奶奶
2807,香港,6.4,百分百感觉2
2808,香港,6.4,福星闯江湖
2809,美国,6.4,两个头一个大
2810,香港,6.4,一屋哨牙鬼
2811,美国,6.4,重返初遇之夜
2812,韩国,6.4,爸爸喜欢女人
2813,美国,6.4,结婚纪念日
2814,香港,6.4,人吓鬼
2815,韩国,6.4,因为爱
2816,美国,6.4,美国梦
2817,香港,6.4,爱情白面包
2818,意大利,6.4,熟男要结婚
2819,美国,6.4,妖魔大闹唐人街
2820,爱尔兰,6.4,吸引法则
2821,美国,6.4,流行教母
2822,日本,6.4,应援团少女
2823,美国,6.4,学生闹翻天
2824,韩国,6.4,无法阻挡的婚姻
2825,香港,6.4,新扎师兄追女仔
2826,香港,6.4,十分钟情
2827,韩国,6.4,间谍
2828,美国,6.4,神的孩子奇遇记
2829,法国,6.4,至尊对决
2830,美国,6.4,巨星总动员
2831,台湾,6.4,青田街一号
2832,香港,6.4,芝士火腿
2833,美国,6.4,蝙蝠侠与哈莉·奎恩
2834,荷兰,6.4,在商言商
2835,泰国,6.4,床边侦探
2836,美国,6.4,布偶大电影之最高通缉
2837,法国,6.4,爱情重击
2838,美国,6.4,空中塞车
2839,中国大陆,6.4,一路向南
2840,韩国,6.4,幽灵鬼屋
2841,香港,6.4,鬼赌鬼
2842,日本,6.4,凭神
2843,香港,6.4,金装大酒店
2844,法国,6.4,OSS117之开罗谍影
2845,韩国,6.4,二楼的恶人
2846,香港,6.4,电影鸭
2847,香港,6.4,财叔之横扫千军
2848,美国,6.4,万圣年代
2849,香港,6.4,精灵变
2850,美国,6.4,男生女生黑白配
2851,意大利,6.4,爱情手册3
2852,美国,6.4,成人世界
2853,美国,6.4,圣烟
2854,香港,6.3,全城热恋
2855,中国大陆,6.3,一步之遥
2856,中国大陆,6.3,神话
2857,中国大陆,6.3,爱情呼叫转移
2858,中国大陆,6.3,十万个冷笑话
2859,香港,6.3,低俗喜剧
2860,美国,6.3,忍者神龟2：破影而出
2861,美国,6.3,黑暗阴影
2862,中国大陆,6.3,新天生一对
2863,美国,6.3,唐璜
2864,中国大陆,6.3,千杯不醉
2865,香港,6.3,忍者神龟
2866,美国,6.3,幸运查克
2867,香港,6.3,金鸡SSS
2868,美国,6.3,上海正午
2869,香港,6.3,特警新人类
2870,中国大陆,6.3,喜羊羊与灰太狼之牛气冲天
2871,美国,6.3,美国派(番外篇)4：集体露营
2872,韩国,6.3,我的老婆是大佬
2873,香港,6.3,刀剑笑
2874,香港,6.3,呖咕呖咕新年财
2875,美国,6.3,付出与收获
2876,美国,6.3,拜见岳父大人3
2877,香港,6.3,飞砂风中转
2878,美国,6.3,下流祖父
2879,香港,6.3,矮仔多情
2880,韩国,6.3,金馆长对金馆长对金馆长
2881,美国,6.3,恋爱刺客
2882,美国,6.3,电影43
2883,美国,6.3,公主保护计划
2884,美国,6.3,丛林有情狼
2885,美国,6.3,蓝精灵：寻找神秘村
2886,美国,6.3,非常小特务
2887,美国,6.3,花木兰2
2888,韩国,6.3,偷心贼
2889,香港,6.3,爆笑角斗士
2890,香港,6.3,有情饮水饱
2891,韩国,6.3,突然变异
2892,香港,6.3,贱精先生
2893,韩国,6.3,谁都有秘密
2894,加拿大,6.3,抢劫坚果店
2895,美国,6.3,惊魂半小时
2896,美国,6.3,蒙羞之旅
2897,英国,6.3,新乌龙女校2：弗里顿的黄金的传奇
2898,香港,6.3,小偷阿星
2899,美国,6.3,长大成人2
2900,美国,6.3,新婚告急
2901,美国,6.3,生活残骸
2902,西班牙,6.3,酒吧
2903,美国,6.3,肥佬教授
2904,中国大陆,6.3,东北偏北
2905,美国,6.3,牙仙
2906,美国,6.3,永远十六岁
2907,韩国,6.3,八面玲珑的申小姐
2908,香港,6.3,豪情
2909,美国,6.3,神探加吉特
2910,美国,6.3,今晚带我回家
2911,美国,6.3,王牌大贱谍
2912,香港,6.3,水浒笑传
2913,美国,6.3,超狗任务
2914,德国,6.3,怪兽婆婆
2915,美国,6.3,凯特的外遇日记
2916,美国,6.3,整十码
2917,韩国,6.3,我的野蛮初恋
2918,美国,6.3,追爱自由行
2919,韩国,6.3,那天的氛围
2920,中国大陆,6.3,2B青年的不醉人生
2879,香港,6.3,矮仔多情
2880,韩国,6.3,金馆长对金馆长对金馆长
2881,美国,6.3,恋爱刺客
2882,美国,6.3,电影43
2883,美国,6.3,公主保护计划
2884,美国,6.3,丛林有情狼
2885,美国,6.3,蓝精灵：寻找神秘村
2886,美国,6.3,非常小特务
2887,美国,6.3,花木兰2
2888,韩国,6.3,偷心贼
2889,香港,6.3,爆笑角斗士
2890,香港,6.3,有情饮水饱
2891,韩国,6.3,突然变异
2892,香港,6.3,贱精先生
2893,韩国,6.3,谁都有秘密
2894,加拿大,6.3,抢劫坚果店
2895,美国,6.3,惊魂半小时
2896,美国,6.3,蒙羞之旅
2897,英国,6.3,新乌龙女校2：弗里顿的黄金的传奇
2898,香港,6.3,小偷阿星
2899,美国,6.3,长大成人2
2900,美国,6.3,新婚告急
2901,美国,6.3,生活残骸
2902,西班牙,6.3,酒吧
2903,美国,6.3,肥佬教授
2904,中国大陆,6.3,东北偏北
2905,美国,6.3,牙仙
2906,美国,6.3,永远十六岁
2907,韩国,6.3,八面玲珑的申小姐
2908,香港,6.3,豪情
2909,美国,6.3,神探加吉特
2910,美国,6.3,今晚带我回家
2911,美国,6.3,王牌大贱谍
2912,香港,6.3,水浒笑传
2913,美国,6.3,超狗任务
2914,德国,6.3,怪兽婆婆
2915,美国,6.3,凯特的外遇日记
2916,美国,6.3,整十码
2917,韩国,6.3,我的野蛮初恋
2918,美国,6.3,追爱自由行
2919,韩国,6.3,那天的氛围
2920,中国大陆,6.3,2B青年的不醉人生
2921,美国,6.3,蔓延
2922,美国,6.3,战略高手
2923,美国,6.3,安妮：纽约奇缘
2924,美国,6.3,王牌大贱谍2
2925,香港,6.3,武侠七公主
2926,美国,6.3,模范贱兄弟
2927,美国,6.3,最后约翰死了
2928,香港,6.3,五福星撞鬼
2929,罗马尼亚,6.3,鬼娃孽种
2930,香港,6.3,笑八仙
2931,法国,6.3,不忠者
2932,香港,6.3,运财五福星
2933,美国,6.3,瑞奇和闪电
2934,韩国,6.3,吝啬罗曼史
2935,英国,6.3,杀回归家路
2936,美国,6.3,嗨翻姐妹行
2937,美国,6.3,超异能快感
2938,英国,6.3,断头气
2939,法国,6.3,我的爸爸是森林之王
2940,中国大陆,6.3,一只狗的大学时光
2941,韩国,6.3,大庆典
2942,美国,6.3,英语老师
2943,韩国,6.3,不良男女
2944,韩国,6.3,连理枝
2945,香港,6.3,中环英雄
2946,美国,6.3,斯通家族
2947,香港,6.3,死开啲啦
2948,德国,6.3,呆呆精灵
2949,美国,6.3,气象女孩
2950,韩国,6.3,全国歌唱竞赛
2951,香港,6.3,爱您爱到杀死您
2952,香港,6.3,追击8月15
2953,美国,6.3,小鬼神偷
2954,美国,6.3,老爸当家2
2955,美国,6.3,赤足
2956,日本,6.3,不干了，我开除了黑心公司
2957,香港,6.3,欢乐叮当
2958,日本,6.3,牛郎俱乐部
2959,香港,6.3,龙神太子
2960,美国,6.3,红色警探
2961,美国,6.3,昆宝出拳
2962,香港,6.3,珠光宝气
2963,美国,6.3,婚礼大斗阵
2964,美国,6.3,姐妹情深
2965,日本,6.3,吸血少女大战再生萝莉
2966,英国,6.3,情色大亨
2967,香港,6.3,香港沦陷
2968,香港,6.3,人有三急
2969,泰国,6.3,真爱
2970,日本,6.3,银之匙 真人版
2971,英国,6.3,诱饵新娘
2972,日本,6.3,坏家伙
2973,英国,6.3,浩劫妙冤家
2974,香港,6.3,猛鬼通宵陪住你
2975,意大利,6.3,他们叫我吉克
2976,日本,6.3,明乌
2977,美国,6.3,大叔阿什比
2978,香港,6.3,谁是鬼?
2979,香港,6.3,捉鬼大师
2980,美国,6.3,毒醉心迷
2981,香港,6.3,踢到宝
2982,英国,6.3,乌龙特派员
2983,美国,6.3,浪荡子
2984,美国,6.3,塔拉德加之夜
2985,台湾,6.3,笑林老祖
2986,土耳其,6.3,重拾人生
2987,韩国,6.3,恋爱魔术师
2988,韩国,6.3,遗憾的都市
2989,香港,6.3,千面天王
2990,美国,6.3,魔鬼二世
2991,韩国,6.3,杀掉我
2992,美国,6.3,邮政恐怖份子
2993,美国,6.3,爱得没话说
2994,香港,6.3,偷吻
2995,美国,6.3,基友大过天
2996,美国,6.2,海扁王2
2997,中国大陆,6.2,夏日乐悠悠
2998,香港,6.2,春田花花同学会
2999,美国,6.2,整编特工
3000,中国大陆,6.2,失忆界女王
3001,美国,6.2,别惹佐汉
3002,美国,6.2,剩女也疯狂
3003,香港,6.2,赌侠大战拉斯维加斯
3004,美国,6.2,罗马情缘
3005,美国,6.2,初恋从打嗝开始
3006,美国,6.2,超人高校
3007,韩国,6.2,B型男友
3008,美国,6.2,百货战警
3009,美国,6.2,毕业生生存指南
3010,香港,6.2,大佬爱美丽
3011,美国,6.2,女校风波
3012,香港,6.2,绝代双骄
3013,美国,6.2,神偷艳贼
3014,美国,6.2,动物园看守
3015,美国,6.2,特工佳丽2：武力巾帼
3016,香港,6.2,悭钱家族
3017,中国大陆,6.2,喜羊羊与灰太狼之兔年顶呱呱
3018,日本,6.2,新宿天鹅
3019,英国,6.2,街区大作战
3020,美国,6.2,阿呆与阿瓜2
3021,香港,6.2,九个女仔一只鬼
3022,美国,6.2,侦探拍档
3023,香港,6.2,摩登如来神掌
3024,中国大陆,6.2,麦兜·饭宝奇兵
3025,美国,6.2,亚瑟
3026,韩国,6.2,妻子结婚了
3027,日本,6.2,逆转裁判
3028,美国,6.2,威震八方
3029,香港,6.2,冲锋陷阵
3030,香港,6.2,大丈夫2
3031,中国大陆,6.2,愤怒的小孩
3032,中国大陆,6.2,熊出没之熊心归来
3033,英国,6.2,伦敦佬对抗活死人
3034,香港,6.2,西谎极落之太爆太子太空舱
3035,美国,6.2,先婚后友
3036,美国,6.2,兽餐
3037,美国,6.2,非常小特务2
3038,香港,6.2,单身部落
3039,香港,6.2,中华赌侠
3040,韩国,6.2,男友从军记
3041,香港,6.2,火云传奇
3042,法国,6.2,阿拉丁与神灯
3043,美国,6.2,王牌大贱谍3
3044,美国,6.2,初来乍到
3045,香港,6.2,功夫小子闯情关
3046,香港,6.2,绝代双娇
3047,韩国,6.2,缘分的天梯
3048,香港,6.2,精装追女仔2004
3049,美国,6.2,瑜伽熊
3050,美国,6.2,王牌播音员
3051,美国,6.2,混合宿舍
3052,美国,6.2,爱之女巫
3053,美国,6.2,橘子
3054,美国,6.2,乐高幻影忍者大电影
3055,中国大陆,6.2,小鱼吃大鱼
3056,美国,6.2,母亲节
3057,美国,6.2,格林伯格
3058,香港,6.2,整蛊王
3059,香港,6.2,喷火女郎
3060,中国大陆,6.2,陈翔六点半之废话少说
3061,韩国,6.2,间谍
3062,美国,6.2,遇见比尔
3063,法国,6.2,禁欲40天
3064,美国,6.2,大学之旅
3065,美国,6.2,高中学生会长暗杀事件
3066,日本,6.2,鼹鼠之歌2：香港狂骚曲
3067,香港,6.2,逃学英雄传
3068,美国,6.2,阿呆闯学堂
3069,法国,6.2,神奇手机
3070,美国,6.2,抢钱袋鼠
3071,美国,6.2,26种新死法
3072,美国,6.2,放声大笑
3073,香港,6.2,蜜桃成熟时1997
3074,韩国,6.2,外遇的好日子
3075,美国,6.2,彻夜狂欢
3076,美国,6.2,异形魔怪2
3077,美国,6.2,诱惑法则
3078,英国,6.2,塔玛拉·德鲁
3079,美国,6.2,国际杀手的真实回忆录
3080,香港,6.2,百分百感觉2003
3081,美国,6.2,好莱坞重案组
3082,美国,6.2,哈拉猛男秀2:欧洲种马
3083,美国,6.2,我要升职
3084,香港,6.2,至尊计状元才
3085,美国,6.2,食人鱼
3086,韩国,6.2,朝鲜名侦探：奴隶的女儿
3087,香港,6.2,凶猫
3088,美国,6.2,甜心辣舞 2
3089,英国,6.2,007别传之皇家夜总会
3090,香港,6.2,沙滩仔与周师奶
3091,美国,6.2,黑骑士
3092,香港,6.2,求爱敢死队
3093,韩国,6.2,你好我的爱
3094,中国大陆,6.2,三十八度
3095,韩国,6.2,天军
3096,美国,6.2,伴娘复仇记
3097,美国,6.2,魅力四射2
3098,美国,6.2,猪头，我的车咧？
3099,香港,6.2,摩登仙履奇缘
3100,韩国,6.2,甜蜜的谎言
3101,美国,6.2,快乐丧尸
3102,美国,6.2,雪崩行动
3103,韩国,6.2,事物的秘密
3104,中国大陆,6.1,前任攻略
3105,中国大陆,6.1,情圣
3106,美国,6.1,邻家特工
3107,中国大陆,6.1,窈窕绅士
3108,美国,6.1,像素大战
3109,美国,6.1,魔法师的学徒
3110,香港,6.1,芭啦芭啦樱之花
3111,中国大陆,6.1,硬汉
3112,美国,6.1,暮色大电影
3113,美国,6.1,邻家大贱谍
3114,美国,6.1,邻居大战
3115,香港,6.1,猪扒大联盟
3116,美国,6.1,乌龙特工
3117,中国大陆,6.1,脱轨时代
3118,美国,6.1,赏金猎手
3119,中国大陆,6.1,戒烟不戒酒
3120,香港,6.1,正牌韦小宝之奉旨沟女
3121,美国,6.1,迷镇凶案
3122,香港,6.1,2012喜上加喜
3123,日本,6.1,变态假面
3124,美国,6.1,鸡皮疙瘩
3125,美国,6.1,恶老板2
3126,中国大陆,6.1,天生一对
3127,美国,6.1,从普拉达到纳达
3128,美国,6.1,二流警探
3129,美国,6.1,复制娇妻
3130,美国,6.1,丑女也有春天
3131,美国,6.1,蒸发的摩根夫妇
3132,美国,6.1,身份窃贼
3133,香港,6.1,这个夏天有异性
3134,香港,6.1,绝世好宾
3135,美国,6.1,新邻里联防
3136,美国,6.1,赖家王老五
3137,香港,6.1,辣手回春
3138,韩国,6.1,车警官
3139,美国,6.1,明星之恋
3140,中国大陆,6.1,金太狼的幸福生活
3141,美国,6.1,史酷比
3142,意大利,6.1,爱我多深
3143,美国,6.1,心碎度蜜月
3144,香港,6.1,黄飞鸿对黄飞鸿
3145,美国,6.1,佐州自救兄弟
3146,英国,6.1,观光客
3147,美国,6.1,小矮人
3148,韩国,6.1,最强罗曼史
3149,香港,6.1,魔翡翠
3150,日本,6.1,星期恋人：后篇
3151,美国,6.1,代孕妈妈
3152,香港,6.1,七年很痒
3153,香港,6.1,一本漫画闯天涯II妙想天开
3154,美国,6.1,一夜情未了
3155,韩国,6.1,音痴诊所
3156,美国,6.1,疯狂躲避球
3157,美国,6.1,脱衣舞娘
3158,香港,6.1,龙咁威2
3159,美国,6.1,老友有喜
3160,美国,6.1,完美学分
3161,美国,6.1,灰姑娘的故事3
3162,美国,6.1,性和死亡101
3163,中国大陆,6.1,四戒
3164,韩国,6.1,官能的法则
3165,加拿大,6.1,冰雪大作战
3166,美国,6.1,婚礼专家
3167,日本,6.1,本能寺酒店
3168,韩国,6.1,云霄飞车
3169,加拿大,6.1,少年特工科迪
3170,香港,6.1,七侠五义之五鼠闹东京
3171,香港,6.1,失业皇帝
3172,韩国,6.1,7号室
3173,丹麦,6.1,初恋从打嗝开始
3174,美国,6.1,腊肠狗
3175,韩国,6.1,九尾狐家族
3176,中国大陆,6.1,猪太狼的夏天
3177,韩国,6.1,假装热情
3178,美国,6.1,第一千金
3179,美国,6.1,酒肉朋友
3180,美国,6.1,追债大乱斗
3181,美国,6.1,互换青春
3182,英国,6.1,我想要凯蒂
3183,韩国,6.1,1724妓房动乱事件
3184,美国,6.1,魅力四射：战斗到最后一刻
3185,法国,6.1,月行者
3186,美国,6.1,鬼屋
3187,韩国,6.1,打架
3188,美国,6.1,英格丽向西行
3189,美国,6.1,我是间谍
3190,香港,6.1,青楼十二房
3191,中国大陆,6.1,昆塔：盒子总动员
3192,英国,6.1,阿尔法爸爸
3193,美国,6.1,赛勒斯
3194,中国大陆,6.1,狂奔蚂蚁
3195,美国,6.1,女神探沃莎斯基
3196,美国,6.1,A片猛男日记
3197,韩国,6.1,马屁王
3198,韩国,6.1,清潭菩萨
3199,泰国,6.1,爱要来了
3200,加拿大,6.1,花花性事
3201,香港,6.1,一招半式闯江湖
3202,美国,6.1,钻石狗
3203,香港,6.1,我爱777
3204,美国,6.1,欢迎来到我的世界
3205,美国,6.1,逃脱
3206,韩国,6.1,危险的见面礼
3207,美国,6.1,爱情病人
3208,韩国,6.1,保安官
3209,美国,6.1,辣妹保镖
3210,中国大陆,6.0,非常完美
3211,中国大陆,6.0,女人不坏
3212,中国大陆,6.0,爸爸去哪儿
3213,中国大陆,6.0,绝世高手
3214,香港,6.0,韩城攻略
3215,中国大陆,6.0,假装情侣
3216,中国大陆,6.0,决战刹马镇
3217,香港,6.0,华丽上班族
3218,台湾,6.0,等一个人咖啡
3219,中国大陆,6.0,坏蛋必须死
3220,美国,6.0,冥界警局
3221,美国,6.0,神奇燕尾服
3222,香港,6.0,男人不可以穷
3223,美国,6.0,废柴特工
3224,香港,6.0,鬼马狂想曲
3225,台湾,6.0,追爱大布局
3226,台湾,6.0,爱到底
3227,日本,6.0,哥哥太爱我了怎么办
3228,美国,6.0,格列佛游记
3229,台湾,6.0,甜蜜杀机
3230,美国,6.0,青春舞会皇后
3231,美国,6.0,情色自拍
3232,美国,6.0,前女友们的幽灵
3233,香港,6.0,玉女添丁
3234,香港,6.0,戏王之王
3235,美国,6.0,火鸡总动员
3236,香港,6.0,我的野蛮同学
3237,美国,6.0,超级魔术师
3238,德国,6.0,只是朋友
3239,韩国,6.0,爱情真可怕
3240,韩国,6.0,我的老婆是大佬2
3241,美国,6.0,新天师斗僵尸
3242,美国,6.0,伴侣度假村
3243,香港,6.0,情迷大话王
3244,美国,6.0,保姆奇遇记
3245,香港,6.0,这个阿爸真爆炸
3246,美国,6.0,留级之王2
3247,中国大陆,6.0,追爱
3248,美国,6.0,留级之王3
3249,美国,6.0,怪兽卡车
3250,日本,6.0,巨乳排球
3251,美国,6.0,五路追杀令2：刺客舞会
3252,美国,6.0,四喜临门
3253,韩国,6.0,恋爱的味道
3254,美国,6.0,战争机器
3255,香港,6.0,六壮士
3256,香港,6.0,不扣钮的女孩
3257,美国,6.0,少女特工队
3258,法国,6.0,时空穿越者
3259,美国,6.0,犯罪大师
3260,美国,6.0,同居三人行
3261,韩国,6.0,总统浪漫史
3262,美国,6.0,摇滚青春2
3263,美国,6.0,非亲兄弟
3264,美国,6.0,圣诞前夜
3265,美国,6.0,战争公司
3266,中国大陆,6.0,幸福中转栈
3267,美国,6.0,王牌播音员2
3268,日本,6.0,高台家的成员
3269,韩国,6.0,夜之女王
3270,法国,6.0,迈阿密行动
3271,美国,6.0,好男孩
3272,日本,6.0,婚前特急
3273,美国,6.0,出狱一团糟
3274,美国,6.0,三脚猫部队
3275,香港,6.0,精装追女仔3之狼之一族
3276,香港,6.0,最佳拍档之醉街拍档
3277,USA,6.0,少年魔法师电影版
3278,韩国,6.0,食客2：泡菜战争
3279,英国,6.0,唐·海明威
3280,香港,6.0,不道德的礼物
3281,香港,6.0,甜丝丝
3282,美国,6.0,激情热线
3283,美国,6.0,另一部同志电影
3284,英国,6.0,走火交易
3285,美国,6.0,婚宴桌牌19号
3286,美国,6.0,商务囧途
3287,德国,6.0,床事不过三
3288,中国大陆,6.0,老虎都要嫁
3289,美国,6.0,压榨
3290,韩国,6.0,间谍女孩
3291,美国,6.0,致命禁闭
3292,香港,6.0,妖怪都市
3293,西班牙,6.0,阿纳克莱托：特务密探
3294,美国,6.0,兽餐2
3295,美国,6.0,她是我的全部
3296,美国,6.0,外出就餐5：开放性周末
3297,香港,6.0,醉马骝
3298,韩国,6.0,我男朋友的罗曼史
3299,香港,6.0,黑豹天下
3300,美国,6.0,佩姬苏要出嫁
3301,法国,6.0,青春期的法国男孩
3302,美国,6.0,浑身是劲
3303,美国,6.0,发明之父
3304,西班牙,6.0,我需要你
3305,芬兰,6.0,稀有出口：圣诞传说
3306,英国,6.0,海岸大捕怪
3307,美国,6.0,明星雇员
3308,澳大利亚,6.0,好男人不多
3309,美国,6.0,末日灾难
3310,美国,6.0,邪恶新世界
3311,西班牙,6.0,性，派对和谎言
3312,美国,6.0,糊涂侦探：失控的布鲁斯和洛伊德
3313,法国,6.0,性喜剧
3314,中国大陆,5.9,煎饼侠
3315,台湾,5.9,恋爱通告
3316,中国大陆,5.9,咱们结婚吧
3317,香港,5.9,花好月圆
3318,美国,5.9,白雪公主之魔镜魔镜
3319,中国大陆,5.9,太极2：英雄崛起
3320,中国大陆,5.9,爱出色
3321,香港,5.9,最爱女人购物狂
3322,中国大陆,5.9,百年好合
3323,美国,5.9,环游地球八十天
3324,美国,5.9,超能敢死队
3325,中国大陆,5.9,形影不离
3326,芬兰,5.9,极地大冒险2
3327,加拿大,5.9,撕裂人
3328,香港,5.9,大搜查之女
3329,美国,5.9,校园兔女郎
3330,香港,5.9,内衣少女
3331,美国,5.9,这不是斯巴达
3332,美国,5.9,家有仙妻
3333,香港,5.9,雀圣2：自摸天后
3334,德国,5.9,特工的特别任务
3294,美国,6.0,兽餐2
3295,美国,6.0,她是我的全部
3296,美国,6.0,外出就餐5：开放性周末
3297,香港,6.0,醉马骝
3298,韩国,6.0,我男朋友的罗曼史
3299,香港,6.0,黑豹天下
3300,美国,6.0,佩姬苏要出嫁
3301,法国,6.0,青春期的法国男孩
3302,美国,6.0,浑身是劲
3303,美国,6.0,发明之父
3304,西班牙,6.0,我需要你
3305,芬兰,6.0,稀有出口：圣诞传说
3306,英国,6.0,海岸大捕怪
3307,美国,6.0,明星雇员
3308,澳大利亚,6.0,好男人不多
3309,美国,6.0,末日灾难
3310,美国,6.0,邪恶新世界
3311,西班牙,6.0,性，派对和谎言
3312,美国,6.0,糊涂侦探：失控的布鲁斯和洛伊德
3313,法国,6.0,性喜剧
3314,中国大陆,5.9,煎饼侠
3315,台湾,5.9,恋爱通告
3316,中国大陆,5.9,咱们结婚吧
3317,香港,5.9,花好月圆
3318,美国,5.9,白雪公主之魔镜魔镜
3319,中国大陆,5.9,太极2：英雄崛起
3320,中国大陆,5.9,爱出色
3321,香港,5.9,最爱女人购物狂
3322,中国大陆,5.9,百年好合
3323,美国,5.9,环游地球八十天
3324,美国,5.9,超能敢死队
3325,中国大陆,5.9,形影不离
3326,芬兰,5.9,极地大冒险2
3327,加拿大,5.9,撕裂人
3328,香港,5.9,大搜查之女
3329,美国,5.9,校园兔女郎
3330,香港,5.9,内衣少女
3331,美国,5.9,这不是斯巴达
3332,美国,5.9,家有仙妻
3333,香港,5.9,雀圣2：自摸天后
3334,德国,5.9,特工的特别任务
3335,美国,5.9,拜金女郎
3336,香港,5.9,悬赏
3337,台湾,5.9,爱的面包魂
3338,韩国,5.9,我的老婆是大佬3
3339,中国大陆,5.9,李可乐寻人记
3340,英国,5.9,拯救大明星
3341,中国大陆,5.9,天下第二
3342,美国,5.9,王子殿下
3343,中国大陆,5.9,最佳嫌疑人
3344,美国,5.9,嘿咻卡
3345,美国,5.9,21岁派对
3346,美国,5.9,我去世的吃醋女友
3347,香港,5.9,坏小子特攻
3348,英国,5.9,国王的全息图
3349,美国,5.9,盛大婚礼
3350,香港,5.9,爱情攻略
3351,美国,5.9,我的意外老公
3352,台湾,5.9,大尾鲈鳗
3353,泰国,5.9,这个高中没有鬼
3354,美国,5.9,完美音调3
3355,香港,5.9,死神傻了
3356,香港,5.9,九二神雕之痴心情长剑
3357,美国,5.9,八脚怪
3358,美国,5.9,小鬼当家5
3359,香港,5.9,赌圣3：无名小子
3360,西班牙,5.9,空乘情人
3361,中国大陆,5.9,看不见的女朋友
3362,韩国,5.9,捉奸侦探
3363,美国,5.9,啦啦队夏令营
3364,美国,5.9,杀妻同盟军
3365,意大利,5.9,处女地
3366,泰国,5.9,爱4狂潮
3367,香港,5.9,完美情人
3368,美国,5.9,佐州自救兄弟2
3369,台湾,5.9,52赫兹，我爱你
3370,美国,5.9,大明星从军记
3371,美国,5.9,明星伙伴
3372,日本,5.9,小双侠
3373,美国,5.9,千金傲游记
3374,美国,5.9,荒唐六蛟龙
3375,美国,5.9,怪物大乱斗
3376,美国,5.9,毕业舞会
3377,中国大陆,5.9,大耳朵图图之美食狂想曲
3378,美国,5.9,死神有约：死后的生活
3379,荷兰,5.9,杀人电梯
3380,美国,5.9,疯狂修道院
3381,美国,5.9,终极神鹰
3382,日本,5.9,A片现场不NG
3383,美国,5.9,偶像有约
3384,日本,5.9,真田十勇士 真人版
3385,美国,5.9,爱娃的爱
3386,美国,5.9,半职业选手
3387,香港,5.9,神龙赌圣之旗开得胜
3388,香港,5.9,爱在娱乐圈的日子
3389,美国,5.9,情场玩咖
3390,美国,5.9,后裔
3391,美国,5.9,大假一场
3392,美国,5.9,戴夫造了个迷宫
3393,韩国,5.9,我是王
3394,韩国,5.9,英语完全征服
3395,中国大陆,5.8,万物生长
3396,中国大陆,5.8,我愿意
3397,中国大陆,5.8,幸福额度
3398,香港,5.8,嫁个有钱人
3399,中国大陆,5.8,恋上你的床
3400,美国,5.8,食人鱼3D
3401,香港,5.8,求爱上上签
3402,中国大陆,5.8,刀见笑
3403,美国,5.8,阴齿
3404,美国,5.8,坏老师
3405,香港,5.8,天生爱情狂
3406,香港,5.8,金瓶梅
3407,香港,5.8,飞龙再生
3408,西班牙,5.8,死亡录像3：创世纪
3409,美国,5.8,美国派(番外篇)7：索爱天书
3410,香港,5.8,老夫子2001
3411,美国,5.8,变相怪杰2：面具之子
3412,韩国,5.8,梦精记
3413,韩国,5.8,今天的恋爱
3414,中国大陆,5.8,发条城市
3415,美国,5.8,杰克与吉尔
3416,香港,5.8,恋情告急
3417,挪威,5.8,死亡之雪
3418,中国大陆,5.8,兔侠传奇
3419,美国,5.8,非常男女
3420,中国,5.8,自娱自乐
3421,韩国,5.8,完美搭档
3422,加拿大,5.8,我的尴尬性之旅
3423,中国大陆,5.8,房不剩防
3424,美国,5.8,尴尬时刻
3425,美国,5.8,街头美少女
3426,香港,5.8,赌圣2：街头赌圣
3427,美国,5.8,分手专家
3428,美国,5.8,非常小特务3
3429,美国,5.8,淘金俏冤家
3430,美国,5.8,阿罗哈
3431,台湾,5.8,爱你一万年
3432,香港,5.8,赌侠2002
3433,美国,5.8,律政佳人
3434,中国大陆,5.8,洋妞到我家
3435,日本,5.8,亚子的秘密
3436,中国大陆,5.8,像小强一样活着
3437,香港,5.8,3分钟先生
3438,英国,5.8,中间人
3439,美国,5.8,爱在招生部
3440,日本,5.8,男子高中生的日常 真人版
3441,英国,5.8,不良教育
3442,美国,5.8,你怎么知道
3443,韩国,5.8,淫乱书生
3444,日本,5.8,东京暴族
3445,香港,5.8,哗！英雄
3446,法国,5.8,疯狂特警队
3447,美国,5.8,办公室圣诞派对
3448,美国,5.8,史前巨鳄
3449,美国,5.8,爱情碎片
3450,韩国,5.8,浪漫刺客
3451,美国,5.8,大兵保镖
3452,美国,5.8,早熟
3453,香港,5.8,笑侠楚留香
3454,香港,5.8,阴阳路4：与鬼同行
3455,美国,5.8,我要当警察
3456,美国,5.8,性事电影
3457,美国,5.8,雷霆万钧
3458,美国,5.8,克朗普斯
3459,韩国,5.8,胡萝卜小姐
3460,美国,5.8,外出就餐4：戏剧营
3461,美国,5.8,塔米的旅行
3462,日本,5.8,军火
3463,美国,5.8,爱情失事
3464,香港,5.8,情意拳拳
3465,美国,5.8,爱情甜不辣
3466,英国,5.8,求精心切
3467,中国大陆,5.8,阴阳先生
3468,美国,5.8,舞动夏令营
3469,美国,5.8,肥佬教授2
3470,香港,5.8,赢钱专家
3471,美国,5.8,兽餐3
3472,韩国,5.8,多细胞少女
3473,香港,5.8,僵尸医生
3474,美国,5.8,准许
3475,美国,5.8,从地心窜出4
3476,中国大陆,5.7,撒娇女人最好命
3477,中国大陆,5.7,老男孩猛龙过江
3478,中国大陆,5.7,二代妖精之今生有幸
3479,中国大陆,5.7,太极1：从零开始
3480,美国,5.7,青蜂侠
3481,香港,5.7,千机变
3482,中国,5.7,桃花运
3483,中国大陆,5.7,少年班
3484,中国大陆,5.7,命运呼叫转移
3485,中国大陆,5.7,命中注定
3486,中国大陆,5.7,摇摆de婚约
3487,香港,5.7,绝世好Bra
3488,中国大陆,5.7,决战紫禁之巅
3489,香港,5.7,绝世宝贝
3490,中国大陆,5.7,大电影2.0：两个傻瓜的荒唐事
3491,香港,5.7,绝种好男人
3492,韩国,5.7,宠物情人
3493,中国大陆,5.7,意外的恋爱时光
3494,中国大陆,5.7,百星酒店
3495,美国,5.7,魔法黑森林
3496,香港,5.7,爱得起
3497,香港,5.7,金瓶梅2：爱的奴隶
3498,香港,5.7,百家乐翻天
3499,台湾,5.7,基因决定我爱你
3500,香港,5.7,雀圣
3501,美国,5.7,贱女孩2
3502,中国大陆,5.7,脱单告急
3503,美国,5.7,魔力麦克2
3504,中国大陆,5.7,A面B面
3505,美国,5.7,元年
3506,美国,5.7,超级名模
3507,香港,5.7,我要做Model
3508,新西兰,5.7,疯羊
3509,美国,5.7,姐妹
3510,美国,5.7,诺比特
3511,比利时,5.7,鲁滨逊漂流记
3512,美国,5.7,鬼屋大电影
3513,美国,5.7,我最好朋友的女朋友
3514,韩国,5.7,武林女大学生
3515,印度,5.7,月光集市到中国
3516,美国,5.7,麻雀变王妃2
3517,中国大陆,5.7,年兽大作战
3518,日本,5.7,高校新人
3519,美国,5.7,三月女郎
3520,韩国,5.7,胖嘟嘟的革命
3521,中国大陆,5.7,三女休夫
3522,中国大陆,5.7,非常父子档
3523,美国,5.7,王牌售车员
3524,香港,5.7,满清禁宫奇案
3525,美国,5.7,杀手壕
3526,韩国,5.7,不良少妇
3527,美国,5.7,劈腿困境
3528,美国,5.7,混合宿舍2
3529,美国,5.7,坏妈妈的圣诞节
3530,日本,5.7,狸御殿
3531,美国,5.7,代号：杀手
3532,香港,5.7,天地雄心
3533,香港,5.7,爱出猫
3534,韩国,5.7,GO小姐
3535,香港,5.7,化骨龙与千年虫
3536,美国,5.7,我的朋友是明星
3537,美国,5.7,戴帽子的猫
3538,加拿大,5.7,苹果恋爱多
3539,美国,5.7,大爆炸
3540,香港,5.7,小男人周记之吾家有喜
3541,台湾,5.7,野狼与玛莉
3542,美国,5.7,基宝
3543,美国,5.7,新郎上错床
3544,美国,5.7,死亡之舞
3545,冰岛,5.7,这是三里屯
3546,加拿大,5.7,萌犬好声音
3547,日本,5.7,妄想少女御宅系
3548,美国,5.7,通宵
3549,香港,5.7,监狱不设防
3550,美国,5.7,从地心窜出3
3551,美国,5.7,安吉拉怀孕记
3552,台湾,5.7,当我们同在一起
3553,中国大陆,5.6,港囧
3554,中国大陆,5.6,前任3：再见前任
3555,中国大陆,5.6,私人订制
3556,中国大陆,5.6,杜拉拉升职记
3557,中国大陆,5.6,西游记之孙悟空三打白骨精
3558,中国大陆,5.6,澳门风云
3559,中国大陆,5.6,等风来
3560,中国大陆,5.6,全球热恋
3561,中国大陆,5.6,28岁未成年
3562,中国大陆,5.6,我知女人心
3563,中国大陆,5.6,大电影
3564,中国大陆,5.6,与时尚同居
3565,香港,5.6,魔幻厨房
3566,日本,5.6,真实魔鬼游戏
3567,香港,5.6,精武家庭
3568,中国大陆,5.6,巴黎宝贝
3569,中国大陆,5.6,亲家过年
3570,中国大陆,5.6,美好的意外
3571,美国,5.6,我的超级前女友
3572,韩国,5.6,猛男诞生记
3573,香港,5.6,暗恋99天
3574,美国,5.6,海滩游侠
3575,中国,5.6,七天爱上你
3576,日本,5.6,今天开始恋爱吧
3577,香港,5.6,雀圣3自摸三百番
3578,美国,5.6,非常小特工之时间大盗
3579,美国,5.6,摇滚年代
3580,香港,5.6,神枪手与智多星
3581,香港,5.6,绝种铁金刚
3582,香港,5.6,煎炸三宝
3583,美国,5.6,失落的大陆
3584,美国,5.6,职场求爱记
3585,泰国,5.6,青蛙公主
3586,美国,5.6,漫游
3587,美国,5.6,女生部里的秘密
3588,美国,5.6,网聘女伴
3589,香港,5.6,赌侠之人定胜天
3590,中国,5.6,血战到底
3591,韩国,5.6,银妆刀
3592,韩国,5.6,占卜师们
3593,中国大陆,5.6,龙在哪里？
3594,美国,5.6,肮脏电影
3595,日本,5.6,银河街道
3596,香港,5.6,阿孖有难
3597,美国,5.6,杀死冈瑟
3598,美国,5.6,内裤队长
3599,美国,5.6,恐怖假日
3600,中国大陆,5.6,脱皮爸爸
3601,美国,5.6,像男人一样思考2
3602,香港,5.6,拍档闯情关
3603,香港,5.6,超级整蛊霸王
3604,美国,5.6,裸婚大喜
3605,韩国,5.6,阿罗汉掌风大作战
3606,韩国,5.6,我生命中最糟糕的男人
3607,日本,5.6,英雄迷的生活
3608,韩国,5.6,僵尸刑警
3609,泰国,5.6,1995穿越时间
3610,意大利,5.6,骑士蒂朗
3611,中国大陆,5.5,西游伏妖篇
3612,中国大陆,5.5,万万没想到
3613,香港,5.5,澳门风云2
3614,中国大陆,5.5,绝地逃亡
3615,中国大陆,5.5,老鼠爱上猫
3616,香港,5.5,扑克王
3617,中国大陆,5.5,醉后一夜
3618,中国大陆,5.5,巴黎假期
3619,韩国,5.5,谁和她睡过了
3620,美国,5.5,仓皇一夜
3621,香港,5.5,见习黑玫瑰
3622,中国大陆,5.5,财神到
3623,加拿大,5.5,校花我爱你
3624,香港,5.5,王牌情敌
3625,韩国,5.5,梦精记2
3626,美国,5.5,基努猫
3627,韩国,5.5,男人使用说明书
3628,香港,5.5,呖咕呖咕对对碰
3629,香港,5.5,心想事成
3630,美国,5.5,长牙
3631,中国大陆,5.5,三小强
3632,香港,5.5,大贏家
3633,韩国,5.5,念力
3634,韩国,5.5,肚脐
3635,中国大陆,5.5,长江7号：超萌特攻队
3636,日本,5.5,樱兰高校男公关部
3637,香港,5.5,阴阳路7：撞到正
3638,中国大陆,5.5,完美有多美
3639,日本,5.5,日本以外全部沉没
3640,美国,5.5,重装上阵
3641,中国大陆,5.5,减肥旅行团
3642,香港,5.5,奇逢敌手
3643,美国,5.5,下流高校
3644,美国,5.5,麻雀变王妃3
3645,美国,5.5,诅咒
3646,英国,5.5,折磨
3647,美国,5.5,悲剧女孩
3648,美国,5.5,班纳路
3649,韩国,5.5,圣诞出逃记
3650,美国,5.5,毁灭僵尸
3651,美国,5.5,僵尸小屁孩
3652,美国,5.5,布利斯的爱情
3653,中国大陆,5.4,道士下山
3654,中国大陆,5.4,一夜惊喜
3655,中国大陆,5.4,闺蜜
3656,中国大陆,5.4,我的早更女友
3657,香港,5.4,单身男女2
3658,中国大陆,5.4,陆垚知马俐
3659,香港,5.4,家有喜事2009
3660,美国,5.4,詹妮弗的肉体
3661,香港,5.4,美丽密令
3662,香港,5.4,喜马拉亚星
3663,中国大陆,5.4,一念天堂
3664,中国大陆,5.4,倔强萝卜
3665,香港,5.4,双子神偷
3666,中国大陆,5.4,恋爱恐慌症
3667,台湾,5.4,杀手欧阳盆栽
3668,中国大陆,5.4,有完没完
3669,中国大陆,5.4,大明猩
3670,美国,5.4,缩小人生
3671,中国大陆,5.4,江湖论剑实录
3672,美国,5.4,粉红色的火烈鸟
3673,中国大陆,5.4,大叔，我爱你
3674,韩国,5.4,嘘！禁止想象！
3675,美国,5.4,性爱录像带
3676,加拿大,5.4,克罗索巨兽
3677,美国,5.4,挨饿游戏
3678,中国大陆,5.4,临终囧事
3679,美国,5.4,别惹德州
3680,美国,5.4,表情奇幻冒险
3681,美国,5.4,我的野蛮女友
3682,中国,5.4,欠我十万零五千
3683,日本,5.4,齐木楠雄的灾难 真人版
3684,美国,5.4,百货战警2
3685,美国,5.4,女子大乱斗
3686,中国大陆,5.4,一路惊心
3687,香港,5.4,天庭外传
3688,美国,5.4,超人集中营
3689,香港,5.4,至尊无赖
3690,美国,5.4,我恨情人节
3691,中国大陆,5.4,杨光的快乐生活
3692,日本,5.4,新宿天鹅2
3693,香港,5.4,爱斗大
3694,法国,5.4,王子与108煞
3695,美国,5.4,再次回家
3696,香港,5.4,万人迷
3697,韩国,5.4,高中女生要出嫁
3698,中国大陆,5.3,从你的全世界路过
3699,中国大陆,5.3,情癫大圣
3700,中国大陆,5.3,铁道飞虎
3701,中国大陆,5.3,千机变Ⅱ花都大战
3702,中国大陆,5.3,合约情人
3703,中国大陆,5.3,“吃吃”的爱
3704,中国大陆,5.3,财神客栈
3705,中国大陆,5.3,杜拉拉追婚记
3706,中国大陆,5.3,一座城池
3707,中国大陆,5.3,摩登年代
3708,美国,5.3,贵族大盗
3709,美国,5.3,惊声尖笑5
3710,中国大陆,5.3,暴走神探
3711,中国大陆,5.3,饮食男女-好远又好近
3712,美国,5.3,邻居大战2：姐妹会崛起
3713,韩国,5.3,胡狼来了
3714,香港,5.3,救僵清道夫
3715,美国,5.3,僵尸脱衣舞娘
3716,中国大陆,5.3,喜羊羊与灰太狼之开心闯龙年
3717,中国大陆,5.3,做次有钱人
3718,中国大陆,5.3,洛杉矶捣蛋计划
3719,美国,5.3,乡下人
3720,中国大陆,5.3,爱封了
3721,美国,5.3,性与早餐
3722,台湾,5.3,大喜临门
3723,美国,5.3,我的僵尸女友
3724,日本,5.3,机器人艺妓
3725,美国,5.3,未婚女子
3726,美国,5.3,老板
3727,香港,5.3,丰胸秘CUP
3728,台湾,5.3,爱情冻住了
3729,日本,5.3,变态假面：变态危机
3730,美国,5.3,活埋前女友
3731,日本,5.3,想成为奥田民生的男孩和让男人痴狂的女孩
3732,美国,5.3,鬼屋大电影2
3733,韩国,5.3,情人眼里出西施
3734,香港,5.3,当男人变成女人
3735,香港,5.3,醒狮
3736,美国,5.3,恐惧有限公司
3737,美国,5.3,光杆司令
3738,英国,5.3,先发制人
3739,中国大陆,5.2,越光宝盒
3740,中国大陆,5.2,大灌篮
3741,中国,5.2,爱情呼叫转移Ⅱ：爱情左右
3742,中国大陆,5.2,最强囍事
3743,中国大陆,5.2,花田喜事2010
3744,中国大陆,5.2,六福喜事
3745,中国大陆,5.2,机器侠
3746,中国大陆,5.2,反转人生
3747,美国,5.2,防弹武僧
3748,香港,5.2,12金鸭
3708,美国,5.3,贵族大盗
3709,美国,5.3,惊声尖笑5
3710,中国大陆,5.3,暴走神探
3711,中国大陆,5.3,饮食男女-好远又好近
3712,美国,5.3,邻居大战2：姐妹会崛起
3713,韩国,5.3,胡狼来了
3714,香港,5.3,救僵清道夫
3715,美国,5.3,僵尸脱衣舞娘
3716,中国大陆,5.3,喜羊羊与灰太狼之开心闯龙年
3717,中国大陆,5.3,做次有钱人
3718,中国大陆,5.3,洛杉矶捣蛋计划
3719,美国,5.3,乡下人
3720,中国大陆,5.3,爱封了
3721,美国,5.3,性与早餐
3722,台湾,5.3,大喜临门
3723,美国,5.3,我的僵尸女友
3724,日本,5.3,机器人艺妓
3725,美国,5.3,未婚女子
3726,美国,5.3,老板
3727,香港,5.3,丰胸秘CUP
3728,台湾,5.3,爱情冻住了
3729,日本,5.3,变态假面：变态危机
3730,美国,5.3,活埋前女友
3731,日本,5.3,想成为奥田民生的男孩和让男人痴狂的女孩
3732,美国,5.3,鬼屋大电影2
3733,韩国,5.3,情人眼里出西施
3734,香港,5.3,当男人变成女人
3735,香港,5.3,醒狮
3736,美国,5.3,恐惧有限公司
3737,美国,5.3,光杆司令
3738,英国,5.3,先发制人
3739,中国大陆,5.2,越光宝盒
3740,中国大陆,5.2,大灌篮
3741,中国,5.2,爱情呼叫转移Ⅱ：爱情左右
3742,中国大陆,5.2,最强囍事
3743,中国大陆,5.2,花田喜事2010
3744,中国大陆,5.2,六福喜事
3745,中国大陆,5.2,机器侠
3746,中国大陆,5.2,反转人生
3747,美国,5.2,防弹武僧
3748,香港,5.2,12金鸭
3749,香港,5.2,花魁杜十娘
3750,中国大陆,5.2,一路顺疯
3751,香港,5.2,跳出去
3752,韩国,5.2,妈妈的朋友
3753,美国,5.2,深喉
3754,日本,5.2,最近，妹妹的样子有点怪
3755,香港,5.2,刑警兄弟
3756,美国,5.2,不善之举
3757,中国大陆,5.2,喜羊羊与灰太狼之喜气羊羊过蛇年
3758,中国大陆,5.2,四个丘比特
3759,香港,5.2,天师斗僵尸
3760,香港,5.2,男儿当入樽
3761,美国,5.2,劳拉现身
3762,中国大陆,5.2,回家的路
3763,中国大陆,5.2,热血男人帮
3764,中国大陆,5.2,双人床条约
3765,美国,5.2,金钱第一
3766,香港,5.2,打雀英雄传
3767,中国大陆,5.2,盗版爱情
3768,美国,5.2,二见钟情之新好男人
3769,美国,5.2,蜡笔总动员
3770,丹麦,5.2,代课老师不是人
3771,美国,5.2,性愿清单
3772,香港,5.2,富贵人间
3773,中国,5.1,十全九美
3774,中国大陆,5.1,古宅心慌慌
3775,中国大陆,5.1,安娜与武林
3776,中国大陆,5.1,快手枪手快枪手
3777,日本,5.1,我们都是超能力者！电影版
3778,中国大陆,5.1,黑猫警长之翡翠之星
3779,中国大陆,5.1,秘密花园
3780,中国大陆,5.1,乐翻天
3781,台湾,5.1,我不做大哥好多年
3782,美国,5.1,约会电影
3783,美国,5.1,愤怒乒乓球
3784,中国大陆,5.1,二龙湖浩哥之狂暴之路
3785,中国大陆,5.1,桂宝之爆笑闯宇宙
3786,日本,5.1,极道大战争
3787,美国,5.1,害虫横行
3788,澳大利亚,5.1,猎杀活死人
3789,中国大陆,5.1,灰机灰机
3790,中国大陆,5.1,潘多拉的宝剑
3791,中国大陆,5.1,四平青年之浩哥大战古惑仔
3792,马来西亚,5.1,开饭啦！
3793,美国,5.1,乌龙保镖
3794,美国,5.1,吸血鬼大电影
3795,韩国,5.1,致命恋爱
3796,中国大陆,5.0,分手大师
3797,中国大陆,5.0,捉妖记2
3798,香港,5.0,大内密探灵灵狗
3799,中国大陆,5.0,功夫瑜伽
3800,中国大陆,5.0,前任2：备胎反击战
3801,中国大陆,5.0,神奇侠侣
3802,中国大陆,5.0,傲娇与偏见
3803,香港,5.0,临时同居
3804,中国,5.0,恋爱前规则
3805,中国大陆,5.0,一路惊喜
3806,中国大陆,5.0,赏金猎人
3807,中国大陆,5.0,奋斗
3808,中国大陆,5.0,盗马记
3809,中国大陆,5.0,过年好
3810,中国大陆,5.0,高跟鞋先生
3811,中国大陆,5.0,活该你单身
3812,香港,5.0,出水芙蓉
3813,香港,5.0,男人如衣服
3814,中国大陆,5.0,真心话大冒险
3815,中国大陆,5.0,超时空救兵
3816,中国大陆,5.0,妃子笑
3817,美国,5.0,史诗电影
3818,中国大陆,5.0,擒爱记
3819,香港,5.0,烂滚夫斗烂滚妻
3820,日本,5.0,机关枪少女
3821,香港,5.0,重口味
3822,日本,5.0,P与JK
3823,中国大陆,5.0,我是你妈
3824,中国大陆,5.0,啊朋友还钱
3825,美国,5.0,爱情导师
3826,中国大陆,5.0,一不留神
3827,香港,5.0,疯狂粉丝王
3828,美国,5.0,美国处女
3829,日本,5.0,豚鼠系列之4：恶魔女医生
3830,加拿大,5.0,斯坦·海尔辛
3831,泰国,5.0,拳霸3之火云盗
3832,中国大陆,4.9,小时代2：青木时代
3833,中国大陆,4.9,饭局也疯狂
3834,中国大陆,4.9,21克拉
3835,中国大陆,4.9,八星抱喜
3836,中国,4.9,火星没事
3837,中国大陆,4.9,伤心童话
3838,中国大陆,4.9,百万巨鳄
3839,美国,4.9,灾难大电影
3840,中国大陆,4.9,完美假妻168
3841,中国大陆,4.9,爱情36计
3842,中国大陆,4.9,我说的都是真的
3843,中国大陆,4.9,七小罗汉
3844,中国大陆,4.9,绑架冰激凌
3845,中国大陆,4.9,斗地主
3846,中国大陆,4.9,男得有爱
3847,台湾,4.9,女孩坏坏
3848,中国大陆,4.9,你是哪里人
3849,韩国,4.9,初恋大作战
3850,美国,4.9,赌城回忆录
3851,香港,4.8,龙凤店
3852,中国大陆,4.8,父子雄兵
3853,中国大陆,4.8,女汉子真爱公式
3854,香港,4.8,超级经纪人
3855,中国大陆,4.8,大片
3856,中国大陆,4.8,一起飞
3857,美国,4.8,刺客学妹
3858,香港,4.8,新扎师妹3
3859,中国大陆,4.8,北漂鱼
3860,中国大陆,4.8,爱情不NG
3861,美国,4.8,醉饿游戏
3862,香港,4.8,全力扣杀
3863,中国大陆,4.8,喜羊羊与灰太狼之羊年喜羊羊
3864,美国,4.8,人形恶吊
3865,中国大陆,4.8,我要你开花
3866,中国大陆,4.8,老夫子之小水虎传奇
3867,中国大陆,4.7,小时代
3868,中国大陆,4.7,所以……和黑粉结婚了
3869,香港,4.7,精舞门
3870,中国大陆,4.7,遇见你真好
3871,中国大陆,4.7,野蛮秘笈
3872,中国大陆,4.7,情敌蜜月
3873,中国大陆,4.7,巨额交易
3874,中国,4.7,时尚先生
3875,韩国,4.7,空即是色
3876,美国,4.7,五十度黑
3877,香港,4.7,恶人报喜
3878,中国大陆,4.7,囧探佳人
3879,美国,4.7,短柄斧
3880,韩国,4.7,女教授的隐秘魅力
3881,香港,4.7,美女食神
3882,美国,4.7,热浴盆时光机2
3883,美国,4.7,短柄斧2
3884,中国大陆,4.7,金箍棒传奇
3885,美国,4.7,短柄斧3
3886,美国,4.7,意外的爱情
3887,中国大陆,4.7,终极大冒险
3888,中国大陆,4.7,赛尔号大电影6：圣者无敌
3889,中国大陆,4.7,谎言大爆炸
3890,日本,4.7,死亡寿司
3891,中国大陆,4.6,不二神探
3892,中国大陆,4.6,小时代4：灵魂尽头
3893,中国大陆,4.6,微爱之渐入佳境
3894,中国大陆,4.6,有种你爱我
3895,中国大陆,4.6,隋朝来客
3896,中国大陆,4.6,炮制女朋友
3897,香港,4.6,鸭王
3898,中国大陆,4.6,笑功震武林
3899,香港,4.6,3D豪情
3900,中国大陆,4.6,超级快递
3901,中国大陆,4.6,疯狂72小时
3902,中国大陆,4.6,棒子老虎鸡
3903,香港,4.6,潮性办公室
3904,中国大陆,4.6,大玩家
3905,英国,4.6,时差7小时
3906,美国,4.6,超级名模2
3907,香港,4.6,我的老婆是赌圣
3908,中国大陆,4.6,大卫贝肯之倒霉特工熊
3909,中国大陆,4.6,请叫我英雄
3910,韩国,4.6,变身小姐
3911,香港,4.6,有只僵尸暗恋你
3912,中国大陆,4.6,一个屌丝的自我修养
3913,香港,4.6,红楼春上春
3914,美国,4.6,新天师斗僵尸2
3915,中国大陆,4.5,西游记女儿国
3916,中国大陆,4.5,大笑江湖
3917,中国大陆,4.5,整容日记
3918,中国大陆,4.5,非常幸运
3919,中国大陆,4.5,爸爸去哪儿2
3920,中国大陆,4.5,既然青春留不住
3921,中国大陆,4.5,麻烦家族
3922,中国大陆,4.5,坏姐姐之拆婚联盟
3923,香港,4.5,喵星人
3924,中国大陆,4.5,这就是命
3925,香港,4.5,百变爱人
3926,中国大陆,4.5,功夫厨神
3927,香港,4.5,大四喜
3928,日本,4.5,丧尸的屁股
3929,中国大陆,4.5,猪猪侠之英雄猪少年
3930,韩国,4.5,闺蜜大作战
3931,中国大陆,4.4,横冲直撞好莱坞
3932,中国大陆,4.4,极限挑战之皇家宝藏
3933,中国大陆,4.4,熊猫大侠
3934,中国,4.4,追影
3935,香港,4.4,神探驾到
3936,美国,4.4,食人鱼3DD
3937,中国大陆,4.4,合约男女
3938,中国大陆,4.4,爱情进化论
3939,中国大陆,4.4,宝岛双雄
3940,中国大陆,4.4,擦枪走火
3941,香港,4.4,猛男滚死队
3942,中国大陆,4.4,奇葩朵朵
3943,中国大陆,4.4,二次初恋
3944,中国大陆,4.4,美容针
3945,韩国,4.4,烈性摔跤
3946,日本,4.4,夫妻成长日记电影版
3947,中国大陆,4.4,光棍终结者
3948,台湾,4.4,以爱为名
3949,美国,4.4,爱上野猪妹
3950,韩国,4.4,幸福出租车
3951,中国大陆,4.4,恋爱排班表
3952,中国大陆,4.3,小时代3：刺金时代
3953,中国大陆,4.3,妖铃铃
3954,中国大陆,4.3,祖宗十九代
3955,中国大陆,4.3,鲛珠传
3956,中国大陆,4.3,喜羊羊与灰太狼之飞马奇遇记
3957,中国大陆,4.3,我最好朋友的婚礼
3958,中国大陆,4.3,举起手来2：追击阿多丸号
3959,中国大陆,4.3,外公芳龄38
3960,中国大陆,4.3,不怕贼惦记
3961,中国大陆,4.3,指甲刀人魔
3962,中国大陆,4.3,一路向前
3963,中国大陆,4.3,魔侠传之唐吉可德
3964,中国,4.3,盗版猫
3965,中国大陆,4.3,4B青年之4楼B座
3966,香港,4.3,求爱大作战
3967,香港,4.3,猛龙特囧
3968,中国大陆,4.3,假如王子睡着了
3969,中国大陆,4.3,再见我们的十年
3970,中国大陆,4.2,怦然星动
3971,中国大陆,4.2,越来越好之村晚
3972,中国大陆,4.2,开心魔法
3973,中国大陆,4.2,小明和他的小伙伴们
3974,中国大陆,4.2,U盘
3975,香港,4.2,没女神探
3976,英国,4.2,女同志吸血鬼杀手
3977,日本,4.2,屌丝骑士
3978,中国大陆,4.2,新大头儿子和小头爸爸2一日成才
3979,日本,4.2,蜜桃女孩
3980,中国大陆,4.2,冒牌卧底
3981,韩国,4.2,青春学堂
3982,中国大陆,4.1,摆渡人
3983,中国大陆,4.1,宅女侦探桂香
3984,中国大陆,4.1,唇唇欲动
3985,中国大陆,4.1,天生不对
3986,中国大陆,4.1,疯狂的蠢贼
3987,中国大陆,4.1,不期而遇
3988,中国大陆,4.1,硬汉奶爸
3989,中国大陆,4.1,我是奋青
3990,中国大陆,4.0,恶棍天使
3991,中国大陆,4.0,一石二鸟
3992,中国,4.0,气喘吁吁
3993,中国大陆,4.0,车在囧途
3994,中国大陆,4.0,我想结婚的时候你在哪
3995,中国大陆,4.0,影子爱人
3996,中国大陆,4.0,爸爸的假期
3997,中国大陆,4.0,嫁个100分男人
3998,中国大陆,4.0,我为相亲狂
3999,中国大陆,4.0,拆散专家
4000,中国大陆,4.0,情遇曼哈顿
4001,美国,4.0,我爱熟女
4002,中国大陆,4.0,我的极品女神
4003,香港,4.0,黑色喜剧
4004,香港,4.0,辣警霸王花
4005,中国大陆,4.0,猪猪侠之终极决战
4006,中国大陆,4.0,北回归线
4007,中国大陆,4.0,缘来是游戏
4008,中国大陆,4.0,百万爱情宝贝
4009,韩国,4.0,深情触摸
4010,香港,3.9,澳门风云3
4011,中国大陆,3.9,东成西就2011
4012,中国大陆,3.9,新娘大作战
4013,中国大陆,3.9,唐伯虎点秋香2之四大才子
4014,中国大陆,3.9,青春失乐园
4015,中国大陆,3.9,三笑之才子佳人
4016,中国大陆,3.9,那件疯狂的小事叫爱情
4017,中国大陆,3.9,好命先生
4018,中国大陆,3.9,山炮进城
4019,中国大陆,3.9,回马枪
4020,香港,3.9,夏日恋神马
4021,台湾,3.9,大宅男
4022,中国大陆,3.9,最萌身高差
4023,中国大陆,3.9,山炮进城2
4024,香港,3.9,我的老婆是明星
4025,美国,3.9,僵尸海狸
4026,中国大陆,3.9,龙拳小子
4027,中国大陆,3.8,大闹天竺
4028,中国大陆,3.8,大武当之天地密码
4029,中国大陆,3.8,不可思异
4030,中国大陆,3.8,卧底巨星
4031,中国大陆,3.8,将错就错
4032,中国大陆,3.8,我的野蛮女友2
4033,中国大陆,3.8,再爱一次好不好
4034,中国大陆,3.8,小小飞虎队
4035,香港,3.8,唐伯虎冲上云霄
4036,中国大陆,3.8,浪漫天降
4037,中国大陆,3.8,临时演员
4038,中国大陆,3.8,年少轻狂
4039,中国大陆,3.8,神通乡巴佬
4040,香港,3.8,七擒七纵七色狼
4041,中国大陆,3.8,记忆碎片
4042,日本,3.8,少林少女
4043,台湾,3.8,乌龙戏凤2012
4044,中国大陆,3.8,垫底联盟
4045,中国大陆,3.7,李雷和韩梅梅
4046,中国大陆,3.7,寻找成龙
4047,中国大陆,3.7,无价之宝
4048,中国大陆,3.7,大胃王
4049,中国大陆,3.7,男神时代
4050,中国大陆,3.7,土豪520
4051,中国大陆,3.7,谁动了我的梦想
4052,香港,3.7,台北夜蒲团团转
4053,中国大陆,3.7,囧人之越挠越痒
4054,中国大陆,3.7,猪猪侠之勇闯巨人岛
4055,日本,3.7,吸血鬼之恋
4056,中国大陆,3.7,宝马狂想曲
4057,中国大陆,3.7,超萌英雄
4058,中国大陆,3.7,玩世英雄
4059,美国,3.7,鲨卷风
4060,中国大陆,3.6,大话西游3
4061,中国大陆,3.6,冰封：重生之门
4062,中国大陆,3.6,东北往事之破马张飞
4063,中国大陆,3.6,宅男总动员
4064,中国大陆,3.6,我的男男男男朋友
4065,中国大陆,3.6,大人物
4066,中国大陆,3.6,美人邦
4067,中国大陆,3.6,电商时代
4068,中国大陆,3.6,光的棍
4069,中国大陆,3.6,斐济99℃爱情
4070,中国大陆,3.5,从天“儿”降
4071,中国大陆,3.5,女人公敌
4072,中国大陆,3.5,爱爱囧事
4073,中国大陆,3.5,我的播音系女友
4074,中国大陆,3.5,三月情流感
4075,中国大陆,3.5,爱我就陪我看电影
4076,中国大陆,3.5,致我们终将到来的爱情
4077,中国大陆,3.5,我是谁2015
4078,中国大陆,3.5,兄弟，别闹！
4079,中国大陆,3.5,迷与狂
4080,中国大陆,3.5,2012来了
4081,香港,3.5,霹雳囧花
4082,中国大陆,3.4,HOLD住爱
4083,韩国,3.4,我的新野蛮女友
4084,中国大陆,3.4,疯岳撬佳人
4085,中国大陆,3.4,白雪公主之矮人力量
4086,中国大陆,3.4,刀客外传
4087,中国大陆,3.4,重庆美女
4088,中国大陆,3.4,热爱岛
4089,中国大陆,3.4,呆呆计划
4090,中国大陆,3.4,女神跟我走
4091,中国大陆,3.4,魔卡行动
4092,中国大陆,3.4,毕业那年：分手季
4093,中国大陆,3.4,结婚狂想曲
4094,中国大陆,3.3,奔跑吧！兄弟
4095,中国大陆,3.3,王牌逗王牌
4096,中国大陆,3.3,河东狮吼2
4097,中国大陆,3.3,嘻游记
4098,中国大陆,3.3,公主的诱惑
4099,中国大陆,3.3,嘿店
4100,中国大陆,3.3,小神来了
4101,中国大陆,3.3,恋爱三万英尺
4102,中国大陆,3.3,爸爸的3次婚礼
4103,中国大陆,3.2,快乐到家
4104,中国大陆,3.2,石器时代之百万大侦探
4105,中国大陆,3.2,疯狂的导演
4106,中国大陆,3.2,化妆师
4107,中国大陆,3.2,稍安勿躁
4108,中国大陆,3.2,粉红女郎之爱人快跑
4109,中国大陆,3.2,夺路而逃
4110,中国大陆,3.1,绝命岛
4111,中国大陆,3.1,一路狂奔
4112,香港,3.1,吉星高照2015
4113,中国大陆,3.1,我爱灰太狼
4114,中国大陆,3.1,玛格丽特的春天
4115,中国大陆,3.1,我的雷人男友
4116,中国大陆,3.0,大话天仙
4117,中国大陆,3.0,降魔传
4118,香港,3.0,江湖有道
4119,中国大陆,2.9,无极限之危情速递
4120,中国大陆,2.9,后备空姐
4121,中国大陆,2.8,分手达人
4122,中国大陆,2.8,相声大电影之我要幸福
4123,香港,2.7,闺蜜2
4124,中国大陆,2.7,恐怖旅馆
4125,香港,2.7,宝贝当家
4126,中国大陆,2.7,堵车
4127,中国大陆,2.7,我爱灰太狼2
4128,中国大陆,2.7,摩登森林之美食总动员
4129,中国大陆,2.6,欢乐喜剧人
4130,中国大陆,2.6,斗战胜佛
4131,中国大陆,2.6,不要迷恋姐
4132,中国大陆,2.5,仙球大战
4133,中国大陆,2.5,让熊猫飞
4134,中国大陆,2.5,太空熊猫总动员
4135,中国大陆,2.4,泰迪熊之玩具大战
4136,中国大陆,2.4,201413
4137,中国大陆,2.3,放手爱
4138,中国大陆,2.3,汽车人总动员
4139,韩国,2.3,西游记归来
4140,中国,2.3,齐天大圣前传
4141,中国大陆,2.1,纯洁心灵·逐梦演艺圈
