1,美国,8.9,惊魂记
2,美国,8.7,电锯惊魂
3,德国,8.7,卡里加里博士的小屋
4,德国,8.6,浮士德
5,英国,8.6,死亡之夜
6,Czechoslovakia,8.6,吹笛子的男人
7,英国,8.6,巴斯克维尔的猎犬
8,墨西哥,8.5,圣血
9,日本,8.4,怪谈
10,捷克斯洛伐克 Czechoslovakia,8.4,焚尸人
11,丹麦,8.4,复仇之日
12,英国,8.4,绅士的启示联盟
13,英国,8.4,遗产
14,日本,8.3,世界奇妙物语 电影特别篇
15,澳大利亚,8.3,第十三层
16,德国,8.2,诺斯费拉图
17,加拿大,8.2,黑巷少女
18,瑞典,8.2,幽灵马车
19,美国,8.1,孤儿怨
20,美国,8.1,电锯惊魂2
21,日本,8.1,迷宫物语
22,台湾,8.1,山中传奇
23,日本,8.1,鬼婆
24,美国,8.1,化身博士
25,瑞典,8.1,豺狼时刻
26,UK,8.1,波洛圣诞探案记
27,日本,8.1,白痴
28,德国,8.1,奥拉克之手
29,英国,8.0,闪灵
30,美国,8.0,小岛惊魂
31,英国,8.0,异形
32,美国,8.0,罗斯玛丽的婴儿
33,法国,8.0,妖夜慌踪
34,法国,8.0,暗夜恐惧
35,日本,8.0,天使之卵
36,捷克,8.0,梦魇疯人院
37,日本,8.0,昭和歌谣大全集
38,英国,8.0,科学怪人
39,波兰,8.0,夜的第三章
40,波兰,8.0,修女乔安娜
41,美国,7.9,我是传奇
42,美国,7.9,异形2
43,新西兰,7.9,吸血鬼生活
44,美国,7.9,橡皮头
45,美国,7.9,畸形人
46,日本,7.9,X圣治
47,美国,7.9,白狗
48,英国,7.9,无辜的人
49,捷克,7.9,野花
50,德国,7.9,吸血鬼
51,美国,7.9,公民X
52,美国,7.9,金花鼠
53,日本,7.9,樱之森之满开之下
54,西德,7.9,侏儒流氓
55,美国,7.8,万能钥匙
56,美国,7.8,迷雾
57,英国,7.8,生化危机
58,美国,7.8,电锯惊魂3
59,香港,7.8,回魂夜
60,美国,7.8,潜伏2
61,美国,7.8,刑房
62,美国,7.8,怪形
63,法国,7.8,着魔
64,美国,7.8,科学怪人
65,法国,7.8,诺斯费拉图：夜晚的幽灵
66,意大利,7.8,夜深血红
67,日本,7.8,黑猫
68,美国,7.8,坏种
69,苏联,7.8,美学绅士
70,美国,7.8,克苏鲁的呼唤
71,英国,7.8,蜂窝谜案
72,美国,7.7,死神来了
73,美国,7.7,理发师陶德
74,美国,7.7,惊情四百年
75,香港,7.7,僵尸
76,美国,7.7,双宝斗恶魔
77,日本,7.7,阴阳师
78,新西兰,7.7,群尸玩过界
79,日本,7.7,咒怨 录像带版
80,日本,7.7,地下幻灯剧画 少女椿
81,法国,7.7,双峰镇：与火同行
82,英国,7.7,冷血惊魂
83,中国大陆,7.7,灵魂摆渡之风华绝代
84,香港,7.7,倩女幽魂
85,捷克斯洛伐克,7.7,瓦莱莉和她的奇迹一周
86,美国,7.7,科学怪人的新娘
87,美国,7.7,天外魔花
88,日本,7.7,犬神家族
89,西班牙,7.7,被遗忘的孩子
90,美国,7.7,异形奇花
91,美国,7.7,返老还童
92,美国,7.6,逃出绝命镇
93,英国,7.6,僵尸肖恩
94,英国,7.6,生化危机2：启示录
95,美国,7.6,招魂
96,美国,7.6,断头谷
97,美国,7.6,招魂2
98,英国,7.6,伊甸湖
99,美国,7.6,电锯惊魂4
100,美国,7.6,电锯惊魂5
101,美国,7.6,电锯惊魂6
102,泰国,7.6,鬼影
103,美国,7.6,驱魔人
104,瑞典,7.6,生人勿进
105,意大利,7.6,故事的故事
106,日本,7.6,生化危机：诅咒
107,香港,7.6,僵尸叔叔
108,美国,7.6,战栗黑洞
109,日本,7.6,金田一少年事件簿之上海人鱼传说
110,英国,7.6,异教徒
111,法国,7.6,魔诫坟场
112,英国,7.6,房客
113,美国,7.6,惊魂记2
114,美国,7.6,猫眼看人
115,美国,7.6,是谁让我脑死了
116,日本,7.6,流浪者之歌
117,英国,7.6,死人之镜
118,加拿大,7.5,寂静岭
119,美国,7.5,死寂
120,英国,7.5,黑暗侵袭
121,美国,7.5,电锯惊魂7
122,美国,7.5,异形4
123,西班牙,7.5,死亡录像
124,美国,7.5,杀出个黎明
125,泰国,7.5,鬼宿舍
126,日本,7.5,继续活下去的5个故事
127,美国,7.5,驱魔
128,法国,7.5,没有面孔的眼睛
129,香港,7.5,地狱无门
130,美国,7.5,科学怪人
131,英国,7.5,万圣节前夜的谋杀案
132,美国,7.5,灵魂狂欢节
133,美国,7.5,吸血鬼
134,俄罗斯,7.5,彼得堡异人写真
135,美国,7.5,骷髅一家
136,英国,7.5,慑魄惊魂
137,美国,7.4,林中小屋
138,美国,7.4,幻影凶间
139,日本,7.4,寄生兽
140,日本,7.4,午夜凶铃
141,香港,7.4,异度空间
142,美国,7.4,潜伏
143,香港,7.4,倩女幽魂3：道道道
144,英国,7.4,无名女尸
145,香港,7.4,双瞳
146,西班牙,7.4,孤堡惊情
147,美国,7.4,科学怪狗
148,美国,7.4,活死人黎明
149,美国,7.4,恐怖星球
150,泰国,7.4,死神的十字路口
151,美国,7.4,入侵脑细胞
152,泰国,7.4,恶魔的艺术2：邪降
153,美国,7.4,魔女嘉莉
154,美国,7.4,亡灵
155,香港,7.4,黑太阳731
156,香港,7.4,驱魔警察
157,香港,7.4,恐怖鸡
158,澳大利亚,7.4,悬崖上的野餐
159,加拿大,7.4,录影带谋杀案
160,英国,7.4,凶兆
161,日本,7.4,鬼怪屋
162,西班牙,7.4,鼩鼱的巢穴
163,日本,7.4,妖兽都市
164,日本,7.4,咒怨2 录像带版
165,韩国,7.4,爱的肢解
166,韩国,7.4,时失2公里
167,美国,7.4,变蝇人
168,泰国,7.4,食人狂魔
169,日本,7.4,双生儿
170,法国,7.4,勾魂慑魄
171,法国,7.4,死灵之书
172,意大利,7.4,杀人鳄鱼潭
173,意大利,7.4,撒旦的面具
174,美国,7.3,异形：契约
175,美国,7.3,僵尸世界大战
176,美国,7.3,小丑回魂
177,日本,7.3,咒怨
178,美国,7.3,血肉之躯
179,美国,7.3,科洛弗档案
180,美国,7.3,捉迷藏
164,日本,7.4,咒怨2 录像带版
165,韩国,7.4,爱的肢解
166,韩国,7.4,时失2公里
167,美国,7.4,变蝇人
168,泰国,7.4,食人狂魔
169,日本,7.4,双生儿
170,法国,7.4,勾魂慑魄
171,法国,7.4,死灵之书
172,意大利,7.4,杀人鳄鱼潭
173,意大利,7.4,撒旦的面具
174,美国,7.3,异形：契约
175,美国,7.3,僵尸世界大战
176,美国,7.3,小丑回魂
177,日本,7.3,咒怨
178,美国,7.3,血肉之躯
179,美国,7.3,科洛弗档案
180,美国,7.3,捉迷藏
181,美国,7.3,神秘拼图
182,日本,7.3,咒怨2
183,德国,7.3,深空失忆
184,美国,7.3,变蝇人
185,韩国,7.3,蝙蝠
186,香港,7.3,三更
187,香港,7.3,一眉道人
188,英国,7.3,养鬼吃人
189,意大利,7.3,阴风阵阵
190,法国,7.3,圣歌
191,美国,7.3,活跳尸
192,美国,7.3,活死人之夜
193,美国,7.3,恐怖蜡像馆
194,USA,7.3,时间裂缝
195,日本,7.3,八墓村
196,澳大利亚,7.3,心智相投
197,日本,7.3,怪谈新耳袋 百物语
198,美国,7.3,鬼作秀2
199,中国大陆,7.3,夜半歌声
200,美国,7.3,极度空间
201,美国,7.3,血色玫瑰
202,美国,7.3,小魔星
203,美国,7.3,恶魔娃娃
204,美国,7.3,灵魂大搜索
205,美国,7.3,魔域煞星
206,日本,7.3,罪恶之家
207,法国,7.3,药剂师
208,美国,7.3,隐形人
209,美国,7.3,灵异出窍
210,英国,7.3,魔童村
211,美国,7.3,毒药
212,美国,7.3,兔子
213,美国,7.3,夜行骇传
214,美国,7.2,死神来了2
215,美国,7.2,忌日快乐
216,香港,7.2,维多利亚一号
217,美国,7.2,丧尸乐园
218,日本,7.2,L之终章·最后的23天
219,法国,7.2,第九道门
220,美国,7.2,来自地狱
221,泰国,7.2,鬼乱5
222,美国,7.2,猛鬼街
223,法国,7.2,死路
224,美国,7.2,鬼伎回忆录
225,西班牙,7.2,僵尸胡安
226,香港,7.2,新僵尸先生
227,日本,7.2,神秘马戏团
228,香港,7.2,灵幻先生
229,美国,7.2,鬼玩人2
230,新西兰,7.2,足不出户
231,西班牙,7.2,鬼童院
232,意大利,7.2,活死人黎明
233,日本,7.2,铁男1：金属兽
234,香港,7.2,邪
235,美国,7.2,鬼作秀
236,日本,7.2,乱步地狱
237,德国,7.2,杀手安全套
238,英国,7.2,养鬼吃人2
239,新西兰,7.2,坏品位
240,美国,7.2,天师捉妖
241,日本,7.2,哥斯拉
242,日本,7.2,牛头
243,荷兰,7.2,阿姆斯特丹的水鬼
244,加拿大,7.2,灵婴
245,美国,7.2,回家
246,日本,7.2,脑髓地狱
247,韩国,7.2,殴打诱发者
248,香港,7.2,新房客
249,香港,7.2,销魂玉
250,美国,7.2,妖夜传说
251,美国,7.2,木乃伊
252,加拿大,7.2,勇闯精灵城
253,美国,7.2,大话原子人之怪兽娶亲
254,日本,7.2,学校怪谈2
255,美国,7.1,生化危机3：灭绝
256,韩国,7.1,哭声
257,英国,7.1,惊变28天
258,韩国,7.1,蔷花，红莲
259,法国,7.1,生吃
260,香港,7.1,我左眼见到鬼
261,美国,7.1,怪兽屋
262,香港,7.1,见鬼
263,美国,7.1,夜魔
264,香港,7.1,伊波拉病毒
265,香港,7.1,三更2
266,美国,7.1,约书亚
267,香港,7.1,鬼打鬼
268,中国大陆,7.1,黑楼孤魂
269,香港,7.1,怪谈协会
270,日本,7.1,催眠
271,日本,7.1,灵异咒
272,香港,7.1,目露凶光
273,美国,7.1,宠物坟场
274,新西兰,7.1,恐怖幽灵
275,香港,7.1,七月十四
276,香港,7.1,再世追魂
277,美国,7.1,活死人归来
278,美国,7.1,遗传学歌剧
279,英国,7.1,威尼斯疑魂
280,印度 India,7.1,觅迹寻踪
281,西班牙,7.1,谁能杀死孩子？
282,中国大陆,7.1,夜盗珍妃墓
283,美国,7.1,姐妹情仇
284,加拿大,7.1,夺命凶灵
285,新西兰 New Zealand,7.1,法式蜗牛料理
286,美国,7.1,甜美爱丽丝
287,西班牙,7.1,盖被子
288,中国大陆,7.1,古墓荒斋
289,美国,7.1,幽浮魔点
290,美国,7.1,克莉丝汀魅力
291,英国,7.1,吸血鬼魅影
292,美国,7.0,屏住呼吸
293,美国,7.0,异形3
294,加拿大,7.0,心慌方·零
295,日本,7.0,请叫我英雄
296,美国,7.0,惊声尖叫
297,台湾,7.0,诡丝
298,挪威,7.0,死亡之雪2
299,美国,7.0,德州电锯杀人狂
300,香港,7.0,开心鬼救开心鬼
301,澳大利亚,7.0,负重前行
302,美国,7.0,鬼玩人
303,日本,7.0,怪谈新耳袋 电影版
304,美国,7.0,深海圆疑
305,韩国,7.0,韩塞尔与葛雷特
306,美国,7.0,异形魔怪
307,香港,7.0,尸家重地
308,香港,7.0,凶榜
309,美国,7.0,丧尸出笼
310,西班牙,7.0,马柔本宅秘事
311,香港,7.0,蛊
312,美国,7.0,活死人归来3
313,德国,7.0,办砸了
314,美国,7.0,小精灵
315,美国,7.0,美国狼人在伦敦
316,美国,7.0,天使之心
317,日本,7.0,鸡皮疙瘩剧场版
318,美国,7.0,阴阳魔界
319,香港,7.0,蛇杀手
320,捷克,7.0,战地恶魔
321,美国,7.0,科学怪妓
322,意大利,7.0,生人回避2
323,日本,7.0,两居室
324,香港,7.0,生死线
325,美国,6.9,死神来了3
326,美国,6.9,刀锋战士
327,美国,6.9,刀锋战士2
328,日本,6.9,寄生兽：完结篇
329,美国,6.9,德州电锯杀人狂
330,香港,6.9,第一诫
331,美国,6.9,鬼镜
332,香港,6.9,蜀山：新蜀山剑侠
333,泰国,6.9,吓死鬼
334,法国,6.9,高压电
335,韩国,6.9,火车
336,英国,6.9,天赐之女
337,加拿大,6.9,X档案：征服未来
338,日本,6.9,感染
339,韩国,6.9,奇谈
340,美国,6.9,红灯
341,香港,6.9,猛鬼差馆
342,澳大利亚,6.9,恐吓运动
343,香港,6.9,人吓人
344,美国,6.9,鬼玩人3：魔界英豪
345,香港,6.9,僵尸至尊
346,香港,6.9,鬼咬鬼
347,韩国,6.9,罗密欧点
348,日本,6.9,1942
349,法国,6.9,爱的亡灵
350,香港,6.9,画皮
334,法国,6.9,高压电
335,韩国,6.9,火车
336,英国,6.9,天赐之女
337,加拿大,6.9,X档案：征服未来
338,日本,6.9,感染
339,韩国,6.9,奇谈
340,美国,6.9,红灯
341,香港,6.9,猛鬼差馆
342,澳大利亚,6.9,恐吓运动
343,香港,6.9,人吓人
344,美国,6.9,鬼玩人3：魔界英豪
345,香港,6.9,僵尸至尊
346,香港,6.9,鬼咬鬼
347,韩国,6.9,罗密欧点
348,日本,6.9,1942
349,法国,6.9,爱的亡灵
350,香港,6.9,画皮
351,日本,6.9,回路
352,日本,6.9,东京僵尸
353,香港,6.9,一世好命
354,香港,6.9,追凶二十年
355,日本,6.9,盲兽
356,美国,6.9,吵闹鬼
357,香港,6.9,安乐战场
358,美国,6.9,盖棺了结
359,香港,6.9,古镜幽魂
360,加拿大,6.9,皮毛大衣
361,意大利,6.9,地狱
362,香港,6.9,碟仙
363,日本,6.9,江户川乱步全集 恐怖奇形人间
364,法国,6.9,秘密
365,美国,6.9,外太空杀人小丑
366,意大利,6.9,群尸屠城2
367,美国,6.9,驭鼠怪人
368,香港,6.9,邪咒
369,西班牙,6.9,惊爆无底洞
370,美国,6.8,恐怖蜡像馆
371,美国,6.8,电锯惊魂8：竖锯
372,中国大陆,6.8,中邪
373,美国,6.8,嗜血破晓
374,泰国,6.8,厉鬼将映
375,日本,6.8,鬼来电
376,美国,6.8,太平间闹鬼事件
377,美国,6.8,女巫
378,美国,6.8,藏品
379,西班牙,6.8,茱莉娅的眼睛
380,美国,6.8,德州电锯杀人狂前传
381,韩国,6.8,恐怖故事
382,美国,6.8,鬼娃回魂
383,日本,6.8,多罗罗
384,美国,6.8,老师不是人
385,英国,6.8,觉醒
386,香港,6.8,僵尸家族
387,日本,6.8,鬼水怪谈
388,法国,6.8,殉难者
389,美国,6.8,迪亚特洛夫事件
390,泰国,6.8,恶魔的艺术3：鬼影随行
391,美国,6.8,躲藏
392,美国,6.8,战斧骨
393,加拿大,6.8,僵尸管家
394,美国,6.8,致命录像带2
395,美国,6.8,9号谋杀案
396,美国,6.8,猛鬼街3
397,日本,6.8,怪谈新耳袋：幽灵公寓
398,美国,6.8,爱在初春惊变时
399,香港,6.8,大闹广昌隆
400,美国,6.8,香烟烙印
401,美国,6.8,鬼作秀3
402,美国,6.8,活魔人
403,英国,6.8,千年血后
404,英国,6.8,战前童年
405,韩国,6.8,暴饮暴食
406,美国,6.8,亡魂岛
407,香港,6.8,鬼叫春
408,美国,6.8,狼人生死恋
409,西班牙,6.8,凶眼
410,美国,6.8,魔鬼骑士
411,美国,6.8,人体异形
412,香港,6.8,再生人
413,意大利,6.8,群尸屠城
414,意大利,6.8,神话
415,日本,6.8,雾
416,日本,6.8,女医肉奴隶
417,美国,6.8,脑残
418,香港,6.8,血鹦鹉
419,美国,6.8,阶梯下的恶魔
420,USA,6.8,死猫圣殿
421,意大利,6.8,摧花手
422,加拿大,6.7,心慌方2：超立方体
423,香港,6.7,山村老尸
424,美国,6.7,人皮客栈
425,英国,6.7,惊变28周
426,韩国,6.7,老师的恩惠
427,英国,6.7,黑暗侵袭2
428,美国,6.7,幽灵船
429,美国,6.7,第39号案件
430,美国,6.7,怪形前传
431,美国,6.7,不请自来
432,美国,6.7,第四类接触
433,美国,6.7,你是下一个
434,韩国,6.7,两个月亮
435,美国,6.7,幸存的女孩
436,美国,6.7,辣手保姆
437,美国,6.7,鬼遮眼
438,美国,6.7,仪式
439,英国,6.7,黑洞表面
440,美国,6.7,地下墓穴
441,台湾,6.7,尸忆
442,日本,6.7,轮回
443,美国,6.7,鬼娃新娘
444,日本,6.7,残秽，不可以住的房间
445,日本,6.7,预言
446,美国,6.7,五月魔女
447,韩国,6.7,灵
448,香港,6.7,驱魔道长
449,美国,6.7,死亡空间：坍塌
450,香港,6.7,猛鬼大厦
451,美国,6.7,刑柱之地
452,中国大陆,6.7,毒吻
453,香港,6.7,魂魄唔齐
454,加拿大,6.7,折磨
455,西班牙,6.7,苏镇巫女
456,香港,6.7,灵气逼人
457,美国,6.7,终极人鱼岛
458,英国,6.7,调味的房子
459,美国,6.7,詹尼弗
460,西班牙,6.7,异魔禁区
461,德国,6.7,群魔乱舞
462,韩国,6.7,鬼镜
463,美国,6.7,活死人之夜
464,美国,6.7,独自夜归的女孩
465,美国,6.7,马桶妖怪2
466,美国,6.7,养鬼吃人3
467,美国,6.7,山路惊魂
468,美国,6.7,活跳尸2
469,香港,6.7,捉鬼合家欢
470,印度,6.7,超级大玩家
471,美国,6.7,糖果人
472,美国,6.7,恶魔咆哮
473,香港,6.7,鬼掹脚
474,美国,6.7,重生记
475,香港,6.7,二月三十
476,美国,6.7,蝙蝠侠大战德古拉
477,香港,6.7,火烛鬼
478,香港,6.7,夺舍
479,加拿大,6.7,下意识的残忍
480,美国,6.7,圣痕
481,德国,6.7,解剖
482,香港,6.7,鬼话连篇
483,美国,6.7,黑湖妖谭
484,意大利,6.7,黑暗
485,美国,6.6,生化危机：终章
486,法国,6.6,卢浮魅影
487,美国,6.6,隔山有眼
488,香港,6.6,Office有鬼
489,西班牙,6.6,妈妈
490,韩国,6.6,女高怪谈3：狐狸阶梯
491,美国,6.6,人皮客栈2
492,香港,6.6,救命
493,西班牙,6.6,死亡录像2
494,美国,6.6,趣味游戏美国版
495,香港,6.6,李碧华鬼魅系列：奇幻夜
496,日本,6.6,午夜凶铃2：贞子缠身
497,韩国,6.6,人形师
498,香港,6.6,李碧华鬼魅系列：迷离夜
499,日本,6.6,鬼来电2
500,日本,6.6,午夜凶铃3：贞相大白
501,美国,6.6,童军手册之僵尸启示录
502,美国,6.6,梦醒之前
503,香港,6.6,阴阳路
504,法国,6.6,狼族盟约
505,加拿大,6.6,墓地邂逅
506,美国,6.6,灵动：鬼影实录3
507,韩国,6.6,鬼铃
508,日本,6.6,赌博默示录2
509,香港,6.6,异灵灵异2002
510,加拿大,6.6,附身
511,美国,6.6,鬼娃回魂2
512,香港,6.6,生化寿尸
513,英国,6.6,神秘群岛
514,泰国,6.6,变鬼
515,香港,6.6,鬼新娘
516,香港,6.6,鬼打鬼之黄金道士
517,美国,6.6,千尸屋2
518,韩国,6.6,客人
519,日本,6.6,鬼女魔咒
520,法国,6.6,边域之城
521,香港,6.6,鬼干部
505,加拿大,6.6,墓地邂逅
506,美国,6.6,灵动：鬼影实录3
507,韩国,6.6,鬼铃
508,日本,6.6,赌博默示录2
509,香港,6.6,异灵灵异2002
510,加拿大,6.6,附身
511,美国,6.6,鬼娃回魂2
512,香港,6.6,生化寿尸
513,英国,6.6,神秘群岛
514,泰国,6.6,变鬼
515,香港,6.6,鬼新娘
516,香港,6.6,鬼打鬼之黄金道士
517,美国,6.6,千尸屋2
518,韩国,6.6,客人
519,日本,6.6,鬼女魔咒
520,法国,6.6,边域之城
521,香港,6.6,鬼干部
522,英国,6.6,莱姆豪斯的杀人魔
523,美国,6.6,危机四伏
524,香港,6.6,灵幻至尊
525,日本,6.6,逃离魔窟
526,日本,6.6,邻人13号
527,日本,6.6,Z岛
528,美国,6.6,猛鬼街7
529,美国,6.6,吸血鬼
530,英国,6.6,洞
531,香港,6.6,猛鬼佛跳墙
532,香港,6.6,小生怕怕
533,日本,6.6,以藏
534,日本,6.6,妖怪人贝姆
535,美国,6.6,豹人
536,美国,6.6,零号嫌疑犯
537,加拿大,6.6,异形终结
538,中国,6.6,神秘的大佛
539,香港,6.6,等着你回来
540,香港,6.6,种鬼
541,香港,6.6,香港奇案之吸血贵利王
542,美国,6.6,隔山有眼
543,美国,6.6,行尸走肉
544,日本,6.6,消极的快乐，电锯的边缘
545,英国,6.6,勾魂谷
546,泰国,6.6,变鬼2
547,德国,6.6,僵尸之夜
548,香港,6.6,夜惊魂
549,美国,6.6,虫小姐
550,美国,6.6,巢穴
551,日本,6.6,鸡皮疙瘩剧场版2
552,日本,6.6,恶梦侦探2
553,美国,6.6,天师斗僵尸
554,英国,6.6,杀人如麻
555,加拿大,6.6,我听见……
556,美国,6.5,异星觉醒
557,美国,6.5,死神来了5
558,美国,6.5,关灯后
559,美国,6.5,灵动：鬼影实录
560,日本,6.5,要听神明的话
561,美国,6.5,别惹小孩
562,美国,6.5,26种死法
563,美国,6.5,活死人之地
564,美国,6.5,险恶
565,日本,6.5,拜访者Q
566,美国,6.5,鬼玩人
567,日本,6.5,生化危机：复仇
568,美国,6.5,13骇人游戏
569,台湾,6.5,报告老师！怪怪怪怪物！
570,美国,6.5,解除好友
571,台湾,6.5,红衣小女孩2
572,英国,6.5,狗舍
573,法国,6.5,身在其中
574,美国,6.5,惊叫大电影
575,香港,6.5,阴阳路2：我在你左右
576,香港,6.5,恐怖热线之大头怪婴
577,法国,6.5,橡皮轮胎杀手
578,韩国,6.5,阿娘
579,美国,6.5,高个夜魔
580,日本,6.5,东瀛鬼咒
581,美国,6.5,驱魔人前传
582,美国,6.5,瘦到死
583,香港,6.5,猛鬼学堂
584,美国,6.5,猛鬼屋
585,香港,6.5,回转寿尸
586,英国,6.5,闪灵战士
587,美国,6.5,猛鬼街4：梦幻主宰
588,香港,6.5,热血青年
589,泰国,6.5,鬼妻
590,韩国,6.5,506哨所
591,泰国,6.5,Oh！我的幽灵鬼
592,美国,6.5,女人
593,美国,6.5,98惊魂记
594,美国,6.5,外星追缉令
595,香港,6.5,霹雳大喇叭
596,英国,6.5,农家小屋
597,香港,6.5,山狗
598,俄罗斯,6.5,刀的哲学
599,法国,6.5,日烦夜烦
600,墨西哥,6.5,魔鬼银爪
601,美国,6.5,孽迷宫
602,日本,6.5,妖怪大战争
603,美国,6.5,养鬼吃人4
604,美国,6.5,养鬼吃人5
605,香港,6.5,猛鬼撞鬼
606,日本,6.5,长梦
607,波兰,6.5,萨满教的迷恋
608,日本,6.5,呼喊
609,美国,6.5,脚下
610,日本,6.5,洗礼
611,美国,6.5,天魔回魂
612,香港,6.5,凌晨晚餐
613,美国,6.5,魔女嘉莉
614,日本,6.5,僵尸小姐
615,新加坡,6.5,女佣
616,印度,6.5,13号楼B座
617,美国,6.4,寂静之地
618,美国,6.4,电梯里的恶魔
619,美国,6.4,堕入地狱
620,香港,6.4,陀地驱魔人
621,美国,6.4,致命弯道
622,美国,6.4,安娜贝尔2：诞生
623,美国,6.4,它在身后
624,美国,6.4,女巫布莱尔
625,美国,6.4,恐怖废墟
626,韩国,6.4,女高怪谈4：声音
627,香港,6.4,见鬼十法
628,中国大陆,6.4,怪物
629,美国,6.4,致命弯道2
630,美国,6.4,惊声尖叫2
631,美国,6.4,新丧尸出笼
632,美国,6.4,异种
633,泰国,6.4,连体阴
634,香港,6.4,鬼域
635,美国,6.4,鬼哭神嚎
636,韩国,6.4,女高怪谈2：交换日记
637,美国,6.4,探访惊魂
638,美国,6.4,十三猛鬼
639,香港,6.4,画皮之阴阳法王
640,德国,6.4,我们是夜晚
641,澳大利亚,6.4,僵尸来袭
642,美国,6.4,月光光心慌慌
643,美国,6.4,鬼影人
644,美国,6.4,庇护所
645,美国,6.4,安全邻域
646,英国,6.4,阴影之下
647,美国,6.4,大骚乱
648,香港,6.4,阴阳路3：升棺发财
649,美国,6.4,毛骨悚然
650,美国,6.4,变种DNA
651,美国,6.4,失真的画
652,奥地利,6.4,晚安妈咪
653,美国,6.4,盗墓人
654,澳大利亚,6.4,夺命之爱
655,西班牙,6.4,脆弱
656,美国,6.4,鬼讯号2：灵异透视
657,美国,6.4,死亡空间：余波
658,日本,6.4,恶梦侦探
659,美国,6.4,猛鬼街5：猛鬼怪胎
660,台湾,6.4,人蛇大战
661,香港,6.4,一屋哨牙鬼
662,韩国,6.4,塑料树
663,美国,6.4,学生闹翻天
664,香港,6.4,杀人者唐斩
665,韩国,6.4,幽灵鬼屋
666,香港,6.4,魔
667,美国,6.4,骑弹飞行
668,香港,6.4,追鬼七雄
669,瑞典,6.4,性女暴力日记
670,香港,6.4,表哥到
671,美国,6.4,疯院人魔
672,香港,6.4,人皮灯笼
673,美国,6.4,灵异骇客
674,美国,6.4,壁橱里的怪物
675,西班牙,6.4,蛞蝓之灾
676,法国,6.4,夜齿
677,加拿大,6.4,变种女狼
678,美国,6.4,夜雾杀机
679,日本,6.4,另一个天空
680,美国,6.4,天魔续集
681,香港,6.4,鬼眼
682,美国,6.4,猛鬼舔人
683,德国,6.3,生化危机4：战神再生
684,美国,6.3,死神来了4
685,美国,6.3,吸血鬼猎人林肯
686,韩国,6.3,笔仙
687,韩国,6.3,考死：血之期中考试
688,法国,6.3,不要回头
689,美国,6.3,隔山有眼2
690,美国,6.3,无人生还
691,美国,6.3,三十极夜
675,西班牙,6.4,蛞蝓之灾
676,法国,6.4,夜齿
677,加拿大,6.4,变种女狼
678,美国,6.4,夜雾杀机
679,日本,6.4,另一个天空
680,美国,6.4,天魔续集
681,香港,6.4,鬼眼
682,美国,6.4,猛鬼舔人
683,德国,6.3,生化危机4：战神再生
684,美国,6.3,死神来了4
685,美国,6.3,吸血鬼猎人林肯
686,韩国,6.3,笔仙
687,韩国,6.3,考死：血之期中考试
688,法国,6.3,不要回头
689,美国,6.3,隔山有眼2
690,美国,6.3,无人生还
691,美国,6.3,三十极夜
692,美国,6.3,咒怨2(美版)
693,美国,6.3,午夜凶铃(美版)
694,澳大利亚,6.3,鬼书
695,西班牙,6.3,酒吧
696,泰国,6.3,恶魔的艺术
697,美国,6.3,生存游戏
698,美国,6.3,致命录像带
699,韩国,6.3,突然有一天之D-day
700,韩国,6.3,突然有一天之第四层
701,美国,6.3,隔离区
702,美国,6.3,千尸屋
703,美国,6.3,捕梦网
704,美国,6.3,魔鬼末日
705,美国,6.3,最后约翰死了
706,美国,6.3,下一个就是你
707,日本,6.3,自杀俱乐部
708,美国,6.3,惊心食人族2
709,美国,6.3,13号星期五
710,英国,6.3,孤独的死亡之所
711,罗马尼亚,6.3,鬼娃孽种
712,美国,6.3,鬼水怪谈
713,香港,6.3,幽灵人间II:鬼味人间
714,英国,6.3,断头气
715,美国,6.3,重创
716,美国,6.3,离奇剧院
717,德国,6.3,呆呆精灵
718,美国,6.3,恐怖母亲节
719,香港,6.3,魔胎
720,日本,6.3,怪谈
721,美国,6.3,证据
722,美国,6.3,母亲的双眼
723,日本,6.3,死魂曲
724,香港,6.3,僵尸大时代
725,日本,6.3,吸血少女大战再生萝莉
726,加拿大,6.3,澎堤池
727,香港,6.3,猛鬼通宵陪住你
728,香港,6.3,谁是鬼?
729,香港,6.3,捉鬼大师
730,日本,6.3,铁男2：血肉横飞
731,西班牙,6.3,玻璃笼
732,英国,6.3,沉默
733,香港,6.3,黑心鬼
734,美国,6.3,垃圾街
735,香港,6.3,猛鬼入侵黑社会
736,香港,6.3,着牛仔裤的钟馗
737,加拿大,6.3,吃人爸妈
738,加拿大,6.3,狂犬病
739,香港,6.3,唔该借歪
740,美国,6.3,异常睡眠
741,中国大陆,6.3,雾宅
742,美国,6.3,人鬼双胞胎
743,美国,6.3,梅根失踪
744,新加坡 Singapore,6.3,鬼也笑
745,香港,6.3,麻衣传奇
746,韩国,6.2,昆池岩
747,英国,6.2,皮囊之下
748,美国,6.2,午夜食人列车
749,美国,6.2,我知道你去年夏天干了什么
750,日本,6.2,鬼来电3
751,美国,6.2,杰罗德游戏
752,美国,6.2,惊声尖叫3
753,韩国,6.2,灰姑娘
754,韩国,6.2,公寓
755,美国,6.2,九死
756,香港,6.2,头七
757,美国,6.2,咒怨(美版)
758,德国,6.2,困惑的浪漫2
759,美国,6.2,佛莱迪大战杰森
760,泰国,6.2,鬼三惊
761,香港,6.2,见鬼2
762,香港,6.2,妄想
763,美国,6.2,异度见鬼
764,美国,6.2,最后一次驱魔
765,美国,6.2,鬼影
766,韩国,6.2,突然有一天之2月29日
767,美国,6.2,兽餐
768,泰国,6.2,怨鬼之家
769,美国,6.2,病院惊魂
770,英国,6.2,黑死病
771,美国,6.2,爱之女巫
772,香港,6.2,阴阳路5：一见发财
773,意大利,6.2,人食人实录
774,香港,6.2,南洋十大邪术
775,美国,6.2,致命报应
776,韩国,6.2,大提琴
777,美国,6.2,凶兆
778,美国,6.2,克莉丝堤：杀人网站
779,美国,6.2,恐惧幻影
780,美国,6.2,恐怖杀人医院
781,美国,6.2,26种新死法
782,加拿大,6.2,鬼讯号
783,美国,6.2,异形魔怪2
784,日本,6.2,鬼影实录：东京之夜
785,香港,6.2,千年女妖
786,美国,6.2,鬼入侵
787,美国,6.2,猛鬼街6
788,香港,6.2,哗鬼旅行团
789,泰國,6.2,Ghost Game之生还者
790,美国,6.2,食人鱼
791,香港,6.2,凶猫
792,美国,6.2,战栗汪洋
793,美国,6.2,鬼恋
794,英国,6.2,无情
795,香港,6.2,卫斯理之老猫
796,英国,6.2,恐惧
797,香港,6.2,夜半一点钟
798,美国,6.2,快乐丧尸
799,日本,6.2,壁男
800,美国,6.2,吸血鬼之吻
801,美国,6.2,活死鸡的攻击
802,香港,6.2,尸妖
803,韩国,6.2,洋槐
804,香港,6.2,7号差馆
805,美国,6.2,德州电锯杀人狂2
806,英国,6.2,宇宙天魔
807,西班牙,6.2,遗落之地
808,西班牙,6.2,活跳尸3
809,韩国,6.2,南极日记
810,美国,6.2,魔女游戏
811,澳大利亚,6.2,风暴来临
812,香港,6.2,魔高一丈
813,美国,6.2,月光光心慌慌2
814,美国,6.2,活死人归来2
815,新加坡,6.2,吓到笑
816,美国,6.2,带我上路
817,美国,6.2,十三号星期五：终结篇
818,美国,6.2,养鬼吃人6：死亡代码
819,美国,6.2,狂犬惊魂
820,美国,6.2,病毒
821,美国,6.2,月光光心慌慌7
822,澳大利亚,6.2,蒙哥湖
823,美国,6.2,燃烧的夜晚
824,美国,6.2,舐血夜魔
825,香港,6.2,血玫瑰
826,韩国,6.1,粉红色高跟鞋
827,美国,6.1,针孔旅馆
828,美国,6.1,我唾弃你的坟墓2
829,美国,6.1,杀出狂人镇
830,美国,6.1,惊声尖叫4
831,韩国,6.1,猫：看见死亡的双眼
832,中国大陆,6.1,青魇
833,西德,6.1,困惑的浪漫
834,美国,6.1,维克多·弗兰肯斯坦
835,韩国,6.1,女高怪谈1：死亡教室
836,美国,6.1,魔窟
837,澳大利亚,6.1,吸血鬼女王
838,美国,6.1,无声夜
839,美国,6.1,死亡占卜2：恶灵始源
840,美国,6.1,鬼使神差
841,英国,6.1,美国怪谈
842,日本,6.1,稀人
843,香港,6.1,原振侠与卫斯理
844,泰国,6.1,凶间疑影
845,法国,6.1,死色
846,美国,6.1,变蝇人2
847,日本,6.1,蛇少女
848,Tanzania,6.1,活鬼胎
849,美国,6.1,魔界妖姬
850,香港,6.1,羔羊医生
851,香港,6.1,猛鬼霸王花
852,英国,6.1,碧庐冤孽
853,日本,6.1,咯咯咯的鬼太郎：千年咒歌
854,香港,6.1,撞邪先生
855,加拿大,6.1,摇滚吸血鬼
856,香港,6.1,降头
857,韩国,6.1,黑色之家
858,美国,6.1,鬼追人4
859,香港,6.1,五个吓鬼的少年
860,美国,6.1,十三号星期五6
861,香港,6.1,小生梦惊魂
862,意大利,6.1,最后的食人族世界
846,美国,6.1,变蝇人2
847,日本,6.1,蛇少女
848,Tanzania,6.1,活鬼胎
849,美国,6.1,魔界妖姬
850,香港,6.1,羔羊医生
851,香港,6.1,猛鬼霸王花
852,英国,6.1,碧庐冤孽
853,日本,6.1,咯咯咯的鬼太郎：千年咒歌
854,香港,6.1,撞邪先生
855,加拿大,6.1,摇滚吸血鬼
856,香港,6.1,降头
857,韩国,6.1,黑色之家
858,美国,6.1,鬼追人4
859,香港,6.1,五个吓鬼的少年
860,美国,6.1,十三号星期五6
861,香港,6.1,小生梦惊魂
862,意大利,6.1,最后的食人族世界
863,美国,6.1,养鬼吃人7：死魂灵
864,美国,6.1,噩梦缠身
865,德国,6.1,奥托，与僵尸同行
866,加拿大,6.1,绝命人口436
867,美国,6.1,海克尔的传说
868,泰国,6.1,致命倒计时
869,美国,6.1,驱魔人前传
870,德国,6.0,韩赛尔与格蕾特：女巫猎人
871,美国,6.0,我唾弃你的坟墓
872,韩国,6.0,假发
873,美国,6.0,潜伏3
874,美国,6.0,新猛鬼街
875,美国,6.0,来电惊魂
876,香港,6.0,失眠
877,美国,6.0,灵偶契约
878,英国,6.0,毁灭战士
879,美国,6.0,非礼勿视
880,日本,6.0,室友
881,美国,6.0,阿波罗18号
882,美国,6.0,一路向南
883,美国,6.0,新天师斗僵尸
884,美国,6.0,刺
885,香港,6.0,幽灵人间
886,德国,6.0,好友请求
887,美国,6.0,车库惊魂
888,韩国,6.0,白色：诅咒的旋律
889,美国,6.0,再生侠
890,香港,6.0,降头
891,香港,6.0,阴阳路6：凶周刊
892,美国,6.0,猛鬼街2
893,英国,6.0,鬼娃回魂3
894,加拿大,6.0,美国玛丽
895,英国,6.0,黑森灵
896,挪威,6.0,雪山惊魂2
897,韩国,6.0,不明影像：绝对点击禁止
898,韩国,6.0,失踪
899,香港,6.0,炭烧凶咒
900,美国,6.0,夺命回声
901,日本,6.0,箱中女
902,美国,6.0,死亡约定
903,挪威,6.0,追击巨怪
904,美国,6.0,致命禁闭
905,美国,6.0,兽餐2
906,美国,6.0,外太空计划9
907,法国,6.0,破坏欲
908,西班牙,6.0,灵蚀
909,韩国,6.0,凶相
910,美国,6.0,折磨
911,美国,6.0,失魂记忆
912,英国,6.0,海岸大捕怪
913,美国,6.0,十三号星期五2
914,美国,6.0,1922
915,泰国,6.0,我的鬼学长
916,美国,6.0,够僵行动
917,美国,6.0,低语
918,美国,6.0,十三号星期五3
919,美国,6.0,深层恐惧
920,美国,6.0,阴风鬼影
921,美国,6.0,魔鬼牙医
922,美国,6.0,凶屋梦魇
923,美国,6.0,十三号星期五7
924,美国,6.0,下课
925,香港,6.0,勾魂降头
926,日本,5.9,豚鼠系列之5：下水道的美人鱼
927,加拿大,5.9,撕裂人
928,美国,5.9,驱魔者
929,英国,5.9,九人禁闭室
930,美国,5.9,致命弯道3
931,香港,5.9,错爱
932,美国,5.9,灵动：鬼影实录2
933,韩国,5.9,抽象画中的越南少女
934,美国,5.9,潜伏4：锁命亡灵
935,美国,5.9,异种2
936,美国,5.9,我仍然知道你去年夏天干了什么
937,美国,5.9,街尾之宅
938,美国,5.9,黑暗天际
939,美国,5.9,尸骨无存
940,泰国,5.9,这个高中没有鬼
941,西班牙,5.9,爱宠
942,美国,5.9,八脚怪
943,美国,5.9,绿色房间
944,美国,5.9,隔离区2：终点站
945,比利时,5.9,一个人和他的猪
946,美国,5.9,最后一班
947,美国,5.9,黑夜造访
948,韩国,5.9,红眼
949,德国,5.9,恶灵空间
950,法国,5.9,群斗
951,日本,5.9,女虐
952,日本,5.9,食女
953,香港,5.9,甩皮鬼
954,美国,5.9,新万圣节
955,美国,5.9,怪物大乱斗
956,美国,5.9,死神有约：死后的生活
957,荷兰,5.9,杀人电梯
958,爱尔兰,5.9,运河迷踪
959,美国,5.9,德古拉2000
960,日本,5.9,买鬼回家
961,美国,5.9,戴夫造了个迷宫
962,美国,5.9,恶灵空间2
963,泰国,5.9,死亡信件
964,香港,5.9,夜半无人尸语时
965,美国,5.9,白色杀机2
966,美国,5.9,吸血家族汉密尔顿
967,美国,5.9,信号
968,美国,5.9,吸血鬼公司
969,澳大利亚,5.9,漫长假期
970,香港,5.9,捉鬼有限公司
971,美国,5.9,万鳄巨兽
972,美国,5.9,2001个疯子
973,美国,5.9,面具之后
974,美国,5.9,十三号星期五8
975,美国,5.9,血之魔术师
976,美国,5.9,奥提斯
977,美国,5.8,食人鱼3D
978,中国大陆,5.8,深海寻人
979,美国,5.8,魔女嘉莉
980,美国,5.8,阴齿
981,英国,5.8,黑衣女人
982,西班牙,5.8,死亡录像3：创世纪
983,美国,5.8,死魂盒
984,挪威,5.8,死亡之雪
985,美国,5.8,神秘感染
986,韩国,5.8,解剖学教室
987,美国,5.8,惊心食人族
988,韩国,5.8,恐怖故事2
989,芬兰,5.8,黑暗楼层
990,英国,5.8,真心话大冒险
991,日本,5.8,恐怖爆发
992,英国,5.8,地铁惊魂
993,日本,5.8,东京残酷警察
994,美国,5.8,我的血腥情人节
995,澳大利亚,5.8,狼溪
996,日本,5.8,午夜凶铃：凶铃再现
997,美国,5.8,死亡日记
998,泰国,5.8,变鬼3.2
999,泰国,5.8,人肉米粉
1000,香港,5.8,猛鬼爱情故事
1001,美国,5.8,午夜凶铃2(美版)
1002,加拿大,5.8,女孩闺房
1003,韩国,5.8,寄生灵
1004,中国大陆,5.8,救我
1005,美国,5.8,荒岛惊魂
1006,加拿大,5.8,虚空异界
1007,美国,5.8,史前巨鳄
1008,香港,5.8,阴阳路4：与鬼同行
1009,美国,5.8,惹鬼回路
1010,美国,5.8,克朗普斯
1011,美国,5.8,饥饿难耐
1012,泰国,5.8,幽魂学怨
1013,美国,5.8,绿色地狱
1014,美国,5.8,恐怖海湾
1015,香港,5.8,猛鬼食人胎
1016,美国,5.8,致命邻居
1017,美国,5.8,诡魔童
1018,美国,5.8,杰森在太空
1019,美国,5.8,许愿
1020,中国大陆,5.8,鬼话怪谈·祥云寺
1021,美国,5.8,阿提克斯研究所
1022,美国,5.8,兽餐3
1023,法国,5.8,进化岛
1024,美国,5.8,恐怖流浪公园
1025,香港,5.8,僵尸医生
1026,美国,5.8,红色之山
1027,爱尔兰,5.8,我不是连环杀手
1028,美国,5.8,从地心窜出4
1029,美国,5.8,情人劫
1030,香港,5.8,枕边凶灵
1031,美国,5.8,天蛾人的预言
1032,香港,5.8,生人勿近之问米
1033,美国,5.8,死亡之舞
1017,美国,5.8,诡魔童
1018,美国,5.8,杰森在太空
1019,美国,5.8,许愿
1020,中国大陆,5.8,鬼话怪谈·祥云寺
1021,美国,5.8,阿提克斯研究所
1022,美国,5.8,兽餐3
1023,法国,5.8,进化岛
1024,美国,5.8,恐怖流浪公园
1025,香港,5.8,僵尸医生
1026,美国,5.8,红色之山
1027,爱尔兰,5.8,我不是连环杀手
1028,美国,5.8,从地心窜出4
1029,美国,5.8,情人劫
1030,香港,5.8,枕边凶灵
1031,美国,5.8,天蛾人的预言
1032,香港,5.8,生人勿近之问米
1033,美国,5.8,死亡之舞
1034,新西兰,5.8,死亡高潮
1035,日本,5.8,涉谷怪谈2
1036,西班牙,5.8,僵尸归来
1037,英国,5.8,前哨
1038,泰国,5.8,11-12-13至死不渝
1039,泰国,5.8,骇人手机
1040,加拿大,5.8,神殿
1041,香港,5.8,毋亡我
1042,加拿大,5.8,恐惧岛
1043,日本,5.8,最后的晚餐
1044,香港,5.8,虐之恋
1045,日本,5.8,箱中女2
1046,香港,5.8,有鬼住在隔壁
1047,香港,5.8,广州杀人王之人皮日记
1048,德国,5.7,生化危机5：惩罚
1049,香港,5.7,千机变
1050,香港,5.7,古镜怪谈
1051,日本,5.7,咒怨：白老妇
1052,澳大利亚,5.7,逃亡鳄鱼岛
1053,美国,5.7,黑色星期五
1054,台湾,5.7,红衣小女孩
1055,香港,5.7,咒乐园
1056,新西兰,5.7,疯羊
1057,英国,5.7,杀戮指令
1058,美国,5.7,鬼来电
1059,韩国,5.7,传说中的故乡
1060,美国,5.7,鬼屋大电影
1061,美国,5.7,切除
1062,美国,5.7,恶魔
1063,美国,5.7,魔屋
1064,日本,5.7,异常
1065,美国,5.7,太平间闹鬼事件2：佐治亚鬼屋事件
1066,美国,5.7,丛林噩梦
1067,英国,5.7,伊恩·斯通之死
1068,泰国,5.7,卡到阴
1069,泰国,5.7,灵虐
1070,荷兰,5.7,弗兰肯斯坦的军队
1071,日本,5.7,遗失物
1072,加拿大,5.7,墓地邂逅2
1073,韩国,5.7,突然有一天之黑暗森林
1074,日本,5.7,富江
1075,美国,5.7,心中的恶魔
1076,泰国,5.7,香颂鬼屋
1077,韩国,5.7,恶魔在身后
1078,美国,5.7,杀人狂魔
1079,澳大利亚,5.7,诊所惊魂
1080,泰国,5.7,幽长周末
1081,泰国,5.7,泳队惊魂
1082,香港,5.7,天地雄心
1083,美国,5.7,致命录像带3：病毒
1084,英国,5.7,泄密的心
1085,印尼,5.7,杀手们
1086,美国,5.7,地狱：亡灵栖所
1087,美国,5.7,小丑
1088,爱尔兰,5.7,醒木
1089,日本,5.7,涉谷怪谈
1090,香港,5.7,七月又十四之信不信由你
1091,泰国,5.7,我想你
1092,美国,5.7,由内而外
1093,美国,5.7,死亡之舞
1094,英国,5.7,恐怖的爸妈
1095,美国,5.7,送葬人
1096,香港,5.7,监狱不设防
1097,美国,5.7,恐怖异形入侵
1098,美国,5.7,从地心窜出3
1099,法国,5.7,野兽
1100,美国,5.7,变种DNA 2
1101,英国,5.7,别挂电话
1102,美国,5.7,午夜电影
1103,美国,5.7,死亡女孩
1104,美国,5.7,千疮百孔
1105,美国,5.7,嗜血狂魔
1106,美国,5.7,病毒抗体
1107,美国,5.7,下一个就是你2
1108,美国,5.7,狙击杀手
1109,日本,5.7,水灵
1110,美国,5.7,圣餐
1111,美国,5.7,鹿女
1112,香港,5.7,死亡写真
1113,美国,5.7,坏女孩
1114,美国,5.7,犯罪精英
1115,香港,5.7,僵尸翻生
1116,美国,5.7,杀人命盘
1117,日本,5.7,富江最终章
1118,新西兰,5.7,纹身师
1119,香港,5.7,夜半3点钟
1120,意大利,5.7,食人族
1121,日本,5.7,都市传说的诅咒 东京篇
1122,美国,5.7,从此刻到日出
1123,法国,5.7,恐怖系统
1124,香港,5.7,勾魂恶梦
1125,美国,5.7,呼救无门
1126,英国,5.6,人体蜈蚣2
1127,美国,5.6,安娜贝尔
1128,英国,5.6,狼人
1129,日本,5.6,算计：七天的死亡游戏
1130,美国,5.6,异教徒
1131,美国,5.6,透明人2
1132,日本,5.6,东京食尸鬼 真人版
1133,美国,5.6,切尔诺贝利日记
1134,香港,5.6,山村老尸2：色之恶鬼
1135,美国,5.6,格蕾丝
1136,泰国,5.6,婴尸
1137,泰国,5.6,疯魔美女
1138,美国,5.6,驱魔警探
1139,韩国,5.6,四人餐桌
1140,泰国,5.6,变鬼3.1
1141,美国,5.6,神秘洞穴
1142,美国,5.6,杰莎贝尔
1143,美国,5.6,囚禁
1144,美国,5.6,外壳
1145,美国,5.6,险恶2
1146,韩国,5.6,占卜师们
1147,美国,5.6,尸体解剖
1148,日本,5.6,漩涡
1149,美国,5.6,开棺
1150,泰国,5.6,送死
1151,日本,5.6,富江
1152,美国,5.6,恐怖假日
1153,英国,5.6,杀戮名单
1154,澳大利亚,5.6,隧道
1155,美国,5.6,致命玩笑2
1156,日本,5.6,死亡拼图
1157,韩国,5.6,孤立者
1158,美国,5.6,寂静的房子
1159,香港,5.6,重生
1160,泰国,5.6,九寺赎魂
1161,英国,5.6,圣魇
1162,日本,5.6,不安的种子
1163,意大利,5.6,死亡照相术
1164,澳大利亚,5.6,黑水
1165,美国,5.6,重返猛鬼屋
1166,英国,5.6,尸地余生
1167,美国,5.6,外星人入侵
1168,韩国,5.6,爱丽丝：从仙境来的少年
1169,香港,5.6,钟馗嫁妹
1170,美国,5.6,血战沙漠
1171,澳大利亚,5.6,涤罪天使
1172,美国,5.6,男孩
1173,美国,5.6,恶灵空间3
1174,美国,5.6,天赐
1175,美国,5.6,养鬼吃人8：地狱世界
1176,美国,5.6,疗养院
1177,香港,5.6,猛鬼屠房
1178,英国,5.6,迷夜惨遇
1179,西班牙,5.6,黑暗缪斯
1180,美国,5.6,十三号星期五9
1181,日本,5.6,至死不渝的爱
1182,美国,5.6,巧克力噩梦
1183,法国,5.5,寂静岭2
1184,美国,5.5,傲慢与偏见与僵尸
1185,中国大陆,5.5,心中有鬼
1186,香港,5.5,盂兰神功
1187,美国,5.5,德州电锯杀人狂3D
1188,香港,5.5,校墓处
1189,美国,5.5,婴灵恶泣
1190,美国,5.5,姐妹联谊会惊魂
1191,日本,5.5,咒怨：终结的开始
1192,美国,5.5,鬼镜2
1193,俄罗斯,5.5,超能游戏者
1194,西班牙,5.5,灭绝
1195,美国,5.5,神秘感染：第二阶段
1196,美国,5.5,丧家之女
1197,美国,5.5,长牙
1198,美国,5.5,黑夜勿怕
1199,美国,5.5,残虐你，娱乐我
1200,美国,5.5,鬼雾
1201,泰国,5.5,惨死
1202,香港,5.5,阴阳路7：撞到正
1203,香港,5.5,油鬼子
1187,美国,5.5,德州电锯杀人狂3D
1188,香港,5.5,校墓处
1189,美国,5.5,婴灵恶泣
1190,美国,5.5,姐妹联谊会惊魂
1191,日本,5.5,咒怨：终结的开始
1192,美国,5.5,鬼镜2
1193,俄罗斯,5.5,超能游戏者
1194,西班牙,5.5,灭绝
1195,美国,5.5,神秘感染：第二阶段
1196,美国,5.5,丧家之女
1197,美国,5.5,长牙
1198,美国,5.5,黑夜勿怕
1199,美国,5.5,残虐你，娱乐我
1200,美国,5.5,鬼雾
1201,泰国,5.5,惨死
1202,香港,5.5,阴阳路7：撞到正
1203,香港,5.5,油鬼子
1204,日本,5.5,富江 冤有头
1205,美国,5.5,入侵者
1206,美国,5.5,致命围困
1207,美国,5.5,诅咒
1208,中国大陆,5.5,末世人间道
1209,英国,5.5,折磨
1210,美国,5.5,悲剧女孩
1211,加拿大,5.5,女劫
1212,美国,5.5,疗养怨
1213,日本,5.5,案山子
1214,美国,5.5,毁灭僵尸
1215,美国,5.5,僵尸小屁孩
1216,美国,5.5,神秘的地洞
1217,西班牙,5.5,阴宅瓦德马尔
1218,美国,5.5,危险行为
1219,香港,5.5,兽性新人类
1220,美国,5.5,黑色圣诞节
1221,美国,5.5,勿忘我
1222,美国,5.5,恐怖愚人节
1223,泰国,5.5,见鬼惊魂旅
1224,美国,5.5,血染黄沙
1225,香港,5.5,鬼迷心窍
1226,英国,5.5,孩子
1227,美国,5.5,美国杀人魔2
1228,美国,5.5,下一个就是你3
1229,日本,5.5,恐怖桃源
1230,泰国,5.5,鬼银幕
1231,美国,5.5,世界大战争
1232,美国,5.5,捕鼠者
1233,美国,5.4,詹妮弗的肉体
1234,美国,5.4,人皮客栈3
1235,韩国,5.4,考死2：教学实习
1236,泰国,5.4,棺木
1237,美国,5.4,消失在第七街
1238,中国大陆,5.4,临终囧事
1239,西班牙,5.4,死亡录像4：启示录
1240,美国,5.4,咒怨3(美版)
1241,美国,5.4,异种 3
1242,美国,5.4,恐怖极限游戏
1243,美国,5.4,复仇之角
1244,美国,5.4,诚聘保姆
1245,美国,5.4,起死回生
1246,美国,5.4,人皮脸
1247,英国,5.4,魔鬼游乐场
1248,美国,5.4,狮口惊魂
1249,美国,5.4,鬼娃的诅咒
1250,英国,5.4,逃亡僵尸岛
1251,加拿大,5.4,荒野
1252,加拿大,5.4,圣诞节恐怖故事
1253,美国,5.4,恶灵入侵
1254,泰国,5.4,旧情不散
1255,美国,5.4,血战墓碑镇
1256,美国,5.4,万圣节传说
1257,美国,5.4,白日末路
1258,美国,5.4,截稿日期
1259,美国,5.4,灵异医院
1260,美国,5.4,蝙蝠
1261,日本,5.4,富江3：重生
1262,泰国,5.4,承诺
1263,美国,5.4,坟墓舞者
1264,美国,5.4,疯狂的米罗
1265,美国,5.4,异形终结2：狩猎
1266,泰国,5.4,死在那年夏天
1267,美国,5.4,幻象
1268,日本,5.4,天呐我的丧尸！
1269,英国,5.4,前哨2：黑太阳
1270,美国,5.4,搭车遇狼惊魂记
1271,美国,5.4,女妖
1272,香港,5.4,一眉道姑
1273,英国,5.4,非请勿进
1274,英国,5.4,掠杀者
1275,英国,5.4,疯狗
1276,香港,5.4,新羔羊医生
1277,荷兰 Netherlands,5.4,丧尸禁区
1278,美国,5.4,边陲
1279,香港,5.4,奇缘
1280,美国,5.4,女巫布莱尔2：影子之书
1281,Canada,5.4,食人之饥
1282,美国,5.4,祭祀
1283,美国,5.4,断魂小丑
1284,美国,5.3,致命弯道4：血腥起源
1285,香港,5.3,救僵清道夫
1286,美国,5.3,僵尸脱衣舞娘
1287,美国,5.3,魔界契约
1288,美国,5.3,我唾弃你的坟墓3：复仇在我
1289,加拿大,5.3,鬼债
1290,美国,5.3,鬼驱人
1291,美国,5.3,我的僵尸女友
1292,美国,5.3,恐怖列车
1293,美国,5.3,疯狂父母
1294,美国,5.3,尸骨无存2
1295,韩国,5.3,少女怪谈
1296,爱尔兰,5.3,死神蘑菇
1297,美国,5.3,活埋前女友
1298,英国,5.3,入侵隐私
1299,美国,5.3,杀人房间
1300,泰国,5.3,9路冥婚
1301,美国,5.3,死不瞑目
1302,日本,5.3,寒蝉鸣泣之时
1303,日本,5.3,1303大厦
1304,日本,5.3,真实魔鬼游戏
1305,美国,5.4,鬼屋大电影2
1306,美国,5.3,火星幽灵
1307,日本,5.3,豚鼠系列之6：圣母机器人
1308,香港,5.3,香港第一凶宅
1309,印度,5.3,亡界之门
1310,美国,5.3,恐惧有限公司
1311,韩国,5.3,不信地狱
1312,美国,5.3,末世孤行
1313,加拿大,5.3,飞蛾日记
1314,美国,5.3,吾辈本如斯
1315,美国,5.3,恶灵之夜
1316,台湾,5.3,凶魅
1317,美国,5.3,小恶魔
1318,美国,5.3,科学怪鱼
1319,香港,5.3,女集中营
1320,美国,5.3,逆转
1321,美国,5.3,雾人前传
1322,美国,5.3,鬼使神差2
1323,日本,5.3,还我拇指
1324,香港,5.3,失惊无神
1325,英国,5.3,停滞
1326,香港,5.3,恶男事件
1327,意大利,5.3,牙鬼
1328,美国,5.3,尖叫屋大屠杀
1329,美国,5.3,信徒
1330,日本,5.2,咒怨：黑少女
1331,美国,5.2,变异编年史
1332,美国,5.2,灵动：鬼影实录4
1333,香港,5.2,天师斗僵尸
1334,美国,5.2,死亡占卜
1335,美国,5.2,死亡航班
1336,日本,5.2,恐怖兔子
1337,澳大利亚,5.2,原始恐惧
1338,美国,5.2,复仇之溪
1339,英国,5.2,别敲两次门
1340,中国,5.2,诅咒
1341,美国,5.2,尸骨无存3：零号病人
1342,香港,5.2,人头豆腐汤
1343,丹麦,5.2,代课老师不是人
1344,美国,5.2,鬼影实录：诅咒
1345,美国,5.2,邪恶之屋
1346,日本,5.2,POV 被诅咒的胶片
1347,新加坡,5.2,还魂
1348,美国,5.2,近道抄出命
1349,美国,5.2,爱你至死不渝
1350,德国,5.2,城市探险者
1351,美国,5.2,丧尸出笼2：病毒
1352,英国,5.2,特种部队的崛起
1353,香港,5.2,猛鬼山坟
1354,法国,5.2,撒旦
1355,美国,5.2,寄生异种
1356,日本,5.2,怪奇！地狱小僧
1357,美国,5.2,食人鱼2：繁殖
1358,荷兰,5.1,人体蜈蚣
1359,中国大陆,5.1,古宅心慌慌
1360,台湾,5.1,绝命派对
1361,日本,5.1,裂口女
1362,中国大陆,5.1,疑神疑鬼
1363,美国,5.1,丧尸围城：瞭望塔
1364,日本,5.1,少女椿
1365,香港,5.1,恶胎
1366,中国大陆,5.1,猫脸老太太
1367,美国,5.1,我一直知道你去年夏天干了什么
1368,美国,5.1,绝命休息站
1369,泰国,5.1,鬼三惊2
1370,美国,5.1,鬼影实录5：鬼次元
1371,美国,5.1,针孔旅社2：前传
1372,以色列,5.1,地狱之门：耶路撒冷
1373,日本,5.1,零
1374,美国,5.1,恐怖休息站2：别回头
1358,荷兰,5.1,人体蜈蚣
1359,中国大陆,5.1,古宅心慌慌
1360,台湾,5.1,绝命派对
1361,日本,5.1,裂口女
1362,中国大陆,5.1,疑神疑鬼
1363,美国,5.1,丧尸围城：瞭望塔
1364,日本,5.1,少女椿
1365,香港,5.1,恶胎
1366,中国大陆,5.1,猫脸老太太
1367,美国,5.1,我一直知道你去年夏天干了什么
1368,美国,5.1,绝命休息站
1369,泰国,5.1,鬼三惊2
1370,美国,5.1,鬼影实录5：鬼次元
1371,美国,5.1,针孔旅社2：前传
1372,以色列,5.1,地狱之门：耶路撒冷
1373,日本,5.1,零
1374,美国,5.1,恐怖休息站2：别回头
1375,台湾,5.1,绝魂印
1376,日本,5.1,极道大战争
1377,美国,5.1,害虫横行
1378,澳大利亚,5.1,猎杀活死人
1379,美国,5.1,新万圣节2
1380,韩国,5.1,校园鬼
1381,日本,5.1,藏尸楼
1382,韩国,5.1,苌山虎
1383,美国,5.1,吸血鬼大电影
1384,新西兰,5.1,完美生物
1385,美国,5.1,26种死法2.5：M号档案
1386,日本,5.1,半身死灵
1387,泰国,5.1,凶地
1388,新加坡,5.1,幽灵樟宜
1389,德国,5.1,百日孤独
1390,日本,5.1,匹诺曹964号
1391,美国,5.1,邪恶幼灵
1392,日本,5.1,美女器官
1393,印度,5.1,色欲情仇
1394,韩国,5.1,彼岸岛
1395,西班牙,5.1,阴宅瓦德马尔2
1396,日本,5.1,闹鬼校园
1397,美国,5.1,我们依然在这
1398,澳大利亚,5.1,杀戮场
1399,美国,5.1,地下墓穴
1400,日本,5.1,裂口女0：开端
1401,美国,5.0,星河战队2：联邦英雄
1402,香港,5.0,最后的吸血鬼
1403,日本,5.0,火星异种
1404,日本,5.0,机关枪少女
1405,中国大陆,5.0,七夜
1406,美国,5.0,异种4
1407,加拿大,5.0,高空飞行
1408,美国,5.0,一百英尺
1409,日本,5.0,豚鼠系列之4：恶魔女医生
1410,美国,5.0,温彻斯特
1411,加拿大,5.0,斯坦·海尔辛
1412,香港,5.0,制服诱惑2：地下法庭
1413,美国,5.0,异形魔怪5：血脉
1414,挪威,5.0,雪山惊魂3
1415,美国,5.0,下一个就是你
1416,美国,5.0,我的吸血鬼老板
1417,美国,5.0,新女儿
1418,日本,5.0,人狼游戏：疯狂的狐狸
1419,美国,5.0,死水
1420,西班牙,5.0,天外魔蛛
1421,香港,5.0,生化特警之丧尸任务
1422,美国,5.0,鬼哭神嚎：觉醒
1423,加拿大,5.0,屠宰呕吐娃娃
1424,美国,5.0,最后一日
1425,香港,5.0,阴阳路8：棺材仔
1426,美国,5.0,以牙还牙以眼还眼
1427,美国/南非,5.0,繁殖
1428,香港,5.0,鬼请你睇戏
1429,香港,5.0,双子
1430,美国,4.9,陌生人
1431,美国,4.9,夺命金字塔
1432,美国,4.9,吸血鬼学院
1433,美国,4.9,夜之亡灵
1434,美国,4.9,生长
1435,日本,4.9,传染歌
1436,美国,4.9,猛鬼生日宴
1437,澳大利亚,4.9,公路列车
1438,美国,4.9,爱神
1439,英国,4.9,嚎叫
1440,中国大陆,4.9,魔都凶音
1441,英国,4.9,芦苇地
1442,日本,4.9,赤色密室
1443,英国,4.9,欲仙欲死
1444,美国,4.9,恐怖面纱
1445,美国,4.9,梵蒂冈录像带
1446,德国,4.9,换皮
1447,美国,4.9,连锁信
1448,法国,4.9,沙漠迷城
1449,美国,4.9,蜂螫
1450,中国大陆,4.8,京城81号
1451,美国,4.8,致命弯道5：血族
1452,智利,4.8,敲敲门
1453,日本,4.8,死亡笔记：点亮新世界
1454,韩国,4.8,瑜伽学院
1455,日本,4.8,咒怨：完结篇
1456,美国,4.8,死人岛
1457,香港,4.8,午夜43路
1458,加拿大 Canada,4.8,变蚊人
1459,英国,4.8,黑衣女人2：死亡天使
1460,泰国,4.8,端岛计划
1461,香港,4.8,吓死你
1462,泰国,4.8,监控录像
1463,美国,4.8,拉拉队员都死了
1464,俄罗斯,4.8,超能游戏者2
1465,开曼群岛,4.8,51区
1466,美国,4.8,血之猎手
1467,澳大利亚,4.8,死亡繁殖
1468,美国,4.8,莫丽·哈特莉的驱魔
1469,美国,4.8,绞刑架
1470,土耳其,4.8,巴斯金
1471,美国,4.8,航时凶间
1472,美国,4.8,死寂亡灵
1473,美国,4.8,猎杀禁区
1474,台湾,4.8,赶尸艳谈
1475,芬兰,4.8,被诅咒的手
1476,美国,4.8,暗魔怨
1477,法国,4.8,突变异种
1478,中国大陆,4.7,笔仙
1479,美国,4.7,致命弯道6：终极审判
1480,中国大陆,4.7,天黑请闭眼
1481,美国,4.7,护士3D
1482,美国,4.7,自杀森林
1483,日本,4.7,7500航班
1484,美国,4.7,午夜凶铃3(美版)
1485,美国,4.7,短柄斧
1486,美国,4.7,三十极夜2：黑暗的日子
1487,美国,4.7,灯红酒绿杀人夜
1488,美国,4.7,黑暗来临
1489,美国,4.7,最后一次驱魔2
1490,美国,4.7,布莱尔女巫
1491,美国,4.7,短柄斧2
1492,香港,4.7,魕
1493,美国,4.7,短柄斧3
1494,美国,4.7,幻影
1495,美国,4.7,死亡阴影
1496,日本,4.7,死亡寿司
1497,美国,4.7,慢性折磨呕吐室
1498,美国,4.7,如影随形
1499,美国,4.7,吸血家族汤普森
1500,法国,4.7,狼人镇
1501,俄罗斯,4.7,新娘
1502,美国,4.7,丧尸围城：终结篇
1503,意大利,4.7,第三个妈妈
1504,日本,4.7,国王游戏
1505,美国,4.7,活死人归来4
1506,美国,4.7,漆黑如夜
1507,韩国,4.7,恐怖故事3：火星来的少女
1508,美国,4.7,失忆症
1509,香港,4.7,色降
1510,墨西哥,4.7,末世肉体
1511,挪威,4.7,荒野恶林
1512,香港,4.6,童眼
1513,泰国,4.6,407航班
1514,美国,4.6,取款机杀人夜
1515,美国,4.6,吸血莱恩
1516,香港,4.6,有只僵尸暗恋你
1517,美国,4.6,终极囚禁
1518,美国,4.6,鬼娃回魂7
1519,加拿大,4.6,异虫咒
1520,美国,4.6,华氏247
1521,美国,4.6,病毒
1522,美国,4.6,新天师斗僵尸2
1523,美国,4.6,死亡湖
1524,日本,4.6,东京超恐怖传说
1525,泰国,4.6,鬼屋
1526,日本,4.6,死亡视频网页
1527,美国,4.6,变种DNA 3：哨兵
1528,日本,4.6,处女器官
1529,日本,4.5,贞子大战伽椰子
1530,香港,4.5,森冤
1531,美国,4.5,夺命来电
1532,香港,4.5,山村老尸 3 恶灵缠身
1533,美国,4.5,新尸骨无存
1534,韩国,4.5,提线木偶
1535,中国大陆,4.5,道士出山
1536,美国,4.5,恐怖神棍节
1537,日本,4.5,黑百合小区
1538,日本,4.5,丧尸的屁股
1539,日本,4.5,窥视之眸
1540,加拿大,4.5,13号怪异岛
1541,加拿大,4.5,剥皮行者
1542,日本,4.5,战栗迷宫3D
1543,美国,4.5,恶魔预产期
1544,日本,4.5,童使
1528,日本,4.6,处女器官
1529,日本,4.5,贞子大战伽椰子
1530,香港,4.5,森冤
1531,美国,4.5,夺命来电
1532,香港,4.5,山村老尸 3 恶灵缠身
1533,美国,4.5,新尸骨无存
1534,韩国,4.5,提线木偶
1535,中国大陆,4.5,道士出山
1536,美国,4.5,恐怖神棍节
1537,日本,4.5,黑百合小区
1538,日本,4.5,丧尸的屁股
1539,日本,4.5,窥视之眸
1540,加拿大,4.5,13号怪异岛
1541,加拿大,4.5,剥皮行者
1542,日本,4.5,战栗迷宫3D
1543,美国,4.5,恶魔预产期
1544,日本,4.5,童使
1545,美国,4.5,养鬼吃人10：审判
1546,日本,4.5,欲女反乱军
1547,香港,4.5,僵尸秘籍
1548,美国,4.5,短柄斧4
1549,日本,4.5,人椅
1550,中国大陆,4.4,绣花鞋
1551,美国,4.4,食人鱼3DD
1552,日本,4.4,无限富江
1553,日本,4.4,奴隶区：我和我的23个奴隶
1554,美国,4.4,安息
1555,美国,4.4,三十一
1556,日本,4.4,富江 vs 富江
1557,美国,4.4,它是活尸
1558,美国,4.4,乌龙骑士团
1559,英国,4.4,招魂
1560,美国,4.4,灵异牧场
1561,中国大陆,4.3,妖铃铃
1562,美国,4.3,鲨鱼惊魂夜
1563,中国大陆,4.3,育婴室
1564,日本,4.3,尸体派对
1565,泰国,4.3,白血公主
1566,法国,4.3,猎人游戏
1567,美国,4.3,51区
1568,美国,4.3,史前巨鳄2
1569,加拿大,4.3,跳跃剪接
1570,美国,4.3,杀戮游戏
1571,美国,4.3,安娜华特的离奇命运
1572,美国,4.3,屠杀公园
1573,英国,4.2,女同志吸血鬼杀手
1574,中国大陆,4.2,通灵之六世古宅
1575,日本,4.2,贞子3D 续集
1576,美国,4.2,惊心食人族3
1577,美国,4.2,鬼店另有主
1578,美国,4.2,水底惊魂
1579,日本,4.2,哥特洛丽塔处刑人
1580,日本,4.2,外道姬
1581,香港,4.1,尸城
1582,泰国,4.1,尸油 3D
1583,美国,4.1,非礼勿视2
1584,韩国,4.1,深入阴宅
1585,香港,4.1,今晚打丧尸
1586,日本,4.1,剧场灵
1587,英国,4.1,牛头人
1588,韩国,4.0,龙之战
1589,美国,4.0,人体蜈蚣3
1590,日本,4.0,巨乳娘战僵尸
1591,印度,4.0,欲蛇
1592,中国大陆,4.0,古镇凶灵之巫咒缠身
1593,美国,4.0,天魔异种
1594,美国,4.0,邪恶
1595,日本,4.0,血欲
1596,英国,4.0,24号储藏室
1597,美国,4.0,七月
1598,南非,4.0,不许向上看
1599,美国,4.0,斯通的活死人之战
1600,美国,4.0,黑色大丽花
1601,英国,4.0,僵尸日记2
1602,中国大陆,3.9,荒村客栈
1603,中国大陆,3.9,少女灵异日记
1604,日本,3.9,御姐玫瑰
1605,中国大陆,3.9,笔仙大战贞子
1606,法国,3.9,普罗旺斯惊魂记
1607,美国,3.9,僵尸海狸
1608,美国,3.9,僵尸启示录：救赎
1609,美国,3.9,幸存者
1610,美国,3.9,沙子怪物
1611,中国大陆,3.9,怨灵2
1612,美国,3.9,北海巨妖
1613,美国,3.9,杀出僵尸镇
1614,美国,3.9,黑暗
1615,美国,3.9,鲨卷风2
1616,美国,3.9,冥界
1617,中国大陆,3.8,怨灵
1618,美国,3.8,丧尸出笼：血脉
1619,泰国,3.8,灰姑娘
1620,美国,3.8,鲨卷风3
1621,德国,3.8,死亡之屋
1622,日本,3.8,青鬼
1623,中国大陆,3.7,凶间雪山
1624,中国大陆,3.7,夜惊魂
1625,美国,3.7,入侵脑细胞2
1626,美国,3.7,鲨卷风
1627,美国,3.7,吸血莱恩3：第三帝国
1628,美国,3.7,深海狂鲨2
1629,美国,3.7,养鬼吃人9：启示录
1630,美国,3.7,尖叫的女妖
1631,日本,3.7,时尚地狱
1632,美国,3.7,鬼庙
1633,日本,3.6,贞子3D
1634,中国大陆,3.6,午夜出租车
1635,中国大陆,3.6,花咒
1636,美国,3.6,林肯大战僵尸
1637,中国大陆,3.6,妖医
1638,日本,3.6,色欲之死
1639,韩国,3.6,鬼影敲门
1640,中国大陆,3.6,恶灵之门
1641,美国,3.6,鬼精灵：起源
1642,台湾,3.5,Z-108弃城
1643,加拿大,3.5,孤胆义侠
1644,香港,3.5,僵尸新战士
1645,美国,3.5,史前巨鳄3
1646,中国大陆,3.5,恐怖将映
1647,香港,3.5,鬼名模
1648,中国大陆,3.4,笔仙惊魂
1649,中国大陆,3.4,午夜微博
1650,中国大陆,3.4,午夜凶梦
1651,中国大陆,3.4,异种
1652,美国,3.4,海豹突击队大战僵尸
1653,印度尼西亚,3.4,邪恶护士2
1654,中国大陆,3.3,午夜心跳
1655,香港,3.3,等着你回来
1656,中国大陆,3.3,三更车库
1657,中国大陆,3.3,地下室惊魂
1658,香港,3.3,新僵尸先生2
1659,中国大陆,3.3,禁忌游戏之迷藏
1660,中国大陆,3.2,孤岛惊魂
1661,中国大陆,3.2,诡替身
1662,中国大陆,3.2,笔仙惊魂3
1663,加拿大,3.2,迷失太空
1664,中国大陆,3.2,诡新娘
1665,美国,3.2,1303大厦
1666,美国,3.2,女孩们的周末
1667,中国大陆,3.1,校花诡异事件
1668,美国,3.1,章鲨
1669,中国大陆,3.1,熊出没注意
1670,美国,3.0,七个以下
1671,意大利,3.0,僵尸大屠杀
1672,美国,3.0,超级食人鱼
1673,香港,3.0,吉祥酒店
1674,中国大陆,2.9,灵臆事件
1675,中国大陆,2.9,聊斋新编之画皮新娘
1676,美国,2.9,巨蟒大战恐鳄
1677,日本,2.8,东京异种
1678,中国大陆,2.8,怨灵人偶
1679,中国大陆,2.8,笔仙魔咒
1680,中国大陆,2.8,幽灵医院
1681,中国大陆,2.8,夜半凶铃
1682,美国,2.8,白雪公主：一个致命的夏天
1683,美国,2.8,夺命三头鲨
1684,美国,2.8,万能钥匙2：野兽的667号邻居
1685,中国大陆,2.7,孤岛惊魂2
1686,中国大陆,2.7,恐怖旅馆
1687,中国大陆,2.7,恐怖爱情故事之死亡公路
1688,中国大陆,2.7,七月半2：前世今生
1689,中国大陆,2.6,半夜叫你别回头
1690,中国大陆,2.6,诡八楼
1691,中国大陆,2.6,无间罪：僵尸重生
1692,中国大陆,2.6,狂蟒惊魂
1693,中国大陆,2.6,通灵姐妹
1694,中国大陆,2.5,致命请柬
1695,中国大陆,2.5,筷仙
1696,中国大陆,2.5,蝙蝠别墅
1697,中国大陆,2.5,死亡笔记
1698,中国大陆,2.5,碟仙之毕业照
1699,中国大陆,2.5,食人岛
1700,中国大陆,2.5,夜半哭声
1701,中国大陆,2.4,笔仙撞碟仙
1702,中国大陆,2.4,床下有人3
1703,中国大陆,2.4,惊魂绣花鞋
1704,中国大陆,2.4,水落石出
1705,中国大陆,2.4,诡娃
1706,中国大陆,2.3,B区32号
